"ID","Diagnosis.Month","Diagnosis.Year","Latitude","Longitude","Presence","Brightness","Greenness","Rainfall","RH","Temperature","Wetness"
6,12,2020,-0.399032,38.366116,1,32983.2887158647,435.705614016986,682.626205921173,62.4723752869828,25.3303048674092,-5989.35129368539
11,7,2020,-0.399032,38.366116,1,32985.7999531265,437.088590739801,682.626205921173,62.4723752869828,25.3303048674092,-5990.93171076348
12,7,2020,-0.15899,38.198982,1,31560.5960667614,-481.644193966651,738.760548658021,61.2715103318539,26.4467263706395,-5246.75075684964
13,7,2020,-0.501401,38.442778,1,32440.535883086,1290.990231951,689.525821202954,63.408516586309,25.2215495576841,-5439.87126520209
14,7,2020,-0.399032,38.366116,1,32983.2598094837,435.225445724783,682.626205921173,62.4723752869828,25.3303048674092,-5988.65147687441
230,8,2020,-0.494594,38.138855,1,32097.5020798096,206.654511059977,939.659954661503,64.5271969619024,24.078432677917,-5851.9280122717
241,8,2020,-0.31772,38.359368,1,32924.3828062226,-160.562725419455,677.366808652878,61.4375743140024,25.6978721417148,-6180.14657712006
247,1,2020,-1.315489,38.521848,1,31089.9018987218,2464.40121782989,840.03848300477,65.9065401947574,25.2577028264114,-3879.11819326015
248,8,2020,-0.700357,38.310715,1,32608.864674941,1224.08740653483,757.01085197982,66.6743549694761,24.3602616780877,-5704.88984378844
249,7,2020,-0.279872,38.211053,1,33504.172860686,-751.252308400769,627.355926955119,63.3424362767217,25.7250059930353,-5968.00272254628
250,8,2020,-0.364371,38.375806,1,32269.1901118097,634.135191377322,682.626205921173,62.4723752869828,25.3303048674092,-5618.5479260185
251,8,2020,-0.494594,38.138855,1,32101.6257927861,207.214618305123,939.659954661504,64.5271969619024,24.078432677917,-5853.37499532831
252,7,2020,-0.279872,38.211053,1,33494.9668616925,-749.000002325484,627.355926955119,63.3424362767217,25.7250059930353,-5973.45410568773
255,6,2020,-0.364371,38.375806,1,32271.0365838504,634.34352714878,682.626205921173,62.4723752869828,25.3303048674092,-5618.72172894115
257,6,2020,-0.501553,38.443823,1,32595.5871875119,1255.6602689499,690.775829068351,63.3531852322026,25.2466843431491,-5505.31773018203
258,7,2020,-0.399032,38.366116,1,32982.780248286,436.714263638963,682.626205921173,62.4723752869828,25.3303048674092,-5990.92174511977
264,7,2020,-0.399032,38.366116,1,32982.5329428894,436.985085462028,682.626205921173,62.4723752869828,25.3303048674092,-5991.36309509062
265,7,2020,-0.399032,38.366116,1,32983.367951572,436.650180304485,682.626205921173,62.4723752869828,25.3303048674092,-5990.72295957026
266,6,2020,-0.279872,38.211053,1,33506.6358201778,-750.028499063494,627.355926955119,63.3424362767217,25.7250059930353,-5968.25683398191
276,7,2020,-0.399032,38.366116,1,32985.6515334721,436.566973389981,682.626205921173,62.4723752869828,25.3303048674092,-5990.19429634712
277,11,2020,-0.399032,38.366116,1,32984.903320215,435.785226788567,682.626205921173,62.4723752869828,25.3303048674092,-5989.18150532221
279,11,2020,-1.34033,38.613805,1,30575.8360783844,2344.0580451742,703.984537678338,65.1294239073504,25.7472021113328,-3714.74685459716
280,8,2020,-0.648565,38.40593,1,32471.5943818272,279.04368185328,672.077472210223,65.0340770653861,24.8201328217359,-5258.84775831747
281,11,2020,-0.399032,38.366116,1,32986.9441859408,435.074405369901,682.626205921173,62.4723752869828,25.3303048674092,-5987.77799880536
282,7,2020,-0.399032,38.366116,1,32983.5359027576,436.03539927447,682.626205921173,62.4723752869828,25.3303048674092,-5989.79131934439
290,10,2020,-0.399032,38.366116,1,32983.3201474479,436.053038146954,682.626205921173,62.4723752869828,25.3303048674092,-5989.85556055039
294,12,2020,-0.399032,38.366116,1,32987.4932905105,434.834408970122,682.626205921173,62.4723752869828,25.3303048674092,-5987.32926756426
296,7,2020,-0.4558,38.465963,1,31193.4004065681,1001.50509689548,733.43354639411,62.1451504373595,25.7954454550543,-4971.76599580414
297,7,2020,-0.31772,38.359368,1,32925.9592499201,-160.499515678381,677.366808652878,61.4375743140024,25.6978721417148,-6180.67124995987
299,7,2020,-0.620734,38.471123,1,32455.7694655067,467.466845125214,685.579388394021,63.1420025974572,25.4978051253356,-5807.23640794025
301,5,2020,-0.501401,38.442778,1,32434.517357994,1292.37223450374,689.529494246729,63.408516586309,25.2215495576841,-5436.83968589934
302,7,2020,-0.42839,38.127144,1,33061.8419181034,-680.333482144437,831.004957347177,63.5950253007484,25.3500700299206,-5823.47436898182
303,7,2020,-0.644254,38.4128,1,32568.6129087506,797.347288259969,657.2588312426,64.6370228478222,24.9414282527701,-5080.10231125355
304,7,2020,-0.364371,38.375806,1,32269.6230247847,634.172454987394,682.626205921173,62.4723752869828,25.3303048674092,-5618.6601783417
305,7,2020,-0.607904,38.191243,1,32407.0671935656,1699.97491401987,918.485072560376,65.9304777110336,23.7401707279226,-5095.57744265066
306,7,2020,-1.525018,38.527075,1,30355.3927318894,900.809277368511,773.169503963785,65.4168438354565,25.4627224732835,-4686.50853336607
307,6,2020,-0.644254,38.4128,1,32567.8245301121,797.920243974834,657.200500713123,64.6358854757165,24.9417757066787,-5079.64039406655
308,6,2020,-0.399032,38.366116,1,32983.1590847446,436.26223663497,682.626205921173,62.4723752869828,25.3303048674092,-5990.19114761455
309,6,2020,-0.364371,38.375806,1,32278.8512700131,635.274913737167,682.626205921173,62.4723752869828,25.3303048674092,-5619.17469451042
310,7,2020,-0.501401,38.442778,1,32434.2872640563,1292.51376868836,689.52983272654,63.408516586309,25.2215495576841,-5436.65348782277
373,11,2020,2.274397,35.425993,1,30701.8635601366,1931.43101738857,606.799725964665,63.8092721946891,26.3994177875623,-3359.07067159032
374,11,2020,1.516667,34.866667,1,30629.2161161595,427.003791363315,1907.60921180248,63.4449429125142,21.6280770508536,-4449.67396997734
375,11,2020,2.379205,36.036325,1,40363.3365725838,-2941.83973283444,317.242024454867,60.3384508805817,27.8465471118309,-7408.57122377779
376,7,2020,2.27427,35.431647,1,33299.3479383951,541.119092377581,606.799725964665,63.8092721946891,26.3994177875623,-5073.11517682478
378,7,2020,2.27427,35.431647,1,33284.0949398566,546.167664029305,606.799725964665,63.8092721946892,26.3994177875623,-5064.76138931937
379,3,2020,2.27427,35.431647,1,33296.8906150912,540.722583089776,606.799725964665,63.8092721946892,26.3994177875623,-5072.43200964239
380,2,2020,2.274397,35.425993,1,30703.1590273491,1929.38999861396,606.799725964665,63.8092721946891,26.3994177875623,-3360.13664969417
381,2,2020,1.516667,34.866667,1,30629.7195833067,425.710907505491,1907.60921180248,63.4449429125142,21.6280770508536,-4451.5116711221
382,2,2020,2.274397,35.425993,1,30707.6507415108,1926.15278971058,606.799725964665,63.8092721946892,26.3994177875623,-3363.23619480786
383,2,2020,2.133727,35.495993,1,35476.1511019372,-909.274876534007,570.865170355886,65.2403757533312,25.8538642153714,-6616.24730511995
390,7,2020,2.27427,35.431647,1,33317.3387417805,528.233831281307,606.799725964665,63.8092721946892,26.3994177875623,-5086.75961999685
396,6,2020,-0.364371,38.375806,1,32271.659799124,634.428828277769,682.626205921173,62.4723752869828,25.3303048674092,-5618.65700383982
398,7,2020,-0.501401,38.442778,1,32420.7220964901,1284.29235506839,689.512810718341,63.408516586309,25.2215495576841,-5438.81489630205
399,6,2020,-0.399032,38.366116,1,32987.9159332652,434.047015389338,682.626205921173,62.4723752869828,25.3303048674092,-5986.10040415733
400,7,2020,-0.399032,38.366116,1,32982.8507534762,437.716086720188,682.626205921173,62.4723752869828,25.3303048674092,-5992.37786414403
401,8,2020,-0.651697,38.348507,1,31384.4413191311,1291.84055260495,694.963776718846,66.0697959114467,24.5270485881761,-4538.56252866129
402,8,2020,-0.402259,38.379799,1,34009.7553192794,411.90407231573,680.557498706152,62.4723752869828,25.3303048674092,-5914.89423278862
403,11,2020,-0.22814,38.206606,1,32930.9525056281,-914.856532972498,689.612582696602,61.2715103318539,26.4467263706395,-6333.87749113347
409,11,2020,-0.271943,38.359308,1,32095.2381234123,503.360039330646,719.945138812065,61.4375743140024,25.6978721417148,-5713.64643753571
410,11,2020,-0.405702,38.221701,1,32919.0063343939,228.213100996075,565.543363359141,64.7325993172362,25.0433818219573,-6529.06987734837
411,7,2020,-0.271943,38.359308,1,32099.9100233826,502.44799171899,719.945138812065,61.4375743140024,25.6978721417148,-5713.3527684887
414,6,2020,-0.279872,38.211053,1,33497.4443546604,-749.794758708719,627.355926955119,63.3424362767217,25.7250059930353,-5971.80270535145
415,6,2020,-0.279872,38.211053,1,33493.1716400357,-748.385524168813,627.355926955119,63.3424362767217,25.7250059930353,-5974.69056051921
416,3,2020,-0.13214,38.295398,1,32649.4090234979,-638.038020806811,833.023450292647,58.7825218447669,27.2855388599667,-6267.50370922506
422,7,2020,-1.525018,38.527075,1,30356.8673629387,901.117535268434,773.169503963785,65.4168438354565,25.4627224732835,-4694.51184473063
423,7,2020,-0.399032,38.366116,1,32982.5004138747,437.8352050464,682.626205921173,62.4723752869828,25.3303048674092,-5992.61519666757
424,6,2020,-0.364371,38.375806,1,32275.2780012132,634.839102258999,682.626205921173,62.4723752869828,25.3303048674092,-5619.07048703491
425,6,2020,-0.399032,38.366116,1,32985.7495831482,437.267775823844,682.626205921173,62.4723752869828,25.3303048674092,-5991.20300189842
426,6,2020,-0.364371,38.375806,1,32278.2904125624,635.208813051208,682.626205921173,62.4723752869828,25.3303048674092,-5619.05057698598
427,6,2020,-0.519739,38.583808,1,31567.3833053009,1.18127801371943,704.805493949447,61.5952522734131,26.1342772888573,-5719.49341775959
431,10,2020,-0.399032,38.366116,1,32985.3055577901,436.559353879984,682.626205921173,62.4723752869828,25.3303048674092,-5990.24470363359
432,2,2020,-0.399032,38.366116,1,32985.2436195945,436.088240043752,682.626205921173,62.4723752869828,25.3303048674092,-5989.56533849938
433,2,2020,-0.399032,38.366116,1,32985.3533303072,437.591074448937,682.626205921173,62.4723752869828,25.3303048674092,-5991.74698803246
434,6,2020,-0.399032,38.366116,1,32982.0633722343,436.74821207488,682.626205921173,62.4723752869828,25.3303048674092,-5991.09946489272
435,6,2020,-0.364371,38.375806,1,32274.3901138572,634.74267313977,682.626205921173,62.4723752869828,25.3303048674092,-5618.91186367353
436,2,2020,-0.364371,38.375806,1,32277.2374184826,635.078013295395,682.626205921173,62.4723752869828,25.3303048674092,-5619.15691690502
437,5,2020,-0.399032,38.366116,1,32982.4500699253,437.686518563382,682.626205921173,62.4723752869828,25.3303048674092,-5992.40630976506
473,12,2020,-0.76091,38.436644,1,32257.7206161108,1013.32500600354,692.07702705753,65.0613987141031,24.7891442700162,-5206.99720048354
474,7,2020,-0.052728,38.074358,1,32997.7080156462,-129.307974594413,1098.1113686663,60.9621095714403,26.0849518804406,-6289.93202218798
475,11,2020,-1.103676,38.358804,1,31843.2684510338,2298.40504126908,932.067729722359,65.5060109351307,24.9318008846707,-3844.19111273949
476,11,2020,-0.271944,38.158915,1,33109.5731275738,-495.034563733382,665.934059148654,63.3424362767217,25.7250059930353,-6679.04421737415
477,7,2020,-0.399032,38.366116,1,32981.722742289,437.386344202045,682.626205921173,62.4723752869828,25.3303048674092,-5992.09645812913
481,7,2020,-1.315489,38.521848,1,31084.6652565561,2463.48301033551,840.03848300477,65.9065401947574,25.2577028264114,-3878.47341203454
482,7,2020,-0.77853,38.094087,1,31260.0150071866,1398.10094205078,965.79471650587,66.7056533187226,23.5801994733689,-4576.61966369705
485,7,2020,-0.399032,38.366116,1,32983.6379838299,437.899115976539,682.626205921173,62.4723752869828,25.3303048674092,-5992.50495607866
486,8,2020,-0.978658,38.34752,1,34038.862677142,1626.68862816914,894.567029057587,65.7110181088323,24.4529142777085,-5592.98538200733
487,7,2020,-1.315489,38.521848,1,31086.0957252026,2465.65912568875,840.03848300477,65.9065401947574,25.2577028264114,-3874.50651362638
488,11,2020,-0.501401,38.442778,1,32438.665854413,1289.9864088922,689.523766188207,63.408516586309,25.2215495576841,-5440.06840525671
489,7,2020,-0.271944,38.158915,1,33108.7042848593,-495.531020932052,665.934059148654,63.3424362767217,25.7250059930353,-6678.66062423572
490,12,2020,-0.501401,38.442778,1,32439.3367248735,1292.71376085345,689.529782201275,63.408516586309,25.2215495576841,-5438.11592318773
491,11,2020,-0.300155,38.02942,1,31193.7962459238,958.00095363318,1078.92947773579,62.5215886986922,25.4739553878868,-5079.11686541595
492,6,2020,-1.315489,38.521848,1,31084.6834236346,2462.54585841806,840.03848300477,65.9065401947574,25.2577028264114,-3880.52567780865
493,6,2020,-0.488698,38.253768,1,31586.6485083332,380.04368003473,765.834141632206,64.6141046377305,24.7316272860668,-6198.54504508932
494,6,2020,-0.85717,38.613665,1,29792.0831050559,1342.26702277328,740.258314494856,64.1334590413895,25.7625613257121,-4441.01471705642
495,6,2020,-0.399032,38.366116,1,32984.9803173756,435.555447265441,682.626205921173,62.4723752869828,25.3303048674092,-5988.83086386912
496,8,2020,-0.399032,38.366116,1,32985.1357775902,436.451196816738,682.626205921173,62.4723752869828,25.3303048674092,-5990.11644236911
497,6,2020,-0.607904,38.191243,1,32410.62236316,1698.44660669028,918.485072560376,65.9304777110336,23.7401707279226,-5097.67815380238
614,11,2020,-0.22814,38.206606,1,32936.7103225666,-918.419402552851,689.612582696602,61.2715103318539,26.4467263706395,-6336.18885767866
615,12,2020,-0.31772,38.359368,1,32924.4980791038,-160.919250356814,677.366808652878,61.4375743140024,25.6978721417148,-6180.88800042182
616,12,2020,-1.34033,38.613805,1,30573.0647547242,2343.16492463507,703.984537678338,65.1294239073504,25.7472021113328,-3715.05999878643
617,12,2020,-1.173573,37.794391,1,28275.7753827779,-339.15288748668,961.823602074757,70.7122773032296,21.8922447670136,-4373.8989347134
618,12,2020,-1.34033,38.613805,1,30560.9140146066,2344.94917316532,703.984537678338,65.1294239073504,25.7472021113328,-3711.18151809337
619,11,2020,-0.399032,38.366116,1,32983.6277256187,435.677709105985,682.626205921173,62.4723752869828,25.3303048674092,-5989.25015447633
620,11,2020,-1.315489,38.521848,1,31083.9229452466,2465.23176747005,840.03848300477,65.9065401947574,25.2577028264114,-3874.32664446629
621,12,2020,-0.399032,38.366116,1,32984.5249053447,434.969497698095,682.626205921173,62.4723752869828,25.3303048674092,-5988.05174916177
642,12,2020,-0.648565,38.40593,1,32470.3037508443,282.712830006342,671.740453276647,65.0292966744763,24.821593175386,-5257.63146905839
644,11,2020,-0.399032,38.366116,1,32985.9698734522,435.074738412208,682.626205921173,62.4723752869828,25.3303048674092,-5987.95066791822
645,11,2020,-1.315489,38.521848,1,31077.9781518186,2464.04439955449,840.03848300477,65.9065401947574,25.2577028264114,-3873.86365289989
646,12,2020,-0.532748,38.199485,1,33049.6166073468,588.44010198223,973.42033777121,65.1593610522802,24.3620258053361,-6182.42912319028
647,12,2020,-0.271944,38.158915,1,33110.1113049227,-495.511119756729,665.934059148654,63.3424362767217,25.7250059930353,-6680.35958059535
648,12,2020,-0.399032,38.366116,1,32987.3122347634,434.827325831633,682.626205921173,62.4723752869828,25.3303048674092,-5987.35082823022
649,12,2020,-0.638477,38.465509,1,32568.0984363555,678.601509472354,685.57938839402,63.1420025974572,25.4978051253356,-5467.58721197874
650,11,2020,-0.399032,38.366116,1,32985.0727902698,435.128325675246,682.626205921173,62.4723752869828,25.3303048674092,-5988.18792090894
651,11,2020,-0.399032,38.366116,1,32983.2797738166,437.429054745173,682.626205921173,62.4723752869828,25.3303048674092,-5991.88046282428
698,11,2020,-0.153262,38.201615,1,31051.663107806,-396.530040484096,746.607815380619,60.3558967454916,26.6282457235993,-4857.70774847981
699,11,2020,-0.994936,38.473758,1,31522.5793341748,906.787717142235,812.568265571527,64.8649692101862,25.6483943091499,-5066.38581909444
727,10,2020,-0.938973,38.060388,1,31424.0680930028,184.754118618837,877.752932213247,67.2754331607762,23.4417532839194,-5264.73332121922
728,12,2020,-0.994936,38.473758,1,31528.4079934225,908.317725054242,812.228474440172,64.8649692101862,25.6483943091499,-5066.85215105935
830,10,2020,1.706845,36.587795,1,27367.1449638925,-1792.4650030736,468.650376404403,58.8894284651573,25.3350736142074,-3348.39519616848
831,11,2020,4.517828,35.420658,1,30179.3552744985,-2654.61515744009,401.194023967735,56.5077002890169,28.3376880089876,-3530.14126345789
832,10,2020,2.144745,36.134171,1,30550.8898087719,-2668.10576439658,324.389767369884,57.3080286369647,28.5793352204677,-3891.95823928598
833,9,2020,2.144392,36.1371,1,30161.3100587558,-2209.63369234953,324.4596351415,57.3018369223397,28.5743318557044,-3610.81312197843
834,11,2020,3.121573,35.554842,1,37826.3361742337,-2791.78643253373,274.443024678621,56.4556534850059,28.544943388086,-6763.34254353424
1038,1,2020,0.368097,37.589876,1,30157.8090167388,-125.85073964158,995.088108793832,59.5365544789096,23.1015302043144,-3911.59984702549
1039,4,2020,-0.073296,38.211762,1,33686.0750609263,-532.485553288225,840.536878170446,59.1798847172361,26.8613887717381,-7079.59986897208
1040,5,2020,-0.399032,38.366116,1,32983.6655150735,437.279002831513,682.626205921173,62.4723752869828,25.3303048674092,-5991.59161766741
1041,5,2020,-0.279872,38.211053,1,33492.1113540439,-750.057670279652,627.355926955119,63.3424362767217,25.7250059930353,-5973.44935233665
1042,5,2020,-0.279872,38.211053,1,33502.3908879111,-749.655256995306,627.355926955119,63.3424362767217,25.7250059930353,-5970.1497896435
1043,5,2020,-0.158281,37.975208,1,30734.1309923149,278.664731164873,1153.60585918184,62.4884771680736,25.2003440099553,-5169.80886626601
1044,5,2020,-0.399032,38.366116,1,32984.8327620844,435.182485992541,682.626205921173,62.4723752869828,25.3303048674092,-5988.30986180087
1045,6,2020,-0.399032,38.366116,1,32983.1794468771,437.311754783484,682.626205921173,62.4723752869828,25.3303048674092,-5991.72649751287
1046,8,2020,0.00776,37.989358,1,29619.6106364739,276.236488711092,1255.86192611605,64.7703064172417,24.6660082325475,-4177.87297163795
1047,9,2020,0.366633,37.59281,1,30197.4178189362,-186.866391883687,995.088108793832,59.5365544789096,23.1015302043144,-3992.25481493899
1048,9,2020,-0.191653,38.127019,1,32671.249246324,-81.7256562715359,1009.67344069108,62.3324791111465,25.9353015677308,-6554.21203135509
1049,10,2020,-0.073296,38.211762,1,33687.1419670974,-533.514475320725,840.536878170446,59.1798847172361,26.8613887717381,-7082.13431588766
1050,9,2020,-0.155479,37.978044,1,30849.1875384127,269.56184904314,1160.0853134925,62.5091166172056,25.1927852359771,-5319.49134331196
1051,9,2020,0.066194,37.79832,1,27894.8396793776,1127.22274682904,1814.05724844997,68.091816669966,20.8524571826983,-2977.51123402666
1052,10,2020,-0.073296,38.211762,1,33683.4311069013,-531.346575985958,840.536878170446,59.1798847172361,26.8613887717381,-7076.58710354713
1483,8,2020,-0.532748,38.199485,1,33052.7187461772,587.044937168369,972.673400663455,65.1593610522802,24.3620258053361,-6184.91882087216
1491,4,2020,-0.648565,38.40593,1,32469.0969692235,282.177566051267,671.700012021853,65.0312168551788,24.8210065825841,-5257.79175382976
1494,7,2020,-0.452061,39.664413,1,35281.3764472909,-723.205173627862,300.166085288341,61.4279962682397,28.1172663754357,-5545.41383999142
1502,7,2020,-0.516221,40.390803,1,33192.74421348,-578.464255338212,511.359232391289,64.1420201554662,28.1054300061558,-5403.20834941521
1539,8,2020,0.080726,39.123466,1,35051.937160102,-1093.4023098905,289.6557029541,57.5173192750445,27.771665090898,-7690.16108522146
1564,12,2020,-0.648565,38.40593,1,32470.10053266,281.821838448679,671.788967756194,65.0309130563471,24.8210993895828,-5257.92097856605
1565,12,2020,-0.532748,38.199485,1,33052.3485728423,587.125019169399,972.826655165045,65.1593610522802,24.3620258053361,-6184.69252837952
1566,12,2020,-0.85717,38.613665,1,29789.6575913516,1344.61733667124,740.259228214569,64.1336185704925,25.7626010483031,-4440.13545374062
1567,12,2020,-0.452061,39.664413,1,35279.6503321081,-724.17236686831,300.159651809149,61.431621590269,28.1176349471701,-5547.03162738904
1568,11,2020,-0.648565,38.40593,1,32469.2898107917,282.023322873878,671.722974221614,65.0312983845364,24.8209816763166,-5257.84496945794
1570,11,2020,-0.937097,38.061497,1,31287.4594012263,82.4980773689933,877.752932213247,67.2754331607762,23.4417532839194,-5204.73743912538
1571,11,2020,-0.937097,38.061497,1,31288.354096673,82.0154907839718,877.752932213247,67.2754331607762,23.4417532839194,-5205.59251950602
1572,11,2020,-0.648565,38.40593,1,32470.5570793259,281.609771620468,671.832809364655,65.0308578204731,24.8211162634978,-5257.99658059631
1573,11,2020,-0.648565,38.40593,1,32469.3443819335,280.696726880282,671.816552868922,65.0334224805026,24.8203327897807,-5258.28610208418
1574,11,2020,-0.648565,38.40593,1,32469.0662027952,278.803290549437,671.925084935527,65.0368076454128,24.8192986613954,-5258.91906470529
1575,11,2020,-1.380659,38.018206,1,32509.8330003959,971.190431685388,1199.48175486177,70.7099029471515,22.0564484594515,-4130.36902687691
1576,4,2020,0.549376,39.200527,1,35782.7079980204,-1479.05465469,336.244932831409,56.3162946672831,28.2169976969025,-7512.82348191906
1578,11,2020,-0.937097,38.061497,1,31280.9337910674,82.0984864839245,877.752932213247,67.2754331607762,23.4417532839194,-5200.11467794053
1579,10,2020,-0.648565,38.40593,1,32468.8959234623,279.337745277997,671.877860029935,65.0360818636316,24.8195203792618,-5258.73951654545
1581,10,2020,-0.937097,38.061497,1,31285.7354026426,78.1809756598235,877.752932213247,67.2754331607762,23.4417532839194,-5205.25100725163
1582,10,2020,-0.648565,38.40593,1,32470.9518556975,277.574226814121,672.135973655591,65.0370461092765,24.8192258134672,-5259.32775996167
1583,10,2020,-0.937097,38.061497,1,31280.8280442572,79.2187444439896,877.752932213247,67.2754331607762,23.4417532839194,-5201.22544022325
1584,10,2020,-0.532748,38.199485,1,33051.2166933198,591.36443254877,970.323847548131,65.1593610522802,24.3620258053361,-6180.68715330386
1585,10,2020,-0.532748,38.199485,1,33052.6870816384,587.18650254045,972.586410843883,65.1593610522802,24.3620258053361,-6184.78837550693
1586,10,2020,-0.648565,38.40593,1,32469.4789903223,281.982288825483,671.737993832356,65.0311981712938,24.821012290293,-5257.86062573754
1587,10,2020,-0.648565,38.40593,1,32468.3759705682,282.28929712128,671.645589345429,65.0316759635689,24.8208663303273,-5257.74767007054
1588,10,2020,-0.937097,38.061497,1,31286.5663285066,82.4613266641827,877.752932213247,67.2754331607762,23.4417532839194,-5204.09736373343
1589,10,2020,-0.648565,38.40593,1,32471.3648466309,277.936539977369,672.138826210157,65.0360732009592,24.8195230256072,-5259.20923384477
1590,10,2020,-0.648565,38.40593,1,32469.5901409939,281.782149080583,671.758829100875,65.0314263733982,24.8209425772125,-5257.92806203091
1592,10,2020,0.080726,39.123466,1,35052.1100032339,-1090.29719971849,289.6557029541,57.5173192750445,27.771665090898,-7693.81538817944
1594,4,2020,3.919171,41.860172,1,40100.0923637101,-1663.86413792061,264.101150539303,48.3710674565717,29.8291308578463,-8446.33299024647
1595,4,2020,-0.435793,39.642582,1,34403.0636954524,-536.997099781612,340.824773959117,60.9331861615037,28.1658817152291,-5066.35617416857
1596,8,2020,-0.47163,39.66163,1,35688.5794742086,-1172.88619396089,300.028618399519,61.5054600674425,28.1251418045961,-5655.68798899772
1597,4,2020,-0.452061,39.664413,1,35281.5051755842,-722.684928836365,300.165565538838,61.4282891516497,28.1172961516998,-5545.5547272649
1598,7,2020,-0.532748,38.199485,1,33052.0133982299,588.12587338892,972.275458859034,65.1593610522802,24.3620258053361,-6183.72114750817
1599,2,2020,-0.648565,38.40593,1,32470.0603142616,279.652354141426,671.934733498246,65.0344802311434,24.8200096593007,-5258.63707419644
1600,4,2020,-1.099201,38.036182,1,30674.9371819382,1891.537861714,1041.26641504867,70.2102176172156,21.5385412560135,-4452.23060082455
1611,12,2020,1.767221,40.027468,1,36719.8321879893,-1119.7468378203,413.378475120046,55.9164232087223,28.3214579938323,-9255.97650944776
1612,11,2020,2.804115,40.923687,1,40481.3277773459,-1540.78963964649,334.829771941987,55.4742577206108,27.8686936460123,-6569.47507560705
1614,11,2020,2.065769,39.011855,1,34349.228186002,-1671.99432347616,245.652273052372,54.1747131518928,28.1725457759503,-6644.46612116655
1615,1,2020,1.748559978,40.05864372,1,35897.7054399683,-1511.49520653904,436.001354021927,55.7712555281363,28.4998051582648,-6558.75563100056
1616,1,2020,2.065769,39.011855,1,34349.7873556963,-1670.25963233009,245.652273052372,54.1747131518928,28.1725457759503,-6643.92877232258
1617,4,2020,2.000359,39.757585,1,39471.9428866151,-1374.14264466639,329.392497275146,55.8015795794703,28.0444190860881,-8219.80494326497
1618,5,2020,2.804115,40.923687,1,40483.4174029134,-1540.87321903224,334.860198109951,55.4742577206108,27.8686936460123,-6571.2782920476
1619,1,2020,2.000359,39.757585,1,39470.360877601,-1373.79771411967,329.392052809658,55.8015795794704,28.0444190860881,-8219.33387523081
1620,3,2020,2.065769,39.011855,1,34356.4318295137,-1674.07138824263,245.652273052372,54.1747131518928,28.1725457759503,-6647.13332962929
1649,2,2020,0.799998,39.460089,1,31229.7442005301,-174.776581741925,366.962616001092,56.2937690499253,28.7452861188323,-4497.49611802761
1650,1,2020,0.799998,39.460089,1,31206.6953532537,-160.87547926846,367.060013768041,56.2937690499253,28.7452861188323,-4480.62727071576
1651,4,2020,0.799998,39.460089,1,31199.9434546552,-155.836175018386,367.084622376353,56.2937690499253,28.7452861188323,-4475.25761230047
1652,4,2020,0.799998,39.460089,1,31229.7855620264,-176.729197817759,366.970164870451,56.2937690499253,28.7452861188323,-4498.36781277291
1794,4,2020,2.065769,39.011855,1,34355.9591252678,-1672.26427608665,245.652273052372,54.1747131518928,28.1725457759503,-6646.30498513072
1795,1,2020,1.748559978,40.05864372,1,35894.0754523594,-1508.86214925621,435.949906055946,55.7722134943722,28.4987032560336,-6562.20827835385
1796,2,2020,2.065769,39.011855,1,34362.0535825432,-1673.45449944349,245.652273052372,54.1747131518928,28.1725457759503,-6648.34687410116
1797,2,2020,2.065769,39.011855,1,34349.2981377661,-1668.67461734271,245.652273052372,54.1747131518928,28.1725457759503,-6643.18088753116
1798,3,2020,2.065769,39.011855,1,34353.7653442469,-1672.85937576459,245.652273052372,54.1747131518928,28.1725457759503,-6645.97195007889
1799,1,2020,2.065769,39.011855,1,34350.7614564608,-1672.65978603901,245.652273052372,54.1747131518928,28.1725457759503,-6645.12108749599
1800,5,2020,2.065769,39.011855,1,34364.553075887,-1677.19183991976,245.652273052372,54.1747131518928,28.1725457759503,-6650.44876220331
1801,2,2020,2.065769,39.011855,1,34364.6878507928,-1674.41355276499,245.652273052372,54.1747131518928,28.1725457759503,-6649.40376849792
1802,6,2020,2.491563,39.566979,1,35031.9927970635,-654.166302575103,303.151890532812,56.4669755025964,27.1548551417005,-6646.4676186297
1803,12,2020,2.23678,40.729411,1,32208.0731645505,516.092203097017,467.993379079737,56.0860281159592,28.1051240521485,-6173.59352215999
1815,1,2020,0.799998,39.460089,1,31217.305983442,-170.983575052332,367.030097460643,56.2937690499253,28.7452861188323,-4490.01940107867
1818,3,2020,0.799998,39.460089,1,31229.3853623683,-174.921322783785,366.965580152781,56.2937690499253,28.7452861188323,-4497.39123072644
2035,2,2020,2.643333,39.573843,1,34919.2766172748,-573.745357819426,341.062239775201,56.8609614075758,26.964303383888,-8008.13258314563
2036,2,2020,3.464989,39.618238,1,34049.1939691507,-658.749027378197,544.15597233735,61.5383083993647,23.6318583399872,-7577.16488021766
2037,3,2020,3.460224,39.388778,1,31302.2752120296,1215.28691057623,617.6754638158,62.3886037256,23.4996279530621,-5562.48794921062
2039,9,2020,2.676336,39.362281,1,32494.0053927988,-946.658445609374,346.640008966089,57.0358046267202,26.9637839735966,-5821.4087942825
2856,8,2020,0.68219,35.555261,1,28742.5654262587,3088.32626362869,1872.29934376478,68.5857304564717,22.9902147532812,-2430.56020792268
2859,8,2020,0.68219,35.555261,1,28740.2691609287,3082.75261244755,1872.29934376478,68.5857304564717,22.9902147532812,-2433.94112357317
2860,11,2020,0.813284,35.675218,1,32047.3479944181,647.390506433669,1602.37155154347,64.2047363262791,23.1808518936074,-5190.34875319151
2862,10,2020,0.754069,36.186938,1,28917.1761577567,244.105415579552,1281.04035714269,68.8141011177576,22.3740113756913,-4756.66413475227
2863,5,2020,0.70159,35.582286,1,28471.0598469778,2844.46288319434,1929.84887057548,68.5857304564717,22.9902147532812,-2631.15360395491
2865,8,2020,0.715894,35.735433,1,28644.1770098053,1791.9995537587,1834.5182613061,63.573818193728,22.8315215682289,-3366.85317824098
2870,3,2020,0.98338,35.977692,1,31098.1017402713,-1453.85778718788,1055.81489314884,64.9963519814561,25.1776020216812,-4449.68785197075
2871,3,2020,-0.279872,38.211053,1,33507.4174376904,-752.490617101136,627.355926955119,63.3424362767217,25.7250059930353,-5965.67320354014
2873,2,2020,0.98338,35.977692,1,31093.7529144518,-1446.93695138558,1055.81489314884,64.9963519814561,25.1776020216812,-4446.29571597539
2892,1,2020,0.593685,35.558001,1,29634.3783920053,1606.76673035772,1876.76695844531,69.0320359910183,22.4075180088453,-4035.86190038772
2895,3,2020,0.659191,35.560082,1,29856.5922466056,2997.65629301471,1872.29934376478,68.5857304564717,22.9902147532812,-3078.05643202838
2943,11,2020,0.813284,35.675218,1,32043.0297597793,647.884952314003,1602.37155154347,64.2047363262791,23.1808518936074,-5190.0297945271
2955,10,2020,0.68219,35.555261,1,28740.9591124599,3088.04653753093,1872.29934376478,68.5857304564717,22.9902147532812,-2429.95603903062
3033,6,2020,0.783077,35.587875,1,29861.9058839053,3392.4745746115,1942.32789543271,68.5267748293505,21.9325157408723,-2727.69185745206
3045,8,2020,0.650291,35.578539,1,29853.7156251802,1683.97795300641,1868.67953743048,68.6352084960166,22.9256161984074,-4124.59244484636
3057,2,2020,1.026105,36.227414,1,28150.6200158943,-530.53404649018,849.634786899202,64.7104337526395,23.6103419465446,-3158.11248209968
3393,7,2020,1.495974,35.472715,1,30772.4890081027,1584.56599622749,1449.2320686118,69.1195601985677,23.5425764691852,-4394.83546199858
3482,4,2020,1.966667,35.2,1,28851.6037999601,928.369084145856,1351.83559615199,67.5926676923137,19.6933726611251,-2920.45852656406
3484,7,2020,1.739282,35.467237,1,29602.2055832051,1002.57702112137,1313.94604972005,63.8993580215618,23.3524142690912,-3968.20654576998
3485,5,2020,1.495974,35.472715,1,30773.130905156,1586.74360976861,1449.26678876781,69.1195601985677,23.5425764691852,-4394.22425456783
3486,5,2020,1.648451,35.609547,1,31534.9462039845,726.887982148844,1038.11341115832,63.0150756764054,25.3555607481298,-5294.36475744344
3487,5,2020,1.287676,35.784691,1,30246.4523753307,300.976105275594,1319.68258574884,65.658345127375,23.7307639763004,-4181.00043733335
3488,1,2020,1.495974,35.472715,1,30772.7289398651,1582.9489214347,1449.26841417099,69.1195601985677,23.5425764691852,-4395.93191029791
3489,3,2020,1.495974,35.472715,1,30772.6345404564,1585.32124564325,1449.23736720909,69.1195601985677,23.5425764691852,-4394.55555314736
3490,5,2020,1.491713,35.011236,1,33844.3465983897,-228.478197220429,1435.59746864438,66.1618361998957,21.0747934706224,-6593.21360742106
3491,10,2020,1.999718,35.09057,1,31296.567083953,416.067124483449,1191.77301374952,68.8379791468115,20.644280828674,-4691.54866731919
3492,10,2020,1.966667,35.2,1,28858.6383027111,928.897175315368,1351.82309017301,67.5926676923138,19.6933726611251,-2923.81456683636
3493,11,2020,1.728687,35.58767,1,29613.8035167713,586.831027356753,928.59011746943,62.4502670958019,24.9813998981469,-4311.6513927419
3494,11,2020,1.501555,35.806497,1,27603.6089703241,254.086674750046,1002.09915686217,60.9826756925127,24.3580397315799,-3603.88412472746
3495,4,2020,1.436433,35.355208,1,30170.9711229124,2120.31229338148,1563.64101535082,75.7276197483157,18.7902873728879,-3639.74882203686
3496,4,2020,1.495974,35.472715,1,30772.3070135281,1584.89650318585,1449.2131527683,69.1195601985677,23.5425764691852,-4394.49133503379
3497,2,2020,1.397999,35.586864,1,31055.5827951538,1979.59979171435,1763.21598961419,70.5199730855039,22.1532059695551,-3995.76149121012
3498,2,2020,1.309221,35.207071,1,30049.1890905235,1715.49316669579,1774.37345803529,79.551299088653,17.5901091813607,-3961.73037631681
3499,6,2020,1.290104,35.079476,1,31335.6568005428,1384.98047227026,1940.4006511569,76.5625542649954,16.7715692579204,-3408.21337193808
3500,10,2020,1.728687,35.58767,1,29613.978564274,586.900654905413,928.59011746943,62.4502670958019,24.9813998981469,-4311.54060862977
3501,11,2020,1.797533,35.368568,1,27765.4589983683,1141.00673032898,1358.87693212308,64.2340330506564,22.303859412605,-3144.32616103826
3502,11,2020,1.728687,35.58767,1,29614.2503805329,587.045050610309,928.59011746943,62.4502670958019,24.9813998981469,-4311.35601846436
3503,11,2020,1.959424,35.324677,1,28661.8577514389,1330.56662121804,1143.3993066242,65.5733726153073,22.1932690458871,-2928.68250057475
3505,12,2020,1.495974,35.472715,1,30772.7735951933,1583.67814947917,1449.265276036,69.1195601985677,23.5425764691852,-4395.57452900985
3506,11,2020,1.208269,35.7829,1,28861.5692299297,-78.5998340987386,1354.00354069624,65.6474671787321,23.4587410688835,-3803.05261171148
3507,11,2020,1.728687,35.58767,1,29614.8655621996,587.466017513385,928.59011746943,62.4502670958019,24.9813998981469,-4310.90584813754
3509,11,2020,1.489864,35.010159,1,33758.8188034023,-121.453678734346,1435.59746864438,66.1618361998957,21.0747934706224,-6466.9437381164
3510,11,2020,1.728687,35.58767,1,29614.1981562936,587.226805865409,928.59011746943,62.4502670958019,24.9813998981469,-4311.31924854984
3511,5,2020,1.790621991,35.30270424,1,26781.914710681,690.037082835118,1396.58464512867,65.114097010121,21.3074352500652,-3151.64687161486
3576,12,2020,1.495974,35.472715,1,30772.7175531521,1584.75664599294,1449.25002104895,69.1195601985677,23.5425764691852,-4394.93709479513
3577,12,2020,1.797533,35.368568,1,27763.9595524297,1140.63679552699,1360.37212794556,64.2340330506564,22.303859412605,-3142.74189981497
3578,12,2020,2.484485,35.148879,1,28706.273870995,1031.49256182185,950.063679751685,63.6005913996666,24.6882236523081,-3404.41076302137
3579,8,2020,1.966667,35.2,1,28846.2830108462,926.838904530721,1351.84506450332,67.5926676923138,19.6933726611251,-2916.35008828521
3580,8,2020,1.501555,35.806497,1,27604.2651744999,254.538093200789,1002.05181925384,60.9826756925127,24.3580397315799,-3603.54164263722
3581,8,2020,2.160457,35.06084,1,27021.0666072526,1770.30954779376,1138.56358516961,68.1698607743946,21.319706762901,-2237.7876563862
3582,12,2020,1.648451,35.609547,1,31542.1187544162,725.147325557122,1037.48214005763,63.0109065826755,25.3527989068491,-5298.762708101
3583,12,2020,2.130015,35.291743,1,29369.0269207078,297.356529908897,1042.07632758189,66.2497847206101,23.4691145995927,-4398.78507638649
3584,12,2020,1.739282,35.467237,1,29598.9373126507,1005.51340754755,1313.94604972005,63.8993580215618,23.3524142690912,-3964.02348128687
3585,12,2020,1.786263,35.055296,1,31759.7391372921,184.14517287909,1261.39273694172,68.4530045815437,23.4926282781641,-5406.22862934116
3586,12,2020,1.489864,35.010159,1,33756.8393599805,-119.328219929849,1435.59746864438,66.1618361998957,21.0747934706224,-6464.47137918631
3587,11,2020,1.797533,35.368568,1,27763.8019799473,1143.61524856517,1359.53348560573,64.2340330506564,22.303859412605,-3141.49727308108
3588,11,2020,1.648451,35.609547,1,31536.1672509848,726.90299261307,1038.01560305853,63.0144297239214,25.3551328330118,-5295.004936202
3589,11,2020,1.24816,35.110432,1,30014.4408376052,1949.05482110672,2227.10117670377,77.6078879870308,16.2446370755126,-3296.77658717245
3590,11,2020,1.728687,35.58767,1,29613.7085812183,586.466807206905,928.59011746943,62.4502670958019,24.9813998981469,-4311.82406748855
3591,7,2020,1.495974,35.472715,1,30773.1092396589,1581.50737786837,1449.31523895593,69.1195601985677,23.5425764691852,-4397.05862908121
3592,7,2020,2.484485,35.148879,1,28707.5502468522,1032.52435363304,950.79207424931,63.6075580424868,24.6826522037607,-3404.05427319207
3593,10,2020,1.738554,35.619629,1,30639.5301471483,536.97094504918,847.267599716783,62.4502670958019,24.9813998981469,-4913.52668015434
3594,10,2020,1.760062,35.247811,1,28218.9600381088,448.050605590437,1339.17497251332,66.0636277100792,22.1873456307554,-4049.37257552875
3595,10,2020,1.790618,35.051628,1,31028.5647204044,504.451093798462,1299.15138383388,69.1452767320747,23.372936787514,-4850.77395352406
3596,10,2020,1.501555,35.806497,1,27604.1832826215,254.692167852821,1002.13951298867,60.9826756925127,24.3580397315799,-3604.01708851241
3597,10,2020,2.160457,35.06084,1,27021.1569167444,1769.06897464824,1138.56358516961,68.1698607743946,21.319706762901,-2238.12884129794
3598,10,2020,1.495549,35.707923,1,29403.7373339908,1184.87784843931,1014.77590975352,63.6600165997673,24.569023925142,-3935.69212273994
3599,12,2020,1.489864,35.010159,1,33758.7530842461,-119.29976728713,1435.59746864438,66.1618361998957,21.0747934706224,-6467.7012898473
3601,8,2020,1.536662,35.631419,1,28889.1513155614,1510.95160916141,1205.18612413108,66.3430647457535,24.8094057183882,-3797.96487644612
3603,8,2020,1.728687,35.58767,1,29616.3889221086,589.067019972061,928.59011746943,62.4502670958019,24.9813998981469,-4309.60084171881
3605,10,2020,1.290104,35.079476,1,31330.5197320132,1385.56716894852,1940.4006511569,76.5625542649954,16.7715692579204,-3407.28377137213
3657,4,2020,1.589614,34.985221,1,32185.7964663368,237.435945801713,1816.32293385267,67.0428806514835,21.5401257242227,-5666.47857084413
3658,12,2020,1.648451,35.609547,1,31544.3508321443,725.378270437416,1037.75803317755,63.0127286592368,25.3540059524541,-5300.05359753168
3756,3,2020,1.648451,35.609547,1,31542.7182795335,724.898471361458,1037.38997714285,63.0102979125975,25.3523956896857,-5299.15101001152
3762,12,2020,1.739282,35.467237,1,29598.6689300047,1001.97205455787,1313.94604972005,63.8993580215618,23.3524142690912,-3967.27827805972
3789,12,2020,1.734344,35.324677,1,27318.5470394447,2466.12315672793,1470.02509889007,66.3044026247516,18.8491735135271,-2048.92220603514
3790,7,2020,1.648451,35.609547,1,31545.2640960623,724.591100660265,1037.39499444817,63.0103310483075,25.3524176406366,-5300.6923713077
3791,5,2020,1.400963,35.573993,1,30698.5473121075,2269.27864702,1637.14260026604,70.5199730855039,22.1532059695551,-3855.3225804508
3792,10,2020,1.397999,35.586864,1,31061.7580583447,1979.95971535595,1760.67684403778,70.5199730855039,22.1532059695551,-4001.07308550797
3793,11,2020,1.495549,35.707923,1,29397.5141317071,1184.44396489647,1014.77590975352,63.6600165997673,24.569023925142,-3934.84052765134
3794,3,2020,1.495549,35.707923,1,29394.2596587427,1184.15569138792,1014.77590975352,63.6600165997673,24.569023925142,-3934.35387043725
3795,5,2020,2.079229,35.165971,1,28527.6659167722,1902.53215421604,1290.03988487646,67.1375275373875,21.0628950615833,-2745.28997582594
3797,11,2020,1.728687,35.58767,1,29614.8593781953,587.74494047058,928.59011746943,62.4502670958019,24.9813998981469,-4310.81307089332
3798,5,2020,1.635839,35.049829,1,31373.7343445345,671.723403849833,1434.43989492997,67.3851879561046,21.5384686231949,-5229.23591933261
3799,11,2020,1.400963,35.573993,1,30721.8702852231,2267.44356940857,1633.13014139494,70.5199730855039,22.1532059695551,-3868.25437302643
3800,12,2020,1.489864,35.010159,1,33755.7663016794,-117.044872721066,1435.59746864438,66.1618361998957,21.0747934706224,-6463.62077210432
3801,12,2020,1.507382,35.5001,1,31547.8481089059,2202.65252750638,1435.43439939409,69.1195601985677,23.5425764691852,-4118.66973045584
3911,8,2020,2.009217,35.204115,1,29285.4831529277,1880.59410455121,1425.48585626483,67.5926676923138,19.6933726611251,-3365.41865604101
3912,7,2020,1.445109,34.983731,1,31816.8371585141,1022.66641023942,1781.79632008878,67.5220707662125,20.1659764334647,-5268.63750568472
3913,3,2020,1.4121,35.032,1,32589.9489589087,-395.184562708674,1503.49160024524,68.3165763825861,19.6351413421075,-6481.23356186389
3914,1,2020,1.554077,35.137879,1,30565.780022239,484.578834954243,1507.98164692328,68.6391809679976,21.3825793362263,-5547.6956305914
3915,8,2020,1.545043,35.192863,1,34669.5750211152,-817.27866199572,1602.11187054049,70.9052232828758,21.0344913677223,-6884.24082446344
3916,11,2020,1.261311,35.286253,1,30349.2375509054,2492.62013707967,1943.73433203995,80.4867773699318,17.4673969435562,-3223.34567010108
3917,12,2020,1.554077,35.137879,1,30565.6841486138,484.640823592968,1507.96642970322,68.6392624492518,21.3824322970093,-5547.27915616689
3918,6,2020,1.734344,35.324677,1,27316.2173856975,2467.78440211139,1470.02509889007,66.3044026247516,18.8491735135271,-2047.67213673559
3919,3,2020,1.231195,35.971367,1,28619.9134932265,45.8347608164708,1231.2956662022,64.2942618327372,23.3457835609145,-4418.00218330703
3922,11,2020,1.966667,35.2,1,28850.9250822283,924.633115543941,1351.83684489766,67.5926676923137,19.6933726611251,-2915.01812881982
3923,10,2020,1.734344,35.324677,1,27316.7162247129,2466.85472704733,1470.02509889007,66.3044026247517,18.8491735135271,-2047.44568878623
3924,6,2020,1.734344,35.324677,1,27316.2989407104,2467.85817810315,1470.02509889007,66.3044026247517,18.8491735135271,-2047.83016230278
3925,10,2020,1.734344,35.324677,1,27314.6727585645,2468.3333419979,1470.02509889007,66.3044026247517,18.8491735135271,-2046.36177477743
3926,4,2020,1.734344,35.324677,1,27317.5400028896,2467.36617787166,1470.02509889007,66.3044026247517,18.8491735135271,-2048.83588486524
3927,12,2020,1.734344,35.324677,1,27317.3950631261,2467.14287155216,1470.02509889007,66.3044026247517,18.8491735135271,-2048.47573215236
3928,9,2020,1.720276733,35.32452102,1,27588.6909722925,2382.47361909557,1470.02509889007,66.3044026247517,18.8491735135271,-1889.25300798685
3929,4,2020,1.734344,35.324677,1,27318.4771423681,2465.19918780939,1470.02509889007,66.3044026247517,18.8491735135271,-2048.051669607
3930,7,2020,1.495974,35.472715,1,30772.8325405837,1584.40509678048,1449.26339273501,69.1195601985677,23.5425764691852,-4395.23132670519
3931,10,2020,1.545879,35.148879,1,31460.1591903322,285.497205622933,1513.64745440205,69.2816060133101,21.1826000283703,-5497.58481479967
3932,2,2020,1.393826159,35.00617904,1,32381.6062781514,-110.253085827462,1520.13927781582,68.3165763825861,19.6351413421075,-6465.53456477779
3933,3,2020,1.545043,35.192863,1,34657.0577604415,-817.35934411509,1601.31007914305,70.9052232828758,21.0344913677223,-6882.39521546057
3934,2,2020,1.411298,35.093866,1,29558.6014502266,1538.92678953865,1654.50881707377,72.5092927558097,19.4796682340417,-4168.31695954817
3935,3,2020,1.589614,34.985221,1,32188.6580831405,235.837385613215,1816.32293385267,67.0428806514835,21.5401257242227,-5665.92766559474
3936,5,2020,1.554077,35.137879,1,30560.938588142,485.14630670722,1508.15330692851,68.6382618071745,21.3842380329301,-5545.11669377968
3937,5,2020,1.366128,34.939637,1,30893.0693406685,1171.12258005254,1781.65625187755,65.7261156258816,20.3803826010727,-5019.96707164502
3938,8,2020,1.554077,35.137879,1,30563.5932495134,484.94449525814,1508.01888368768,68.6389815821537,21.3829391433828,-5545.73980564193
3939,9,2020,1.393826159,35.00617904,1,32385.0670048072,-112.212253564259,1520.13927781582,68.3165763825861,19.6351413421075,-6466.4650891121
3940,11,2020,1.400206,35.044323,1,32081.8784398612,-102.688645179878,1514.02698336394,68.3165763825861,19.6351413421075,-5570.03982467864
3942,5,2020,1.536662,35.631419,1,28888.7249769564,1510.42823703662,1205.18612413108,66.3430647457535,24.8094057183882,-3798.46970559056
3943,10,2020,1.648451,35.609547,1,31538.1216080666,726.793243237293,1038.09320853642,63.0149422525496,25.355472360692,-5296.18171894731
3944,6,2020,1.536662,35.631419,1,28892.8997605577,1510.31747358761,1205.18612413108,66.3430647457535,24.8094057183882,-3798.49289247015
3945,12,2020,1.648451,35.609547,1,31540.9162055753,725.806926988614,1037.75352812575,63.0126989065946,25.3539862426369,-5297.96357590076
3946,10,2020,1.648451,35.609547,1,31537.496706967,726.587408560129,1037.9380763685,63.0139177156306,25.3547936500321,-5295.83522714759
3947,4,2020,1.536662,35.631419,1,28890.9863441828,1510.76251564337,1205.18612413108,66.3430647457535,24.8094057183882,-3798.10932200516
3948,2,2020,1.495974,35.472715,1,30772.4169407938,1584.90086325071,1449.2226020439,69.1195601985677,23.5425764691852,-4394.58832914245
3949,6,2020,1.495974,35.472715,1,30772.6982145337,1588.32563272161,1449.21371743875,69.1195601985677,23.5425764691852,-4392.98117243313
3950,8,2020,1.312804,35.762769,1,28542.068573786,542.269849292523,1209.28490972985,65.658345127375,23.7307639763004,-3510.78926118918
3951,6,2020,1.728687,35.58767,1,29614.9177803478,587.474412092661,928.59011746943,62.4502670958019,24.9813998981469,-4310.87700767468
3952,6,2020,1.728687,35.58767,1,29616.2459962496,588.684603269878,928.59011746943,62.4502670958019,24.9813998981469,-4309.80265829866
3954,10,2020,1.495974,35.472715,1,30773.5074728267,1584.79186692137,1449.31856679301,69.1195601985677,23.5425764691852,-4395.61812943738
3955,7,2020,1.728687,35.58767,1,29616.3610804039,588.654260331779,928.59011746943,62.4502670958019,24.9813998981469,-4309.75576004813
3956,7,2020,1.648451,35.609547,1,31543.5262968853,725.212711654334,1037.61161002657,63.0117616391404,25.3533653441602,-5299.58482765784
3957,7,2020,1.536662,35.631419,1,28890.1735752883,1511.16608422167,1205.18612413108,66.3430647457535,24.8094057183882,-3797.74106584531
3958,7,2020,1.495974,35.472715,1,30772.4893289818,1587.2433753996,1449.20613523683,69.1195601985677,23.5425764691852,-4393.38115763885
3959,3,2020,1.728687,35.58767,1,29616.2035747828,588.241035505575,928.59011746943,62.4502670958019,24.9813998981469,-4309.97478640656
3960,4,2020,1.728687,35.58767,1,29613.2776713862,586.084156782317,928.59011746943,62.4502670958019,24.9813998981469,-4312.16993912645
3961,11,2020,1.648451,35.609547,1,31541.5440163009,726.084796985467,1037.94789554801,63.0139825642823,25.3548366094125,-5298.30300673677
3962,10,2020,1.536662,35.631419,1,28890.6201131761,1509.87817864905,1205.18612413108,66.3430647457535,24.8094057183882,-3798.96087669656
3963,5,2020,1.495974,35.472715,1,30773.639602202,1584.0669852329,1449.3371139481,69.1195601985677,23.5425764691852,-4396.12915597816
3964,11,2020,1.495931,35.472693,1,30772.7926424382,1585.14634964515,1449.25277559178,69.1195601985677,23.5425764691852,-4394.79223629065
3965,7,2020,1.648451,35.609547,1,31541.6322925937,725.940684350736,1037.87542373264,63.0135039398201,25.3545195417514,-5298.37218568447
3966,7,2020,1.495931,35.472693,1,30771.9287547183,1590.43911957917,1449.12642315981,69.1195601985677,23.5425764691852,-4391.14477738373
3967,7,2020,1.495931,35.472693,1,30772.1090840241,1587.41733428984,1449.17158507887,69.1195601985677,23.5425764691852,-4392.94358444239
3969,1,2020,1.495549,35.707923,1,29395.6654935369,1184.97799137196,1014.77590975352,63.6600165997673,24.569023925142,-3934.93715147879
3970,6,2020,1.495974,35.472715,1,30773.3912620163,1581.56477241167,1449.3392782646,69.1195601985677,23.5425764691852,-4397.27740120616
3971,12,2020,1.648451,35.609547,1,31544.6852547467,724.621629190994,1037.37288771363,63.0101850491508,25.3523209226149,-5300.34731487026
3972,5,2020,1.436433,35.355208,1,30170.8809979356,2120.40444559797,1563.64101535082,75.7276197483157,18.7902873728879,-3639.42647106747
3973,6,2020,1.49424,35.405583,1,28425.0143257117,2637.50905866223,1608.43180345075,71.2459118037926,21.2348300961632,-2522.91369548077
3974,1,2020,2.484485,35.148879,1,28701.770771026,1030.18588543852,949.914570604737,63.5991652629078,24.6893641797872,-3405.47393947039
3977,3,2020,2.390144,35.016787,1,27302.8273664214,2384.32259574537,1383.84501180425,68.1347042934876,21.4457731549206,-1807.58999845136
4008,9,2020,1.715365,35.497959,1,29960.9576276506,726.552203518398,1281.97907676894,63.8993580215617,23.3524142690912,-4456.35571379525
4009,11,2020,1.495974,35.472715,1,30772.5779633392,1585.83978376331,1449.22744405193,69.1195601985677,23.5425764691852,-4394.22290096272
4010,10,2020,1.648451,35.609547,1,31540.8033735556,725.416396016647,1037.53738603679,63.0112714428205,25.3530406106522,-5297.94969030934
4011,1,2020,1.436433,35.355208,1,30170.6472547457,2120.38372831879,1563.64101535082,75.7276197483157,18.7902873728879,-3639.46884820351
4012,9,2020,1.648451,35.609547,1,31541.3334332767,725.8469770209,1037.80382177229,63.0130310601276,25.3542062797477,-5298.20594036067
4013,10,2020,1.438433,35.582199,1,29933.3801287761,1898.72213848999,1424.23581281304,70.5199730855039,22.1532059695551,-3563.27929100976
4014,10,2020,1.495974,35.472715,1,30773.0885138229,1582.0887301138,1449.30788201897,69.1195601985677,23.5425764691852,-4396.72263961089
4015,10,2020,1.495549,35.707923,1,29398.2903384795,1184.58007014329,1014.77590975352,63.6600165997673,24.569023925142,-3934.99166143562
4016,12,2020,1.734344,35.324677,1,27315.6910746916,2468.28486697892,1470.02509889007,66.3044026247517,18.8491735135271,-2047.49759490752
4017,12,2020,1.797533,35.368568,1,27764.923200678,1144.88111131272,1358.06083147915,64.2340330506564,22.303859412605,-3142.3315876543
4018,10,2020,1.728687,35.58767,1,29614.3965146929,587.490659880421,928.59011746943,62.4502670958019,24.9813998981469,-4311.1299267084
4019,8,2020,1.536662,35.631419,1,28894.2725820031,1507.64406728254,1205.18612413108,66.3430647457535,24.8094057183882,-3801.03288120268
4020,8,2020,1.648451,35.609547,1,31541.7567323769,724.984235956906,1037.37215448216,63.0101802066819,25.3523177146921,-5298.57338473716
4021,8,2020,1.966667,35.2,1,28850.5592520149,924.93764855005,1351.83748689341,67.5926676923137,19.6933726611251,-2915.30461077547
4022,10,2020,1.589614,34.985221,1,32186.3411701286,236.839573762727,1816.32293385267,67.0428806514835,21.5401257242227,-5667.70366921938
4023,9,2020,1.60508,34.983731,1,31245.4774080383,664.424157631459,1676.81369563937,67.0428806514835,21.5401257242227,-5077.87522724832
4024,9,2020,1.207741207,35.09009088,1,30276.1940151186,2584.59105722471,2157.10371721482,78.4434327842389,15.8234553665412,-3273.28674962575
4025,9,2020,1.738554,35.619629,1,30635.7046339202,537.870932658524,847.267599716783,62.4502670958019,24.9813998981469,-4911.51462429169
4026,9,2020,2.124498,35.192863,1,29400.0033167803,1029.99475387855,1328.14023911381,67.1375275373875,21.0628950615833,-3814.12299313695
4027,10,2020,1.589614,34.985221,1,32185.0002777857,237.449668630346,1816.32293385267,67.0428806514835,21.5401257242227,-5668.60309031701
4028,10,2020,1.728687,35.58767,1,29616.6911597802,589.195490274141,928.59011746943,62.4502670958019,24.9813998981469,-4309.40696421477
4029,10,2020,1.536662,35.631419,1,28893.8336067863,1508.14913801561,1205.18612413108,66.3430647457535,24.8094057183882,-3800.55556523807
4030,10,2020,1.589614,34.985221,1,32185.8795113578,237.425508469596,1816.32293385267,67.0428806514835,21.5401257242227,-5666.30321392386
4031,10,2020,1.536662,35.631419,1,28894.5445763996,1507.51048050743,1205.18612413108,66.3430647457535,24.8094057183882,-3801.15609757999
4032,10,2020,1.728687,35.58767,1,29616.4233692923,588.888756961401,928.59011746943,62.4502670958019,24.9813998981469,-4309.64477244391
4033,10,2020,1.495974,35.472715,1,30772.9241152052,1582.33624279205,1449.29122169533,69.1195601985677,23.5425764691852,-4396.44089695194
4034,9,2020,1.495974,35.472715,1,30773.0633415634,1581.414817112,1449.3121299723,69.1195601985677,23.5425764691852,-4397.06831062253
4035,10,2020,2.160457,35.06084,1,27020.9862380597,1769.30677830624,1138.56358516961,68.1698607743946,21.319706762901,-2238.36965809997
4036,11,2020,1.495974,35.472715,1,30773.6986783255,1583.76023237706,1449.34523906712,69.1195601985677,23.5425764691852,-4396.34820018842
4037,11,2020,1.966667,35.2,1,28859.0400327663,928.642528039384,1351.82239093233,67.5926676923138,19.6933726611251,-2923.61067225176
4038,11,2020,1.495974,35.472715,1,30773.357814612,1584.24815945068,1449.31068472438,69.1195601985677,23.5425764691852,-4395.78294867731
4039,5,2020,1.536662,35.631419,1,28891.7570726956,1510.34966076865,1205.18612413108,66.3430647457535,24.8094057183882,-3798.4876586085
4040,4,2020,1.491713,35.011236,1,33842.4320376887,-225.951119508149,1435.59746864438,66.1618361998957,21.0747934706224,-6589.69167820627
4041,4,2020,1.491713,35.011236,1,33844.6680586991,-227.862943216396,1435.59746864438,66.1618361998957,21.0747934706224,-6593.57067260885
4042,5,2020,1.491713,35.011236,1,33843.61249074,-227.548665634626,1435.59746864438,66.1618361998957,21.0747934706224,-6591.8666951529
4043,6,2020,2.018856334,35.03529712,1,27977.3130159143,648.207890180552,1214.48638175428,70.8469677108697,22.8668814911,-3715.3572075847
4044,6,2020,1.491713,35.011236,1,33844.7939388469,-230.118970641769,1435.59746864438,66.1618361998957,21.0747934706224,-6594.28057808552
4045,6,2020,2.009651,35.0264,1,29255.9014195028,437.934366741142,1214.48638175428,70.8469677108697,22.8668814911,-4468.74243450646
4046,6,2020,1.491713,35.011236,1,33844.1552086508,-228.431105646973,1435.59746864438,66.1618361998957,21.0747934706224,-6592.90499776868
4047,7,2020,1.290104,35.079476,1,31331.7287121206,1383.97375696414,1940.4006511569,76.5625542649954,16.7715692579204,-3408.1596054481
4048,7,2020,1.491713,35.011236,1,33843.1500522933,-228.256012659231,1435.59746864438,66.1618361998957,21.0747934706224,-6591.28726613653
4049,4,2020,2.160457,35.06084,1,27021.6691018877,1768.81946827285,1138.56358516961,68.1698607743945,21.319706762901,-2238.38393096214
4050,7,2020,1.491713,35.011236,1,33845.1070018344,-229.107316421809,1435.59746864438,66.1618361998957,21.0747934706224,-6594.5366669012
4051,12,2020,1.589614,34.985221,1,32187.8116220062,235.442222392907,1816.32293385267,67.0428806514835,21.5401257242227,-5670.12682533224
4052,7,2020,1.488327,35.022295,1,33385.8109051425,-143.353398790572,1435.59746864438,66.1618361998957,21.0747934706224,-6419.58698209678
4053,8,2020,1.489864,35.010159,1,33758.8308202258,-120.134529024104,1435.59746864438,66.1618361998957,21.0747934706224,-6467.50197127065
4054,12,2020,1.488327,35.022295,1,33392.0618720727,-145.166071158412,1435.59746864438,66.1618361998957,21.0747934706224,-6421.90597292536
4055,9,2020,1.589614,34.985221,1,32187.1103269438,236.43678217581,1816.32293385267,67.0428806514835,21.5401257242227,-5667.42978047278
4056,9,2020,1.488327,35.022295,1,33386.8538938466,-143.586246981944,1435.59746864438,66.1618361998957,21.0747934706224,-6418.02347825986
4058,2,2020,1.489864,35.010159,1,33757.092876487,-119.463495076694,1435.59746864438,66.1618361998957,21.0747934706224,-6464.84557733307
4060,1,2020,1.495974,35.472715,1,30773.5605606351,1582.14297667681,1449.3485740473,69.1195601985677,23.5425764691852,-4397.11053118061
4061,12,2020,1.648451,35.609547,1,31547.8367629026,723.98217282015,1037.23998934584,63.0093073505657,25.3517394858947,-5302.28900018902
4062,8,2020,1.648451,35.609547,1,31544.092749077,724.655367981704,1037.35172125808,63.0100452598637,25.3522283183587,-5299.99399720696
4063,5,2020,1.728687,35.58767,1,29616.5225775703,588.801907512098,928.59011746943,62.4502670958019,24.9813998981469,-4309.62506553597
4064,6,2020,1.589614,34.985221,1,32185.6669136749,237.095162397602,1816.32293385267,67.0428806514835,21.5401257242227,-5668.39499055745
4065,6,2020,1.589614,34.985221,1,32188.8795687995,235.176887723085,1816.32293385267,67.0428806514835,21.5401257242227,-5668.30574159478
4066,12,2020,1.589614,34.985221,1,32186.2110153644,236.848264017661,1816.32293385267,67.0428806514835,21.5401257242227,-5668.02480280025
4067,7,2020,1.488327,35.022295,1,33387.4394635081,-143.751711845318,1435.59746864438,66.1618361998957,21.0747934706224,-6418.11629366541
4068,6,2020,1.488327,35.022295,1,33392.1846888413,-145.162905963922,1435.59746864438,66.1618361998957,21.0747934706224,-6420.81811485256
4069,9,2020,1.60508,34.983731,1,31238.0793587622,666.465772124634,1676.81369563937,67.0428806514835,21.5401257242227,-5074.83601730546
4070,11,2020,2.188268,35.236825,1,30193.3170424238,937.953271170275,1062.05815089308,66.4925451612255,23.3418808685192,-2820.43879074358
4071,2,2020,1.491713,35.011236,1,33844.8292427486,-230.25179630449,1435.59746864438,66.1618361998957,21.0747934706224,-6594.36592672889
4072,7,2020,1.943383,35.050955,1,30972.1829018345,248.998528452,1201.59262819992,69.397449669543,22.9042072230445,-5235.50822162777
4073,3,2020,2.124498,35.192863,1,29405.7596485489,1031.28754776242,1329.25233136972,67.1375275373875,21.0628950615833,-3816.32291262837
4074,8,2020,1.290104,35.079476,1,31333.116658511,1383.70401130554,1940.4006511569,76.5625542649954,16.7715692579204,-3408.46407211053
4075,7,2020,1.491713,35.011236,1,33845.3224932941,-230.227511714612,1435.59746864438,66.1618361998957,21.0747934706224,-6595.13301024114
4076,9,2020,2.27427,35.431647,1,33292.2921252432,541.017859753197,606.799725964665,63.8092721946891,26.3994177875623,-5070.58255559563
4077,4,2020,2.01406,35.028622,1,28558.8493414823,431.462369589842,1214.48638175428,70.8469677108696,22.8668814911,-3999.76840061844
4078,1,2020,1.491713,35.011236,1,33844.7604879382,-230.705488893317,1435.59746864438,66.1618361998957,21.0747934706224,-6594.3585579453
4079,7,2020,1.533855,35.448918,1,30091.0197087522,1284.94567024497,1544.89988639345,69.8565830901941,22.7426796408311,-3892.63191762779
4080,4,2020,1.959424,35.324677,1,28669.3162106057,1324.27864204853,1143.3993066242,65.5733726153073,22.1932690458871,-2935.92062401449
4081,1,2020,1.728687,35.58767,1,29614.28145743,587.311108654152,928.59011746943,62.4502670958019,24.9813998981469,-4311.24889523084
4082,4,2020,1.507382,35.5001,1,31547.7860645018,2201.71519449702,1435.25971489694,69.1195601985677,23.5425764691852,-4119.18431626679
4083,3,2020,1.495974,35.472715,1,30772.847860311,1582.43925794999,1449.28361546523,69.1195601985677,23.5425764691852,-4396.31647360458
4084,6,2020,3.447458,34.729876,1,28246.8168434966,-1417.40123009534,546.003332397877,61.4390826820092,25.6754535204576,-3414.42020525504
4085,3,2020,2.133727,35.495993,1,35480.3662411068,-914.755395180774,570.865170355886,65.2403757533312,25.8538642153714,-6617.94567538631
4086,4,2020,2.115287,35.543897,1,33318.915936175,-568.066848714275,565.868256691293,65.1396871670986,25.5582317298381,-6489.35767489507
4087,6,2020,2.332446,35.840266,1,31244.4127468093,-2582.32261964701,338.252925193561,62.1970274280896,26.6924123301966,-4460.82101657878
4088,1,2020,1.643532,35.12952,1,29429.605585609,927.884003199224,1476.20518308878,68.5559361386947,21.5328010607722,-3530.04735066765
4089,1,2020,1.488327,35.022295,1,33390.0998052685,-144.582862884316,1435.59746864438,66.1618361998957,21.0747934706224,-6420.78157823357
4090,4,2020,1.589614,34.985221,1,32185.15020573,237.008173198277,1816.32293385267,67.0428806514835,21.5401257242227,-5670.30014125808
4091,9,2020,1.309221,35.207071,1,30050.0431871382,1714.88267905866,1774.37345803529,79.551299088653,17.5901091813607,-3961.27478397842
4092,4,2020,3.085175,36.090699,1,37149.2442509757,-2128.76397199472,158.542053714395,55.3974230440028,29.3666369057744,-7364.05576461735
4093,4,2020,2.572518,34.990619,1,31965.6042016285,70.0343682944076,658.920947873965,63.4958581219728,25.8883189501876,-5303.78522485871
4094,4,2020,2.572518,34.990619,1,31965.8953940199,69.9810149987997,658.920947873965,63.4958581219728,25.8883189501876,-5304.05480615499
4095,6,2020,1.495549,35.707923,1,29396.3002953728,1184.67207550975,1014.77590975352,63.6600165997673,24.569023925142,-3934.83841910111
4096,11,2020,1.501555,35.806497,1,27605.2991322189,255.235305647471,1001.97527049562,60.9826756925127,24.3580397315799,-3602.99903818182
4097,6,2020,2.160457,35.06084,1,27021.6709792789,1768.52625701851,1138.56358516961,68.1698607743946,21.319706762901,-2238.79597300804
4098,1,2020,1.393826159,35.00617904,1,32383.8380701197,-111.542268071107,1520.13927781582,68.3165763825861,19.6351413421075,-6465.81174688193
4161,10,2020,1.728687,35.58767,1,29614.1829615576,587.420272546276,928.59011746943,62.4502670958019,24.9813998981469,-4311.25983041355
4404,9,2020,1.786263,35.055296,1,31764.5509702584,182.036097621229,1261.1070608566,68.447766957474,23.4935338454788,-5409.18594048453
4405,6,2020,1.495974,35.472715,1,30772.991047776,1582.17977574953,1449.29853466971,69.1195601985677,23.5425764691852,-4396.5860680506
4406,6,2020,1.648451,35.609547,1,31545.1641357299,724.909499391302,1037.55930575122,63.0114162068433,25.353136510452,-5300.5920113451
4407,12,2020,1.648451,35.609547,1,31540.5602039067,726.502437117892,1038.10739193751,63.0150359237608,25.3555344137507,-5297.67005280171
4408,7,2020,1.728687,35.58767,1,29616.6089831148,589.237540220643,928.59011746943,62.4502670958019,24.9813998981469,-4309.43333241605
4409,7,2020,1.536662,35.631419,1,28888.7942081205,1510.55109791958,1205.18612413108,66.3430647457535,24.8094057183882,-3798.35181416996
4410,2,2020,1.536662,35.631419,1,28892.7553246966,1508.48015262339,1205.18612413108,66.3430647457535,24.8094057183882,-3800.25885390288
4411,1,2020,1.648451,35.609547,1,31544.1330650106,724.644431914511,1037.34857735754,63.0100244966512,25.3522145636434,-5300.0192548682
4412,3,2020,1.648451,35.609547,1,31543.9066939134,725.268880269663,1037.66789710312,63.0121333749883,25.3536116028142,-5299.80303906873
4413,3,2020,1.648451,35.609547,1,31545.6082006585,724.601694236201,1037.42359913342,63.0105199617772,25.3525427875037,-5300.89380540585
4414,2,2020,1.495974,35.472715,1,30772.5423001989,1584.44079435653,1449.23788736815,69.1195601985677,23.5425764691852,-4394.95158676373
4415,8,2020,1.648451,35.609547,1,31540.0783102219,726.30664759327,1037.96597334708,63.0141019552043,25.3549157006487,-5297.40453900677
4416,8,2020,1.536662,35.631419,1,28892.5028400213,1508.63866423699,1205.18612413108,66.3430647457535,24.8094057183882,-3800.11161464076
4417,8,2020,1.535821,35.675145,1,28187.109746393,1442.62400017127,1174.42580786138,63.6600165997673,24.569023925142,-2971.49311068918
4418,8,2020,1.495549,35.707923,1,29399.7131979554,1183.89031852738,1014.77590975352,63.6600165997673,24.569023925142,-3934.76909595608
4419,11,2020,1.495974,35.472715,1,30773.0701172778,1585.71840008733,1449.27139860588,69.1195601985677,23.5425764691852,-4394.72796555223
4422,2,2020,1.734344,35.324677,1,27316.8104640615,2467.06711771877,1470.02509889007,66.3044026247517,18.8491735135271,-2047.73693601214
4454,5,2020,1.797533,35.368568,1,27766.4196057752,1140.68815688975,1358.09977624182,64.2340330506564,22.303859412605,-3145.53991119839
4485,1,2020,1.261311,35.286253,1,30340.3490067209,2492.58214975718,1943.73433203995,80.4867773699318,17.4673969435562,-3220.44243856326
4486,7,2020,1.648451,35.609547,1,31539.73175678,726.430034450554,1038.008851893,63.0143851373059,25.3551032963394,-5297.18372964248
4504,11,2020,1.533855,35.448918,1,30090.3422988932,1284.06697562232,1544.49634789071,69.8528962154127,22.7466810354658,-3892.22533595891
4505,3,2020,1.58823,35.43436,1,28699.1433550175,2542.02460951924,1676.39966970682,67.7735006210338,19.6966812335294,-2778.70289986677
4507,6,2020,1.533855,35.448918,1,30090.9518845748,1284.3386342258,1544.59066725243,69.8537579514646,22.745745786449,-3892.60268679341
4508,2,2020,1.739282,35.467237,1,29602.8263768964,1000.27996634746,1313.94604972005,63.8993580215618,23.3524142690912,-3970.65986110989
4509,3,2020,1.797533,35.368568,1,27766.7926990556,1139.80364264777,1358.0550825068,64.2340330506564,22.303859412605,-3146.28248443288
4510,1,2020,1.797533,35.368568,1,27764.8076349491,1142.64156321557,1358.92944492196,64.2340330506564,22.303859412605,-3142.99687693182
4511,10,2020,1.797533,35.368568,1,27763.7685449691,1145.09255468156,1359.0676908827,64.2340330506564,22.303859412605,-3140.93212549273
4512,4,2020,1.797533,35.368568,1,27765.1238936476,1140.4735491194,1359.36184353372,64.2340330506564,22.303859412605,-3144.13284191806
4513,3,2020,1.533855,35.448918,1,30086.5517642137,1284.94857524356,1545.24819040522,69.8597653225426,22.7392259386578,-3889.82497064899
4514,3,2020,1.728687,35.58767,1,29615.6417183207,588.121750836534,928.59011746943,62.4502670958019,24.9813998981469,-4310.2954436392
4515,4,2020,1.495974,35.472715,1,30772.5621238101,1588.23093924899,1449.20282314828,69.1195601985677,23.5425764691852,-4392.91086086372
4516,4,2020,1.648451,35.609547,1,31539.545518056,726.083665997721,1037.80842286217,63.0130614470327,25.3542264097362,-5297.11565617885
4517,5,2020,1.797533,35.368568,1,27764.6687160333,1143.90117968166,1358.63291702169,64.2340330506564,22.303859412605,-3142.38867127429
4518,2,2020,1.666667,35.466667,1,28799.5085087587,2779.63133020052,1349.60493211448,63.8993580215618,23.3524142690912,-2616.76081731748
4519,5,2020,1.739282,35.467237,1,29601.7262972599,1002.80292098594,1313.94604972005,63.8993580215618,23.3524142690912,-3967.78781227096
4520,4,2020,1.797533,35.368568,1,27764.3706747328,1143.76901352413,1358.95465198581,64.2340330506563,22.303859412605,-3142.09414303313
4522,1,2020,1.442384,35.137879,1,30542.9424105091,-6.99239119878834,1617.88047794444,72.2802589252493,19.5857320626875,-5257.4018751012
4523,1,2020,1.24816,35.110432,1,30012.6026097275,1948.97130756689,2227.30553144488,77.6117885912118,16.2426708576144,-3296.80212040655
4525,4,2020,1.495974,35.472715,1,30773.6141489206,1583.79419873207,1449.33749315178,69.1195601985677,23.5425764691852,-4396.25573213578
4526,12,2020,1.966667,35.2,1,28849.8618368149,924.590089529642,1351.83871960966,67.5926676923138,19.6933726611251,-2914.56209459459
4527,12,2020,1.790621991,35.30270424,1,26780.8268165809,690.726945144409,1396.77085787576,65.114097010121,21.3074352500652,-3150.69388965574
4528,9,2020,1.797533,35.368568,1,27763.964040196,1145.98228833485,1358.58204305897,64.2340330506564,22.303859412605,-3140.83944847226
4529,2,2020,2.090336,35.095369,1,28889.6523373232,1438.54111147152,1206.57322865123,69.1083558241124,20.9652937321064,-3667.19571755765
4530,1,2020,1.913,35.3628,1,30669.0305891688,730.597267537937,947.549860842526,64.1401107253079,24.7906302370444,-4516.45635196201
4531,5,2020,1.966667,35.2,1,28853.8287686987,927.412240770099,1351.83166496529,67.5926676923138,19.6933726611251,-2919.9594331347
4532,10,2020,1.966667,35.2,1,28854.4327961762,926.0556141108,1351.83063242827,67.5926676923138,19.6933726611251,-2918.30076065368
4589,1,2020,1.599022,35.291743,1,28963.5272761549,2055.61861172744,1537.76301261752,68.4858020820599,18.7361126126705,-3447.09049634044
4659,12,2020,1.648451,35.609547,1,31542.3707725267,725.660685890205,1037.77454548386,63.0128377111997,25.3540781945846,-5298.84436885597
4664,4,2020,1.495974,35.472715,1,30772.8223112926,1584.43120576751,1449.26225266795,69.1195601985677,23.5425764691852,-4395.20797002545
4665,5,2020,1.369505,35.56305,1,28529.5346224884,3764.9803814491,1810.62710061669,70.5199730855039,22.1532059695551,-1722.94560269119
4668,4,2020,1.648451,35.609547,1,31547.7973109498,724.178247517655,1037.3424367614,63.0099839424094,25.3521876982413,-5302.23987635005
4669,4,2020,1.495974,35.472715,1,30773.0432890114,1587.14698472737,1449.25523099762,69.1195601985677,23.5425764691852,-4393.92755789425
4670,9,2020,1.648451,35.609547,1,31542.7235549814,725.000712716282,1037.44446031493,63.0106577349477,25.3526340561713,-5299.13953429313
4671,10,2020,1.536662,35.631419,1,28893.8796462765,1508.99785921098,1205.18612413108,66.3430647457535,24.8094057183882,-3799.73811600551
4687,6,2020,1.300454,35.199375,1,30355.616265791,1869.95935491096,2213.75578487277,79.551299088653,17.5901091813607,-3617.80162821262
4688,5,2020,1.966667,35.2,1,28849.0128223213,926.29293807159,1351.84021415132,67.5926676923138,19.6933726611251,-2916.60987570452
4692,7,2020,1.511485,35.280762,1,30047.0146389078,1264.07776740632,1583.51687938347,71.1314107142595,20.6922202195409,-4600.99110836708
4797,10,2020,1.495974,35.472715,1,30773.1088097191,1583.51519721091,1449.295984678,69.1195601985677,23.5425764691852,-4395.96231145794
4798,9,2020,1.728687,35.58767,1,29615.6587922806,588.240353684388,928.59011746943,62.4502670958019,24.9813998981469,-4310.2463685691
4799,9,2020,1.495974,35.472715,1,30773.3407331489,1585.48027050595,1449.29733712439,69.1195601985677,23.5425764691852,-4395.09660665029
4800,12,2020,1.495974,35.472715,1,30772.9807148311,1587.39096859169,1449.24740521225,69.1195601985677,23.5425764691852,-4393.73960091308
4801,7,2020,1.495974,35.472715,1,30773.5474719588,1582.32072340612,1449.34573245894,69.1195601985677,23.5425764691852,-4397.00188794554
4803,9,2020,1.648451,35.609547,1,31539.9929219521,726.226519519113,1038.11341115832,63.0150756764054,25.3555607481298,-5297.45310310427
4804,8,2020,1.535821,35.675145,1,28195.6563412762,1442.81548732279,1174.42580786138,63.6600165997673,24.569023925142,-2971.81404057595
4805,8,2020,1.495549,35.707923,1,29399.8856955463,1185.83264558787,1014.77590975352,63.6600165997673,24.569023925142,-3935.82725009857
4806,8,2020,1.507382,35.5001,1,31549.7300634628,2204.14225871652,1435.69845254225,69.1195601985677,23.5425764691852,-4118.57032762306
4807,8,2020,1.536662,35.631419,1,28892.107383763,1509.68303516021,1205.18612413108,66.3430647457535,24.8094057183882,-3799.11847847671
4808,8,2020,1.507382,35.5001,1,31538.1382686553,2200.62375798493,1435.12983131827,69.1195601985678,23.5425764691852,-4115.92585310629
4809,8,2020,1.648451,35.609547,1,31536.5149983479,726.958395828508,1038.06973150426,63.0147872035581,25.3553696475526,-5295.20471324971
5132,10,2020,1.400963,35.573993,1,30706.0667068963,2271.12339862241,1635.54066925657,70.5199730855039,22.1532059695551,-3857.62992442302
5194,3,2020,1.536662,35.631419,1,28892.8242580706,1509.07410781315,1205.18612413108,66.3430647457535,24.8094057183882,-3799.687499167
5195,12,2020,1.739282,35.467237,1,29604.7191662013,1001.12808979404,1313.94604972005,63.8993580215618,23.3524142690912,-3970.65264908614
5196,6,2020,2.295554,35.181869,1,27790.0554330814,1667.5019812343,1113.41606154344,65.3993133452103,23.9010811901267,-2925.12435680191
5197,7,2020,1.966667,35.2,1,28852.0348239343,925.481725609769,1351.83487637162,67.5926676923138,19.6933726611251,-2916.61005886621
5198,12,2020,1.966667,35.2,1,28854.22768195,928.255082768417,1351.83093592844,67.5926676923137,19.6933726611251,-2921.27853504811
5199,3,2020,1.966667,35.2,1,28858.9549769707,929.224629730727,1351.82251311909,67.5926676923138,19.6933726611251,-2924.38739815028
5200,4,2020,1.790618,35.051628,1,31025.1269775504,505.067595383396,1298.70595633227,69.1371102038798,23.3743487523494,-4848.9281752481
5201,2,2020,1.786263,35.055296,1,31766.9205888826,180.60709103852,1260.6659458863,68.4396794958127,23.4949321399805,-5410.45907011105
5202,1,2020,1.261311,35.286253,1,30346.3641807995,2488.90414355052,1943.73433203995,80.4867773699318,17.4673969435562,-3222.70637029379
5204,6,2020,1.445108,34.983731,1,31824.05706979,1017.52024550722,1782.24472958467,67.5327313253453,20.1588537665325,-5276.59022105126
5221,9,2020,1.648451,35.609547,1,31540.5113259128,726.422585521405,1038.05996700157,63.0147227160076,25.355326927386,-5297.64948930783
5222,4,2020,1.648451,35.609547,1,31536.7855985331,726.620200034138,1037.9066590783,63.0137102269186,25.3546561978837,-5295.40906384987
5223,4,2020,3.25964,35.631419,1,37236.4608964185,-2185.14394971989,294.509500849701,56.140673963733,28.334833698238,-7529.21248211465
5224,4,2020,3.115517,35.604079,1,33218.528586823,-2270.96453308077,301.829031142492,56.4556534850059,28.544943388086,-5228.48521609317
5225,7,2020,1.786263,35.055296,1,31764.820287154,182.00912675695,1261.16112195768,68.4487581210295,23.493362476685,-5409.39345444523
5226,9,2020,1.786263,35.055296,1,31760.5151544109,183.129580085952,1260.82752947914,68.4426419913075,23.4944199346267,-5406.40180076868
5227,7,2020,1.728687,35.58767,1,29613.5662743428,586.325525698524,928.59011746943,62.4502670958019,24.9813998981469,-4311.94340522543
5228,4,2020,2.563048,35.258796,1,36513.520831487,-1564.27233508388,378.291780032683,61.6565174865796,27.0013051413447,-7509.59644585316
5229,9,2020,3.115511,35.604176,1,33230.2247344915,-2279.04600554259,302.120488241734,56.4556534850059,28.544943388086,-5236.76407488804
5230,8,2020,1.776522,35.502838,1,31662.38185403,584.458878571955,1138.01204030687,63.3815115432646,24.7979353336689,-4751.85078888092
5231,11,2020,2.133727,35.495993,1,35484.6743316051,-914.872159582722,570.865170355886,65.2403757533312,25.8538642153714,-6620.98109325035
5232,5,2020,3.121573,35.554842,1,37828.6813694353,-2794.82008326466,274.443024678621,56.4556534850059,28.544943388086,-6751.58096988776
5233,11,2020,2.074883,35.455111,1,32541.8632054589,-513.342376373299,673.352338608354,65.2403757533312,25.8538642153714,-5541.74772153326
5234,2,2020,1.489864,35.010159,1,33759.3654930856,-121.802421464919,1435.59746864438,66.1618361998957,21.0747934706224,-6467.72743090114
5235,5,2020,2.188268,35.236825,1,30201.848397643,936.120942620367,1062.05815089308,66.4925451612255,23.3418808685192,-2819.16339898746
5236,2,2020,1.491713,35.011236,1,33843.7626515701,-228.401287286959,1435.59746864438,66.1618361998957,21.0747934706224,-6592.28406433604
5237,1,2020,1.491713,35.011236,1,33844.0928784649,-226.964878614978,1435.59746864438,66.1618361998957,21.0747934706224,-6592.48199348189
5238,3,2020,1.489864,35.010159,1,33756.7243460386,-118.869830053169,1435.59746864438,66.1618361998957,21.0747934706224,-6464.47127057648
5239,5,2020,1.518026,34.92861,1,30303.5224443675,1134.8601257684,1828.29444494843,63.4449429125142,21.6280770508536,-4589.24309015204
5240,5,2020,1.489864,35.010159,1,33758.948466138,-120.352326157959,1435.59746864438,66.1618361998957,21.0747934706224,-6467.61199783951
5241,7,2020,1.489864,35.010159,1,33757.9321853389,-119.380531229809,1435.59746864438,66.1618361998957,21.0747934706224,-6466.29926221302
5242,6,2020,4.138652,35.913845,1,29585.7620362475,-3399.15410325915,617.401956371963,60.1843558374123,29.3595899578435,-3234.54543954712
5243,7,2020,1.925084,35.156148,1,29398.3596702157,1012.73757266686,1351.57305689156,66.808613200381,21.3257755918798,-4032.75024242821
5244,11,2020,1.491713,35.011236,1,33843.0526004158,-226.861001091616,1435.59746864438,66.1618361998957,21.0747934706224,-6590.84751629284
5245,3,2020,1.728687,35.58767,1,29616.4207107969,589.108719628008,928.59011746943,62.4502670958019,24.9813998981469,-4309.5707898484
5246,3,2020,2.095474,35.094626,1,28619.7761443798,1362.08870134741,1204.49286989532,69.1083558241124,20.9652937321064,-3554.60346873722
5247,3,2020,1.495974,35.472715,1,30773.3295977471,1584.90727032402,1449.30188082024,69.1195601985677,23.5425764691852,-4395.39887875919
5248,3,2020,1.495974,35.472715,1,30773.5506765653,1580.91912804916,1449.35935865036,69.1195601985677,23.5425764691852,-4397.77114382586
5249,3,2020,1.495974,35.472715,1,30773.5270314572,1584.39923899157,1449.32405205455,69.1195601985677,23.5425764691852,-4395.84933441238
5250,3,2020,1.739282,35.467237,1,29601.8381886302,1004.221929966,1313.94604972005,63.8993580215617,23.3524142690912,-3966.48674608028
5251,9,2020,1.648451,35.609547,1,31542.231828589,724.89465371234,1037.35607926389,63.0100740413724,25.3522473848427,-5298.86570743305
5252,5,2020,1.648451,35.609547,1,31538.6589322156,726.74296041446,1038.103846575,63.0150125091793,25.35551890262,-5296.50804169354
5253,2,2020,1.648451,35.609547,1,31540.3163411418,726.405859805148,1038.03694534614,63.0145706744534,25.3552262065416,-5297.53498925306
5254,5,2020,1.495974,35.472715,1,30772.2772955003,1584.80978804559,1449.21142859453,69.1195601985677,23.5425764691852,-4394.51156487729
5255,1,2020,1.495974,35.472715,1,30772.7497464191,1582.43694023338,1449.27513050961,69.1195601985677,23.5425764691852,-4396.22977555999
5256,3,2020,1.536662,35.631419,1,28890.9915993351,1508.88935432441,1205.18612413108,66.3430647457535,24.8094057183882,-3799.89881132347
5257,5,2020,1.495974,35.472715,1,30773.6019901606,1582.44345992379,1449.34933784746,69.1195601985677,23.5425764691852,-4396.98269751647
5258,1,2020,1.495549,35.707923,1,29399.0314745539,1183.55782346034,1014.77590975352,63.6600165997673,24.569023925142,-3934.52581717955
5259,5,2020,1.495974,35.472715,1,30773.2284937524,1580.09746336555,1449.3390444455,69.1195601985677,23.5425764691852,-4397.93571076704
5260,6,2020,1.728687,35.58767,1,29615.0259300079,587.580916801629,928.59011746943,62.4502670958019,24.9813998981469,-4310.78674329033
5261,5,2020,1.495974,35.472715,1,30773.5730221999,1583.41441870421,1449.33752153039,69.1195601985677,23.5425764691852,-4396.4269787468
5262,10,2020,1.728687,35.58767,1,29614.984666707,587.849908430884,928.59011746943,62.4502670958019,24.9813998981469,-4310.71485080353
5263,11,2020,1.536662,35.631419,1,28888.4495253711,1512.10415960782,1205.18612413108,66.3430647457535,24.8094057183882,-3796.88304841505
5264,11,2020,1.495549,35.707923,1,29401.1062484053,1184.90265554674,1014.77590975352,63.6600165997673,24.569023925142,-3935.44630605634
5265,11,2020,1.648451,35.609547,1,31539.073276546,726.379159116691,1037.93511579479,63.0138981631605,25.3547806973804,-5296.79798287677
5266,12,2020,1.797533,35.368568,1,27766.1754881018,1139.78922850044,1358.62627425316,64.2340330506563,22.303859412605,-3145.58096436546
5267,11,2020,1.648451,35.609547,1,31538.265234561,726.704150218781,1038.05484031957,63.0146888579429,25.3553044979068,-5296.2778124484
5268,12,2020,1.728687,35.58767,1,29613.8272929545,586.946772819433,928.59011746943,62.4502670958019,24.9813998981469,-4311.59960352851
5269,12,2020,1.728687,35.58767,1,29615.3067067945,588.236244044326,928.59011746943,62.4502670958019,24.9813998981469,-4310.42232623498
5270,9,2020,1.495974,35.472715,1,30773.3127776407,1582.8152692043,1449.32048339636,69.1195601985677,23.5425764691852,-4396.52490400923
5271,9,2020,1.495974,35.472715,1,30773.0109646075,1582.5366996476,1449.29684930894,69.1195601985677,23.5425764691852,-4396.40902550292
5272,9,2020,1.728687,35.58767,1,29614.4839344239,587.885259080239,928.59011746943,62.4502670958019,24.9813998981469,-4310.95004128787
5735,1,2020,2.563048,35.258796,1,36514.6809559784,-1566.07826695985,378.291780032683,61.6565174865796,27.0013051413447,-7507.84075891991
5738,4,2020,1.966667,35.2,1,28852.7601832585,927.119968454715,1351.83356448254,67.5926676923138,19.6933726611251,-2919.15522183222
5739,5,2020,2.3729,35.6422,1,38566.4197294425,-3344.91598964802,417.329667340309,61.0480755630414,25.9483101717979,-6967.4754341472
5740,5,2020,1.966667,35.2,1,28847.4840253564,924.933197088586,1351.84291832469,67.5926676923138,19.6933726611251,-2914.15213623778
5741,5,2020,1.966667,35.2,1,28849.6193569019,927.427688383502,1351.83913381602,67.5926676923138,19.6933726611251,-2918.41151236191
5742,6,2020,2.074883,35.455111,1,32544.424323473,-514.207625301931,673.352338608354,65.2403757533312,25.8538642153714,-5542.56707273748
5744,7,2020,3.252514,35.806178,1,29362.3168588469,-3034.95784959699,213.704884786836,55.3011303066461,29.0202140175646,-3236.37284674997
5745,7,2020,1.966667,35.2,1,28850.3405952474,927.315399940397,1351.83785325026,67.5926676923138,19.6933726611251,-2918.52451517094
5746,7,2020,1.966667,35.2,1,28847.1209706724,925.946675203703,1351.84356770694,67.5926676923137,19.6933726611251,-2915.42383141761
5747,8,2020,3.798133,34.840341,1,30215.1078346798,2047.9408092081,395.449084998703,60.7220125157579,27.4255830809936,-2748.87482715042
5748,8,2020,2.133727,35.495993,1,35477.0777687886,-908.426990032358,570.865170355886,65.2403757533312,25.8538642153714,-6617.10890767645
5750,8,2020,2.076213,35.45491,1,32727.7728997489,-567.310157017528,673.352338608354,65.2403757533312,25.8538642153714,-5602.72751805849
5752,8,2020,2.076213,35.45491,1,32733.1461984273,-568.939668778251,673.352338608354,65.2403757533312,25.8538642153714,-5604.43391803227
5753,8,2020,1.966667,35.2,1,28847.0266224884,926.308028671524,1351.84373783837,67.5926676923137,19.6933726611251,-2915.89032930412
5756,4,2020,2.161412,35.407471,1,30647.3907105205,1799.30660911552,568.998435436806,65.3525762469999,26.1541498465617,-3591.32721251781
5794,4,2020,2.563048,35.258796,1,36519.3908936694,-1567.62058354382,378.291780032683,61.6565174865796,27.0013051413447,-7508.30863601397
5911,3,2020,1.728687,35.58767,1,29616.8909030528,589.396451928291,928.59011746943,62.4502670958019,24.9813998981469,-4309.23914075267
6003,10,2020,1.49424,35.405583,1,28425.2902203364,2638.35947645268,1609.1340112799,71.2459118037926,21.2348300961632,-2522.32597179021
6114,4,2020,1.648451,35.609547,1,31539.7723435424,725.799470062598,1037.67182803061,63.0121593359505,25.3536288008101,-5297.28783738628
6115,12,2020,1.397999,35.586864,1,31072.2798153551,1977.51175642051,1762.86406452695,70.5199730855039,22.1532059695551,-4006.45220701335
6121,3,2020,1.402011901,35.58796422,1,31823.8369303751,1980.82121049752,1591.62021119957,70.5199730855039,22.1532059695551,-4552.116711226
6127,12,2020,1.397999,35.586864,1,31069.7290410851,1978.7538361129,1760.97574828664,70.5199730855039,22.1532059695551,-4005.90368991483
6154,12,2020,1.231195,35.971367,1,28624.0014321427,45.5372764162021,1231.2956662022,64.2942618327372,23.3457835609145,-4422.62739319699
6155,7,2020,1.400963,35.573993,1,30703.088457203,2266.51457942039,1636.67107478621,70.5199730855039,22.1532059695551,-3859.68067932206
6156,5,2020,1.397999,35.586864,1,31060.4431725433,1979.59390463855,1761.83775698078,70.5199730855039,22.1532059695551,-3999.59029437068
6157,10,2020,1.495549,35.707923,1,29394.0111521732,1184.11391723482,1014.77590975352,63.6600165997673,24.569023925142,-3934.30602428809
6158,11,2020,1.495549,35.707923,1,29395.4398837207,1183.7889808169,1014.77590975352,63.6600165997673,24.569023925142,-3934.28200516843
6159,3,2020,2.079229,35.165971,1,28526.2624699832,1904.59858214311,1290.03988487646,67.1375275373875,21.0628950615833,-2744.0771497727
6161,9,2020,1.728687,35.58767,1,29614.4387715634,586.975549138451,928.59011746943,62.4502670958019,24.9813998981469,-4311.28623441444
6162,11,2020,1.635839,35.049829,1,31370.0700438996,673.967494612354,1434.394865037,67.3913891262841,21.5384386034865,-5226.37457619778
6163,5,2020,1.400963,35.573993,1,30714.8049085366,2263.3481462366,1634.95887781831,70.5199730855039,22.1532059695551,-3867.89583384096
6164,11,2020,1.489864,35.010159,1,33755.6230937284,-117.367303512105,1435.59746864438,66.1618361998957,21.0747934706224,-6463.24234339
6165,12,2020,1.507382,35.5001,1,31546.100126778,2200.24654024029,1434.99877287186,69.1195601985677,23.5425764691852,-4119.35053628414
6166,12,2020,1.536662,35.631419,1,28892.6315279238,1510.51621919157,1205.18612413108,66.3430647457535,24.8094057183882,-3798.30856901801
6198,9,2020,1.495974,35.472715,1,30773.4089534968,1581.68857604658,1449.33964387736,69.1195601985677,23.5425764691852,-4397.22535030796
6199,6,2020,1.648451,35.609547,1,31541.2770417816,726.021172819668,1037.89444779927,63.013629580162,25.3546027729535,-5298.1514342432
6200,6,2020,1.648451,35.609547,1,31541.1024317491,725.920253259544,1037.82751795525,63.0131875564534,25.3543099516824,-5298.05980864324
6201,12,2020,1.728687,35.58767,1,29614.6661726294,587.380939488029,928.59011746943,62.4502670958019,24.9813998981469,-4311.03410825322
6202,7,2020,1.536662,35.631419,1,28889.1961418303,1510.0636413117,1205.18612413108,66.3430647457535,24.8094057183882,-3798.80876087741
6203,7,2020,1.536662,35.631419,1,28889.0801617811,1510.15390525603,1205.18612413108,66.3430647457535,24.8094057183882,-3798.72477268952
6204,2,2020,1.648451,35.609547,1,31542.9053205453,725.154800190735,1037.53862040599,63.0112795949454,25.3530460110765,-5299.22547146912
6205,1,2020,1.648451,35.609547,1,31537.1270566502,726.707850661112,1038.11341115832,63.0150756764054,25.3555607481298,-5295.66082369101
6206,3,2020,1.648451,35.609547,1,31540.8253359381,726.448180669038,1038.09646354834,63.0149637495733,25.355486601525,-5297.83429379946
6207,3,2020,1.495974,35.472715,1,30773.4009880248,1582.35446973721,1449.33259457072,69.1195601985677,23.5425764691852,-4396.85444530088
6208,2,2020,1.648451,35.609547,1,31540.883991239,725.642223626479,1037.66298585446,63.0121009397066,25.3535901158663,-5297.96609844451
6209,8,2020,1.536662,35.631419,1,28893.6314724419,1508.45480617759,1205.18612413108,66.3430647457535,24.8094057183882,-3800.26572036099
6210,8,2020,1.535821,35.675145,1,28190.0103999021,1442.8311522217,1174.42580786138,63.6600165997673,24.569023925142,-2971.68253841742
6211,8,2020,1.495549,35.707923,1,29394.3065433787,1184.28288758267,1014.77590975352,63.6600165997673,24.569023925142,-3934.42613687621
6212,8,2020,1.495974,35.472715,1,30773.169599692,1580.91992118165,1449.32609342817,69.1195601985677,23.5425764691852,-4397.43343241808
6213,11,2020,1.648451,35.609547,1,31539.5990331636,725.702027891727,1037.60843416402,63.0117406648417,25.3533514496095,-5297.19915582327
6216,2,2020,1.966667,35.2,1,28857.8647298118,928.772612659792,1351.82446677179,67.5926676923138,19.6933726611251,-2923.35318388406
6258,1,2020,1.966667,35.2,1,28854.8520635256,925.099285028974,1351.8299207467,67.5926676923137,19.6933726611251,-2917.12903412195
6298,10,2020,1.495974,35.472715,1,30773.6653149403,1582.07440349052,1449.35840828199,69.1195601985677,23.5425764691852,-4397.23995108418
6299,9,2020,1.728687,35.58767,1,29615.5225221751,587.579156861641,928.59011746943,62.4502670958019,24.9813998981469,-4310.53974299306
6300,9,2020,1.495974,35.472715,1,30773.5815583502,1583.39608561748,1449.33844533113,69.1195601985677,23.5425764691852,-4396.44447248223
6301,12,2020,1.495974,35.472715,1,30773.2046598352,1581.06573528183,1449.32775724257,69.1195601985677,23.5425764691852,-4397.38488073534
6302,7,2020,1.495974,35.472715,1,30772.4844945036,1588.74214668751,1449.19109933469,69.1195601985677,23.5425764691852,-4392.56425727943
6304,9,2020,1.648451,35.609547,1,31545.5712887737,724.77289858739,1037.51316526229,63.0111114819431,25.3529346436045,-5300.84992135234
6305,8,2020,1.535821,35.675145,1,28185.2852196882,1442.97140027973,1174.42580786138,63.6600165997673,24.569023925142,-2971.63933510849
6306,8,2020,1.495549,35.707923,1,29401.0454010687,1185.51266135347,1014.77590975352,63.6600165997673,24.569023925142,-3935.76905409232
6307,8,2020,1.507382,35.5001,1,31545.1045332491,2200.56515523143,1435.06567962255,69.1195601985677,23.5425764691852,-4118.76604168559
6308,8,2020,1.536662,35.631419,1,28891.9156178722,1508.47540916886,1205.18612413108,66.3430647457535,24.8094057183882,-3800.27889060517
6309,8,2020,1.507382,35.5001,1,31539.7685210399,2200.41220843871,1435.07770923534,69.1195601985677,23.5425764691852,-4116.70440569697
6310,8,2020,1.648451,35.609547,1,31541.3866884634,724.969917804843,1037.34052599852,63.0099713231884,25.3521793385623,-5298.35831690024
6334,7,2020,1.231195,35.971367,1,28626.0976492396,44.3754805056246,1231.2956662022,64.2942618327372,23.3457835609145,-4421.68237479077
6336,7,2020,1.734344,35.324677,1,27316.5534795499,2467.99523495079,1470.02509889007,66.3044026247517,18.8491735135271,-2048.24295486791
6337,7,2020,2.057429,35.280762,1,28352.5817580768,1504.84177412618,1263.26937485021,66.24978472061,23.4691145995927,-2576.36538532496
6338,11,2020,1.797533,35.368568,1,27763.8906215956,1142.74022143969,1359.74308452319,64.2340330506564,22.303859412605,-3141.91118120393
6339,12,2020,1.666667,35.466667,1,28800.5444894683,2767.73699883727,1349.60493211448,63.8993580215618,23.3524142690912,-2625.5573826786
6340,10,2020,1.666667,35.466667,1,28799.7428187666,2778.22589327769,1349.60493211448,63.8993580215618,23.3524142690912,-2617.86113900551
6341,6,2020,1.666667,35.466667,1,28800.5792015768,2768.40420825689,1349.60493211448,63.8993580215618,23.3524142690912,-2625.11449287355
6342,6,2020,1.60508,34.983731,1,31261.4795110875,660.301630500671,1676.81369563937,67.0428806514835,21.5401257242227,-5085.82673200479
6343,2,2020,1.533855,35.448918,1,30086.3734619796,1284.003704795,1544.76892670543,69.8553865947721,22.7439782068649,-3889.73225868337
6344,8,2020,1.533855,35.448918,1,30091.9829754146,1283.44958807074,1544.05120122144,69.848829193263,22.7510950070742,-3893.27052476648
6345,8,2020,1.533855,35.448918,1,30091.6886531049,1283.24275277497,1543.96605477078,69.8480512642685,22.7519392996226,-3893.08982795916
6346,8,2020,2.160457,35.06084,1,27021.382904361,1769.72821335274,1138.56358516961,68.1698607743946,21.319706762901,-2237.4021675459
6359,5,2020,1.739282,35.467237,1,29601.5531608539,1003.24144350948,1313.94604972005,63.8993580215617,23.3524142690912,-3967.29700964249
6360,5,2020,1.489864,35.010159,1,33756.0333770307,-119.188172665559,1435.59746864438,66.1618361998957,21.0747934706224,-6463.15065617453
6362,9,2020,1.944077,36.030452,1,31575.5158441539,-2453.668367106,385.146119615432,58.8540071915015,28.0086524845256,-4056.71288338745
6364,7,2020,2.841198,35.040193,1,32187.3362655418,-2493.03078400464,545.897243937128,63.3687771243943,25.8107295920506,-6067.21901025746
6365,8,2020,3.34,35.24,1,36340.0529681844,-1522.34420343082,396.111059210263,59.0932961838013,27.7869003108291,-6381.84216576591
6367,10,2020,1.776522,35.502838,1,31663.6116571048,585.60943659827,1138.14535979605,63.3815115432646,24.7979353336689,-4749.61650984733
6368,9,2020,3.121705,35.621338,1,32384.3629209894,-1037.16776711332,303.874628212536,56.4556534850059,28.544943388086,-4689.01354052541
6370,6,2020,3.41045,35.609547,1,38115.166016583,-2587.43222659191,319.072548620403,56.8396717427667,28.4650700477086,-5967.2148656996
6371,3,2020,2.133727,35.495993,1,35491.0746176634,-915.372479504665,570.865170355886,65.2403757533312,25.8538642153714,-6625.41736922643
6372,9,2020,3.626795,36.002295,1,19056.2151427347,-5084.38429194578,853.931210705784,60.1347574366426,29.50011467786,-370.641008856688
6373,1,2020,2.998898,36.062158,1,36197.5280598479,-2157.45521880107,189.075129036057,54.6500792413145,29.6322894772111,-5405.25381635553
6376,2,2020,3.526905,35.857986,1,34610.8695648247,-2430.07716509646,303.462472122628,56.692813324082,29.4474178800601,-4978.19692720424
6377,9,2020,1.776522,35.502838,1,31657.0349924923,589.911059968797,1138.6954568562,63.3815115432646,24.7979353336689,-4742.40413438277
6379,6,2020,4.0338522,35.751607,1,27817.1357870819,-2931.44129199486,335.413947698882,57.4874073801697,28.2986463300717,-2863.88228561761
6380,3,2020,3.121573,35.554842,1,37827.5517012247,-2792.25092566898,274.443024678621,56.4556534850059,28.544943388086,-6763.56432475468
6384,8,2020,4.138652,35.913845,1,29584.6368162321,-3398.36748730587,617.401956371963,60.1843558374123,29.3595899578435,-3235.38605826233
6388,8,2020,3.115511,35.604176,1,33231.9528539953,-2278.6180078189,302.07070950675,56.4556534850059,28.544943388086,-5236.94511042798
6389,1,2020,2.056447,35.430011,1,31684.9892076034,885.698489398581,713.644891038537,65.8840408877239,25.7967344197202,-4672.14959629315
6391,10,2020,2.966667,34.7,1,27767.2572802916,1377.96624100206,925.395165846436,66.5691046963544,24.2468870409634,-2856.14137415954
6395,10,2020,3.085175,36.090699,1,37146.9147324983,-2127.25576215351,158.542053714395,55.3974230440028,29.3666369057744,-7362.58896487671
6400,9,2020,2.757745,34.87759,1,30418.2183738174,-1351.64383767104,683.808660244569,65.615382525249,24.9077327992313,-5424.26467787774
6401,1,2020,3.115517,35.604079,1,33216.5575568504,-2267.49209634715,301.658943991922,56.4556534850059,28.544943388086,-5225.73543660404
6403,10,2020,2.274269,35.43162,1,33312.8892549104,532.42389511233,606.799725964665,63.8092721946891,26.3994177875623,-5082.83331469664
6406,5,2020,3.526905,35.857986,1,34604.6640630747,-2428.02786175864,303.462472122628,56.692813324082,29.4474178800601,-4975.38023576211
6408,11,2020,4.2758,35.746148,1,27232.8885187558,-1716.24819270402,509.599096700083,57.3423193326191,27.5437366930296,-2323.39048386511
6410,8,2020,3.747678,35.833449,1,32715.9017110849,-3339.05813297696,439.572313799157,55.8102319996324,29.1729306618005,-3920.62448333424
6412,12,2020,2.890109,35.267034,1,34260.9309210196,-2400.39707894977,328.193914073985,58.0154835524649,27.2669610480359,-6180.30166243357
6414,8,2020,2.998898,36.062158,1,36208.6701101036,-2165.91154557503,189.074691955557,54.6500792413145,29.6322894772111,-5413.21468168664
6416,8,2020,3.189715,35.718846,1,39663.4369169604,-2899.82679561695,262.553988519066,55.7158421813261,28.721496860664,-8065.53170950099
6425,6,2020,2.520439,35.376795,1,33484.6260625509,-575.609842572321,398.312285538064,61.7723579435548,26.8197221050714,-6549.04019232539
6427,1,2020,2.710267,36.241388,1,37028.5511652903,-3788.92569782473,210.681911081525,51.4245448557733,29.8300636173381,-5948.61643441428
6429,4,2020,2.998898,36.062158,1,36210.7458194972,-2168.31749351912,189.075393404301,54.6500792413145,29.6322894772111,-5415.02176567078
6431,5,2020,3.495904,36.040405,1,24386.0103070091,-3595.79482862266,823.164485564354,59.9366230607438,29.5752281654511,-1194.51085032002
6432,8,2020,3.526905,35.857986,1,34605.8816480922,-2428.15305581839,303.462472122628,56.692813324082,29.4474178800601,-4975.8664728687
6434,10,2020,3.414969,35.893414,1,36386.6038847176,-3349.31579995173,214.332357663432,56.2652345305008,29.3457473178162,-6896.73099870448
6438,8,2020,3.115517,35.604079,1,33227.5576326267,-2274.55041734474,301.902697687641,56.4556534850059,28.544943388086,-5233.16754309126
6440,5,2020,3.312248,35.565786,1,37033.5515565089,-2868.25452833124,358.919472644106,56.140673963733,28.334833698238,-6215.90202928358
6442,1,2020,3.055,34.641389,1,28346.6630124591,1724.80268075416,1161.30268598389,66.7748216479429,23.7658940909908,-2665.15133214627
6451,1,2020,3.526905,35.857986,1,34603.2637790129,-2428.12765041742,303.462472122628,56.692813324082,29.4474178800601,-4974.87935394627
6453,7,2020,2.91825,35.404212,1,33783.9044384441,-1172.80494266875,332.484038930165,58.5024302103496,27.5695846925885,-5463.36222755391
6456,8,2020,2.133727,35.495993,1,35468.7711206159,-906.301979403006,570.865170355886,65.2403757533311,25.8538642153714,-6611.70247049512
6457,5,2020,3.982908,35.479562,1,28593.4291550918,-2237.79692367805,365.258844924392,56.43078865149,27.491758309036,-3652.49307429996
6458,8,2020,2.757745,34.87759,1,30420.1173157813,-1356.0730806712,683.808660244569,65.615382525249,24.9077327992313,-5425.88544464817
6460,9,2020,3.123311,36.063517,1,33917.973064637,-542.410919503021,169.866370044649,55.3974230440028,29.3666369057744,-5360.04283258465
6462,10,2020,3.085175,36.090699,1,37185.4260404411,-2141.81482576751,158.542053714395,55.3974230440028,29.3666369057744,-7385.97104194163
6471,10,2020,3.115517,35.604079,1,33224.0846038543,-2272.61042350405,301.84241652801,56.4556534850059,28.544943388086,-5231.00500733777
6472,9,2020,2.870214,34.950663,1,29187.875009274,-864.109463687498,682.546722311218,65.4481523896155,24.1585962889374,-3520.06346740783
6473,2,2020,2.274269,35.43162,1,33282.0672222011,547.410029792652,606.799725964665,63.8092721946891,26.3994177875623,-5063.33881274894
6474,6,2020,2.91825,35.404212,1,33782.8405498009,-1174.91216997469,332.069306054981,58.5024302103496,27.5695846925885,-5462.31661508402
6476,7,2020,3.057316,35.718846,1,30934.8220542394,-3969.7096317118,250.540177340258,55.7038539198802,28.7738141680778,-1484.16273914872
6477,10,2020,2.97263,35.554842,1,39747.0693908149,-3040.3186045044,283.047055065865,57.0863637591914,28.3430442052678,-7429.87086143345
6489,6,2020,2.757978,36.721852,1,27969.774383096,-3193.59013237856,320.914805759676,53.3115885822471,29.8660323353196,-2325.83532694638
6491,9,2020,3.526905,35.857986,1,34604.2850847673,-2428.237482204,303.462472122628,56.692813324082,29.4474178800601,-4975.28842632475
6492,7,2020,3.526905,35.857986,1,34611.6691456901,-2430.31139878093,303.462472122628,56.692813324082,29.4474178800601,-4978.5527531209
6493,6,2020,3.355235,35.439726,1,40183.635131205,-3063.67520938311,367.449792237205,57.4494525288313,27.5263303418955,-6232.58156112819
6496,9,2020,2.379205,36.036325,1,40359.8352940075,-2941.36895954055,317.242024454867,60.3384508805818,27.8465471118309,-7407.14972635148
6526,1,2020,2.5398,36.2221,1,38283.0178406956,-3512.44133825271,229.486480958596,55.0271001549462,29.8687897013402,-6657.75587820311
6527,3,2020,3.085175,36.090699,1,37120.8941439972,-2117.1586417551,158.542053714395,55.3974230440028,29.3666369057744,-7346.79401019452
6530,2,2020,3.526905,35.857986,1,34604.9684613371,-2427.54587710972,303.462472122628,56.692813324082,29.4474178800601,-4975.37869916033
6531,1,2020,2.144745,36.134171,1,30558.7738018007,-2677.62144697671,324.397446996614,57.3073480648492,28.5787852677086,-3896.20115089389
6535,5,2020,3.146859,35.597256,1,32037.6588317371,-3182.83847289546,279.343788315699,56.4556534850059,28.544943388086,-4779.16175565053
6867,5,2020,4.112694,35.720212,1,28003.5248088591,-2793.4975075107,371.452994468622,57.7964309520664,27.4490534888374,-2807.41711307295
6986,8,2020,3.101128,35.601344,1,38299.7513062198,-2922.72012864239,289.179543010892,56.4556534850059,28.544943388086,-7421.77711626467
6994,1,2020,1.706845,36.587795,1,27356.3926373745,-1789.8926830968,468.650376404403,58.8894284651573,25.3350736142074,-3345.13926186667
6995,1,2020,2.757745,34.87759,1,30412.8993338168,-1350.29505638011,683.808660244569,65.615382525249,24.9077327992313,-5423.51161460671
7008,1,2020,2.742378,35.784354,1,37759.0950196917,-2679.31401213619,249.249484096442,57.8956585683317,28.1138742033467,-7963.44968089442
7056,4,2020,2.094923,36.159971,1,34597.008438766,-1550.58385672332,313.225700708864,55.0360688312265,28.5671839764427,-5721.12751730517
7057,8,2020,2.094923,36.159971,1,34596.7627302892,-1553.18529869762,313.225700708864,55.0360688312265,28.5671839764427,-5724.05549220245
7058,7,2020,2.094923,36.159971,1,34600.080448627,-1552.11744589357,313.225700708864,55.0360688312265,28.5671839764427,-5725.0501947365
7059,10,2020,2.094923,36.159971,1,34594.8443551009,-1552.03726699815,313.225700708864,55.0360688312265,28.5671839764427,-5721.41008752711
7069,1,2020,2.076213,35.45491,1,32737.4010937184,-570.222621843366,673.352338608354,65.2403757533312,25.8538642153714,-5605.79573666154
7070,6,2020,2.076213,35.45491,1,32728.5003293274,-567.574306456497,673.352338608354,65.2403757533312,25.8538642153714,-5602.87091657456
7071,11,2020,2.076213,35.45491,1,32736.1231978382,-569.86775425908,673.352338608354,65.2403757533312,25.8538642153714,-5605.31818892204
7079,1,2020,2.383763,35.647819,1,38889.0595298674,-2830.4238447086,417.329667340309,61.0480755630414,25.9483101717979,-7047.50019139296
7080,2,2020,2.383763,35.647819,1,38889.4703777683,-2827.61148835222,417.329667340309,61.0480755630414,25.9483101717979,-7046.52487457175
7081,4,2020,2.383763,35.647819,1,38887.9960766165,-2828.15036171073,417.329667340309,61.0480755630414,25.9483101717979,-7046.56034882938
7082,4,2020,2.383763,35.647819,1,38887.3654559207,-2830.07544351318,417.329667340309,61.0480755630414,25.9483101717979,-7047.1857696955
7083,7,2020,2.383763,35.647819,1,38890.230742891,-2827.39819979324,417.329667340309,61.0480755630413,25.9483101717979,-7046.5284124354
7084,4,2020,2.383763,35.647819,1,38889.8127017922,-2829.99741332378,417.329667340309,61.0480755630414,25.9483101717979,-7047.4271445487
7085,5,2020,2.383763,35.647819,1,38890.6114094196,-2831.49369600183,417.329667340309,61.0480755630413,25.9483101717979,-7048.06225761659
7086,6,2020,2.383763,35.647819,1,38890.2709993554,-2828.91073830218,417.329667340309,61.0480755630414,25.9483101717979,-7047.08089832279
7087,11,2020,2.383763,35.647819,1,38891.7223160861,-2832.13205275383,417.329667340309,61.0480755630414,25.9483101717979,-7048.41902107601
7109,2,2020,3.716774,34.856935,1,31408.4471387495,93.4534218820698,423.939421499148,61.2115758227554,26.8120885970597,-3769.95635058649
7110,4,2020,3.716774,34.856935,1,31403.2236009007,109.828884799211,423.939421499148,61.2115758227554,26.8120885970597,-3760.41858401802
7111,3,2020,3.716774,34.856935,1,31404.3533588799,104.575368270593,423.939421499148,61.2115758227554,26.8120885970597,-3763.34316589137
7112,5,2020,3.716774,34.856935,1,31403.3959227004,102.420374998201,423.939421499148,61.2115758227554,26.8120885970597,-3764.20043410938
7113,8,2020,3.716774,34.856935,1,31410.4474102235,114.750643263085,423.939421499148,61.2115758227554,26.8120885970597,-3759.64988654744
7114,10,2020,3.716774,34.856935,1,31407.6064474925,95.8791399354211,423.939421499148,61.2115758227554,26.8120885970597,-3768.52515684903
7115,10,2020,3.716774,34.856935,1,31410.3358353139,98.4911118097804,423.939421499148,61.2115758227554,26.8120885970597,-3767.85814770624
7116,11,2020,3.716774,34.856935,1,31406.6701679773,114.315209081201,423.939421499148,61.2115758227554,26.8120885970597,-3758.97653831937
26373,3,2020,4.269531,34.641403,1,30860.0221455692,-1087.03009320655,452.957471423084,58.8141280400584,28.464404775623,-4645.25910618468
26374,1,2020,3.115511,35.604176,1,33223.5893837054,-2277.09665861439,302.106408478429,56.4556534850059,28.544943388086,-5233.75704898686
26375,12,2020,3.739169,34.812856,1,32050.6534394389,-1948.85726176054,409.817870842788,61.0476703315281,26.8979471627046,-4539.96735776888
26385,5,2020,3.115511,35.604176,1,33222.3938507424,-2277.2234561621,302.131306542885,56.4556534850059,28.544943388086,-5233.52176560525
26396,4,2020,3.115511,35.604176,1,33225.5828127031,-2276.02524819298,302.015759833803,56.4556534850059,28.544943388086,-5233.59605465291
26407,2,2020,3.115511,35.604176,1,33227.904892592,-2274.88475799879,301.916723047054,56.4556534850059,28.544943388086,-5233.47425980797
26414,3,2020,4.269531,34.641403,1,30853.6021905869,-1082.80438992036,452.957471423084,58.8141280400584,28.464404775623,-4642.02917016094
26415,6,2020,4.269531,34.641403,1,30851.2937148224,-1088.9181512944,452.957471423084,58.8141280400584,28.464404775623,-4643.66508629242
26416,4,2020,4.269531,34.641403,1,30861.4513862109,-1081.32075113442,452.957471423084,58.8141280400584,28.464404775623,-4643.55060257631
26417,2,2020,4.063473,34.641403,1,32068.7108992746,-883.083963505254,435.310882285703,57.841329874287,27.8588668746809,-4637.66764089114
26418,9,2020,3.115511,35.604176,1,33229.7175900893,-2279.52327659794,302.155243295432,56.4556534850059,28.544943388086,-5236.9367446808
26419,4,2020,3.411912,34.774079,1,29278.2538344843,-1280.88190371314,580.806118062697,63.2684876140917,25.6798955649843,-3558.21453438217
26420,3,2020,4.269531,34.641403,1,30852.7474051807,-1094.50085029353,452.957471423084,58.8141280400584,28.464404775623,-4646.09509734868
26421,9,2020,4.269531,34.641403,1,30862.4390622031,-1081.98581800011,452.957471423084,58.8141280400584,28.464404775623,-4644.05285674203
26422,6,2020,4.269531,34.641403,1,30854.120266705,-1083.53512285732,452.957471423084,58.8141280400584,28.464404775623,-4642.43265997193
26423,2,2020,3.411912,34.774079,1,29278.8101878732,-1277.11863315358,580.806118062697,63.2684876140917,25.6798955649843,-3559.63963122685
26424,1,2020,4.269531,34.641403,1,30860.903868767,-1084.87059735866,452.957471423084,58.8141280400584,28.464404775623,-4644.70166673806
26425,9,2020,3.411912,34.774079,1,29280.7484266866,-1277.07888855211,580.806118062697,63.2684876140917,25.6798955649843,-3558.87476732272
26426,7,2020,4.269531,34.641403,1,30856.6802265983,-1081.00782969792,452.957471423084,58.8141280400584,28.464404775623,-4642.18125467063
26427,6,2020,4.269531,34.641403,1,30849.0532771946,-1080.52156949076,452.957471423084,58.8141280400584,28.464404775623,-4639.99785570416
26428,11,2020,3.411912,34.774079,1,29275.4080615516,-1280.68628152466,580.806118062697,63.2684876140917,25.6798955649843,-3559.43861011274
26429,12,2020,3.115511,35.604176,1,33224.8599154657,-2279.11772764209,302.203655220466,56.4556534850059,28.544943388086,-5235.38959245696
26430,7,2020,4.269531,34.641403,1,30860.4695814841,-1090.19259957215,452.957471423084,58.8141280400584,28.464404775623,-4646.53244659591
26431,5,2020,4.269531,34.641403,1,30864.374495194,-1091.91904388907,452.957471423084,58.8141280400584,28.464404775623,-4648.18480811614
26432,5,2020,4.269531,34.641403,1,30865.4223267043,-1090.32159707033,452.957471423084,58.8141280400584,28.464404775623,-4647.87568670849
26433,9,2020,3.411912,34.774079,1,29280.8316634274,-1274.96803866774,580.806118062697,63.2684876140917,25.6798955649843,-3559.77143238587
26434,10,2020,4.269531,34.641403,1,30868.7722930683,-1095.18725925708,452.957471423084,58.8141280400584,28.464404775623,-4650.52709114703
26435,9,2020,4.269531,34.641403,1,30859.8052680895,-1096.53026415159,452.957471423084,58.8141280400584,28.464404775623,-4648.67950591259
26436,11,2020,4.269531,34.641403,1,30861.8555071841,-1087.44817798916,452.957471423084,58.8141280400584,28.464404775623,-4645.89241662305
26437,12,2020,3.798133,34.840341,1,30214.9869509652,2046.79129475748,395.430139771587,60.7220125157579,27.4255830809936,-2749.12363095003
26438,11,2020,3.709066,34.862484,1,30908.9524346355,-636.931539478159,423.939421499148,61.2115758227554,26.8120885970597,-3766.81775653564
26439,10,2020,4.269531,34.641403,1,30858.7011850344,-1091.8223207038,452.957471423084,58.8141280400584,28.464404775623,-4646.66648450678
26441,8,2020,4.269531,34.641403,1,30865.5908442787,-1095.15865072549,452.957471423084,58.8141280400584,28.464404775623,-4649.68622408169
26484,9,2020,4.20468,34.35986,1,31335.272304899,798.555898908408,773.935524037542,59.3380775461901,26.770041044336,-3554.92893117304
26532,2,2020,4.20468,34.35986,1,31332.1045110654,802.177148949173,774.066639711713,59.3380775461901,26.770041044336,-3552.07893511866
26533,2,2020,4.20468,34.35986,1,31328.1908203626,808.025520020256,774.25225487607,59.3380775461901,26.770041044336,-3548.30928953991
26534,1,2020,4.20468,34.35986,1,31332.3427376842,800.922726532184,774.039870437055,59.3380775461901,26.770041044336,-3552.47058384029
26535,3,2020,4.20468,34.35986,1,31329.0740653832,806.601565861701,774.208585983254,59.3380775461901,26.770041044336,-3549.17896472854
26536,4,2020,4.20468,34.35986,1,31330.4031589858,803.161612762832,774.120556376962,59.3380775461901,26.770041044336,-3550.72204532054
26537,4,2020,4.20468,34.35986,1,31335.8061937111,796.385564574628,773.886508712486,59.3380775461901,26.770041044336,-3555.69028144953
26538,7,2020,4.20468,34.35986,1,31335.3478986316,800.67261538747,773.970363421317,59.3380775461901,26.770041044336,-3554.59955931888
26539,4,2020,4.20468,34.35986,1,31327.3012622324,810.080874892759,774.306874807622,59.3380775461901,26.770041044336,-3547.32060186737
26541,6,2020,4.20468,34.35986,1,31337.3926221708,795.563050553408,773.837953810779,59.3380775461901,26.770041044336,-3556.93913008783
26542,3,2020,4.20468,34.35986,1,31324.7304616981,812.3223591106,774.401340550113,59.3380775461901,26.770041044336,-3545.13434053306
26543,4,2020,4.20468,34.35986,1,31329.7256432719,805.191671494409,774.170191805307,59.3380775461901,26.770041044336,-3549.88553077371
26544,9,2020,4.20468,34.35986,1,31331.2850855105,805.384550864716,774.139592423517,59.3380775461901,26.770041044336,-3550.93108520085
26545,4,2020,4.20468,34.35986,1,31327.5322035802,810.721431896914,774.312815430051,59.3380775461901,26.770041044336,-3547.36422334926
26546,11,2020,4.20468,34.35986,1,31328.6914089279,806.06618025919,774.207724541683,59.3380775461901,26.770041044336,-3549.01089469489
26547,3,2020,4.20468,34.35986,1,31328.0519014342,809.217358353986,774.275718943309,59.3380775461901,26.770041044336,-3547.99698989904
26548,4,2020,4.20468,34.35986,1,31328.4350740429,809.033277873025,774.26421714576,59.3380775461901,26.770041044336,-3548.29571191272
26549,10,2020,4.20468,34.35986,1,31332.2513203534,803.231122261702,774.081583413522,59.3380775461901,26.770041044336,-3551.99023892287
26589,2,2020,2.998898,36.062158,1,36208.7456539733,-2165.64547367474,189.074384160706,54.6500792413145,29.6322894772112,-5413.14248824852
26590,5,2020,2.998898,36.062158,1,36206.4657997731,-2156.83608190544,189.067801270569,54.6500792413145,29.6322894772112,-5408.75115531379
26591,9,2020,2.998898,36.062158,1,36201.7202013199,-2156.16662176849,189.070751273243,54.6500792413145,29.6322894772111,-5406.50435396417
26592,12,2020,2.998898,36.062158,1,36215.1106959343,-2163.14937796704,189.067228252563,54.6500792413145,29.6322894772111,-5414.83248745997
26594,6,2020,3.739169,34.812856,1,32049.0622544637,-1950.46875650855,409.817870842788,61.0476703315281,26.8979471627046,-4541.31389196053
26617,3,2020,2.998898,36.062158,1,36217.87780219,-2165.88078383686,189.067714638251,54.6500792413145,29.6322894772111,-5417.05624602078
26618,2,2020,2.998898,36.062158,1,36201.3622127646,-2153.1257322674,189.068155327633,54.6500792413145,29.6322894772111,-5405.16762504041
26619,1,2020,2.998898,36.062158,1,36209.6360981289,-2163.76706793854,189.071941717427,54.6500792413145,29.6322894772112,-5412.78224525872
26621,3,2020,2.998898,36.062158,1,36197.4290149585,-2151.50670201008,189.06959727874,54.6500792413145,29.6322894772112,-5402.89023579405
26622,6,2020,2.998898,36.062158,1,36214.3018083865,-2171.04203398619,189.075278136181,54.6500792413145,29.6322894772112,-5417.5724996137
26623,3,2020,2.998898,36.062158,1,36200.4784730573,-2153.89783014147,189.06954988786,54.6500792413145,29.6322894772111,-5405.09930743036
26624,4,2020,2.998898,36.062158,1,36212.2250227138,-2173.83622563257,189.079479084002,54.6500792413145,29.6322894772111,-5417.79319313742
26625,10,2020,2.998898,36.062158,1,36206.5775504787,-2166.55170514353,189.076874367283,54.6500792413145,29.6322894772111,-5412.5889394059
26626,6,2020,2.998898,36.062158,1,36208.5577535744,-2166.58637040262,189.07541280551,54.6500792413145,29.6322894772111,-5413.43093518182
26627,11,2020,2.998898,36.062158,1,36195.949484081,-2154.92618346107,189.073936518177,54.6500792413145,29.6322894772111,-5403.60638113818
26628,12,2020,2.998898,36.062158,1,36196.2666542628,-2160.12744790812,189.078599436782,54.6500792413145,29.6322894772111,-5405.76933699856
26629,11,2020,2.998898,36.062158,1,36204.865970647,-2168.9258852797,189.080403695297,54.6500792413145,29.6322894772111,-5412.79918581112
26630,10,2020,2.998898,36.062158,1,36205.2665972861,-2166.19223310732,189.077524760335,54.6500792413145,29.6322894772111,-5411.90026764968
26631,3,2020,2.998898,36.062158,1,36206.1753733594,-2165.72067508323,189.07639454729,54.6500792413145,29.6322894772111,-5412.09646531984
26642,4,2020,3.115511,35.604176,1,33230.8439791227,-2277.79321534839,302.039846784802,56.4556534850059,28.544943388086,-5236.12151308117
26650,3,2020,1.984274,36.105646,1,33770.8671027539,-1676.38865065482,404.929394783305,57.1119991925403,28.4524069760016,-4904.71737454015
26651,3,2020,1.984274,36.105646,1,33772.5352090516,-1683.28033626279,404.954264891602,57.1119991925403,28.4524069760016,-4905.23750536238
26652,3,2020,1.984274,36.105646,1,33771.7571572776,-1683.75351229326,404.933833136127,57.1119991925403,28.4524069760016,-4905.20594628671
26653,3,2020,3.115511,35.604176,1,33221.6200940137,-2273.58955848472,301.934279609053,56.4556534850059,28.544943388086,-5230.98572811002
26654,3,2020,1.984274,36.105646,1,33771.4730504222,-1688.83429977217,404.914008821613,57.1119991925403,28.4524069760016,-4905.48251985204
26655,10,2020,1.984274,36.105646,1,33769.8166869862,-1668.39321791624,404.920715647739,57.1119991925403,28.4524069760016,-4904.20161857951
26656,10,2020,1.984274,36.105646,1,33770.8642224067,-1672.9576581018,404.938996973156,57.1119991925403,28.4524069760016,-4904.50356091002
26658,4,2020,1.984274,36.105646,1,33770.085050715,-1668.55912606258,404.928807322388,57.1119991925403,28.4524069760016,-4904.20964915635
26664,10,2020,3.115511,35.604176,1,33229.747515403,-2279.98083487723,302.180992504883,56.4556534850059,28.544943388086,-5237.23864725328
26672,1,2020,3.739169,34.812856,1,32049.2073453618,-1953.23113847764,409.817870842788,61.0476703315281,26.8979471627046,-4541.63234798753
26674,4,2020,3.739169,34.812856,1,32050.8978548374,-1951.01831804153,409.817870842788,61.0476703315281,26.8979471627046,-4540.12478735703
26675,10,2020,3.115511,35.604176,1,33227.3317097702,-2278.39454882608,302.125726224405,56.4556534850059,28.544943388086,-5235.58037401658
26676,4,2020,3.739169,34.812856,1,32051.2816815702,-1950.49899908345,409.817870842788,61.0476703315281,26.8979471627046,-4539.78073378113
26677,4,2020,3.739169,34.812856,1,32049.4940106382,-1947.09222622416,409.817870842788,61.0476703315281,26.8979471627046,-4540.50237323031
26678,7,2020,3.739169,34.812856,1,32047.822738598,-1950.17278931635,409.817870842788,61.0476703315281,26.8979471627046,-4542.12964962806
26679,6,2020,3.739169,34.812856,1,32050.7939241217,-1953.49945436521,409.817870842788,61.0476703315281,26.8979471627046,-4540.57163493567
26680,8,2020,3.739169,34.812856,1,32049.1283443247,-1952.54376722436,409.817870842788,61.0476703315281,26.8979471627046,-4541.58293792395
26681,10,2020,3.739169,34.812856,1,32051.4875354575,-1949.8360359154,409.817870842788,61.0476703315281,26.8979471627046,-4539.53834468987
26682,9,2020,3.739169,34.812856,1,32048.6334613134,-1950.21841451533,409.817870842788,61.0476703315281,26.8979471627046,-4541.57347567568
26683,10,2020,3.739169,34.812856,1,32048.409186993,-1950.81673298217,409.817870842788,61.0476703315281,26.8979471627046,-4541.82016880737
26684,6,2020,3.739169,34.812856,1,32048.0883015399,-1948.33158863605,409.817870842788,61.0476703315281,26.8979471627046,-4541.66491433506
26685,11,2020,3.739169,34.812856,1,32048.6652907182,-1949.46318898148,409.817870842788,61.0476703315281,26.8979471627046,-4541.43661782159
10,10,2021,-0.994936,38.473758,1,35247.2230183491,-488.906035370125,694.270735518416,57.7544178650372,26.080893092395,-7650.92956257561
22,10,2021,2.527235,40.714721,1,35636.6093457974,-1504.11500507651,288.135120511055,52.0148240275316,27.9140955485166,-8344.5720589828
23,11,2021,2.87462,40.594599,1,36202.2510065013,-924.583875030275,297.67841053009,50.279138208794,27.3581973785679,-9279.77746180066
24,12,2021,2.527235,40.714721,1,35635.4531531555,-1504.16561340692,288.135120511055,52.0148240275316,27.9140955485166,-8343.33568603431
25,11,2021,2.442898,40.647455,1,38025.8456783174,-1692.23267206763,257.553768829326,52.2878379927583,27.8562616152725,-9055.21411572858
26,9,2021,2.527235,40.714721,1,35636.0664762347,-1503.88125061045,288.135120511055,52.0148240275316,27.9140955485166,-8344.29005261064
27,9,2021,2.441251,40.647029,1,37802.8961624687,-1696.07177989918,257.402732116851,52.2883301778123,27.8463865822839,-8898.2111758876
28,9,2021,2.44146,40.658452,1,37818.9873985637,-1660.60894108858,259.680239439011,52.2809084387784,27.9952938219184,-9451.99664519686
29,9,2021,2.441251,40.647029,1,37793.5514850628,-1694.88321104685,257.422139721923,52.2882669340288,27.8476554839779,-8896.97219303406
62,9,2021,2.87462,40.594599,1,36202.7312149792,-923.887939352124,297.67841053009,50.279138208794,27.3581973785679,-9278.76749218292
63,8,2021,2.87462,40.594599,1,36197.5157099773,-923.825774351344,297.67841053009,50.279138208794,27.3581973785679,-9275.86676331626
64,8,2021,2.87462,40.594599,1,36198.0175538248,-925.666254433162,297.67841053009,50.279138208794,27.3581973785679,-9279.4790116692
65,8,2021,2.87462,40.594599,1,36200.5251227584,-923.66861040608,297.67841053009,50.279138208794,27.3581973785679,-9277.18694491059
66,9,2021,2.87462,40.594599,1,36194.3825955286,-925.338216497709,297.67841053009,50.279138208794,27.3581973785679,-9276.95102421659
67,8,2021,2.87462,40.594599,1,36199.1194474753,-924.26178111699,297.67841053009,50.279138208794,27.3581973785679,-9277.51888732377
68,9,2021,2.87462,40.594599,1,36199.4363211094,-924.057220753398,297.67841053009,50.279138208794,27.3581973785679,-9277.3150584008
69,9,2021,2.87462,40.594599,1,36202.8188871158,-924.097233791604,297.67841053009,50.279138208794,27.3581973785679,-9279.19595412623
70,9,2021,2.87462,40.594599,1,36195.4253692121,-925.521221141836,297.67841053009,50.279138208794,27.3581973785679,-9277.83710498656
234,10,2021,-0.620734,38.471123,1,33903.7044726067,-1540.14639332852,543.480537652969,57.1568380783863,25.7753761831484,-8722.25182231917
235,11,2021,0.051492,37.98905,1,30503.2564372489,-436.229985584293,1051.78009960282,58.9739116115261,24.730872539648,-4796.67823675007
236,11,2021,-0.271943,38.359308,1,33432.7990393141,-697.88579869038,662.158314943314,55.4383767749467,25.9548726068784,-7630.22232387874
237,10,2021,-0.990317,38.402419,1,34404.7009209019,-543.46716434766,687.142958939753,58.1859121826252,25.2455863447494,-7400.96085741563
238,9,2021,-0.869328,38.074764,1,32359.9547403262,-966.454968652158,694.599980592728,61.1942856334973,23.6673750594327,-7582.59844822494
239,9,2021,-0.279872,38.211053,1,33757.395183673,-1215.93163569728,621.000682830811,57.2160840928966,26.0367653990446,-7301.57852943506
240,9,2021,-0.994936,38.473758,1,35241.0477841398,-488.403020103371,694.278234289707,57.7544178650372,26.080893092395,-7648.72620812881
242,6,2021,-0.519739,38.583808,1,33846.8298449499,-1611.93775937307,589.342019677162,56.1706351788868,26.3215767307369,-8202.84799179693
243,7,2021,-1.040509,38.449367,1,36512.5131652636,-227.33353788121,682.165535570781,57.901342536695,25.7964694867322,-8076.52659920965
245,2,2021,-0.364371,38.375806,1,34107.4633091463,-914.756732808373,664.861407756805,56.3731430931283,25.6260379268699,-7762.61045485858
246,1,2021,-0.091571,38.311664,1,33205.1258784054,-1576.60184730556,694.871384382248,53.2174839732802,27.5232886135851,-7064.07968403722
260,2,2021,-0.399032,38.366116,1,34757.2765378385,-1662.72892834098,664.861407756805,56.3731430931283,25.6260379268699,-8765.98480785999
293,10,2021,-0.55628,38.433731,1,32846.64968216,-1443.8518014111,592.016119241714,57.9454637975796,25.3456539014703,-7916.39383966634
298,2,2021,-0.55628,38.433731,1,32849.4683381582,-1444.6772207808,592.016119241714,57.9454637975796,25.3456539014703,-7918.0283873285
350,12,2021,3.798133,34.840341,1,31039.0971238782,-280.576597081876,152.15041933718,43.3346076821676,29.3783397604886,-3980.87836696631
351,11,2021,2.161412,35.407471,1,32463.8202730887,-765.331727743457,203.885838985443,47.0514267506097,28.2564422415816,-6075.88066003712
352,12,2021,2.274397,35.425993,1,33018.4539668623,65.518952614079,203.099285542965,45.2695639405514,28.5104280881142,-5262.27719737897
353,11,2021,3.115511,35.604176,1,33919.3830400909,-2226.34858221766,123.226003219985,42.9012616524948,29.8443181512563,-5259.34070701757
354,11,2021,2.115287,35.543897,1,35485.6482671547,-2099.72328678926,187.706313016173,46.445252579086,27.6821839809737,-7978.59170827112
356,10,2021,3.798133,34.840341,1,31039.5465933418,-280.69635134098,152.181942278357,43.3346076821676,29.3783397604886,-3981.96163634816
357,11,2021,2.27427,35.431647,1,35350.3235337653,-1194.8758083317,203.099285542965,45.2695639405514,28.5104280881142,-6782.62498742707
358,10,2021,1.516667,34.866667,1,30316.8132546275,362.028075812345,1117.68850827217,51.9661468733802,22.7842994672523,-5137.71811964758
359,10,2021,2.133727,35.495993,1,36700.778425964,-2169.34485238383,198.751336097717,46.6722445384168,27.9813954200919,-7692.12344010231
360,10,2021,2.074883,35.455111,1,34096.5460629423,-1884.68184668142,242.954261064529,46.6722445384168,27.9813954200919,-6839.40918759481
361,10,2021,2.274397,35.425993,1,33007.438170533,79.4709018827443,203.099285542965,45.2695639405514,28.5104280881142,-5250.71208482353
362,9,2021,1.516667,34.866667,1,30318.3367071987,360.671660876526,1117.68850827217,51.9661468733802,22.7842994672523,-5139.73098037081
363,9,2021,2.02592,35.528844,1,36383.7977949444,-2340.77261320193,250.750753998756,47.0852797005167,28.3585978137849,-8102.53680184359
364,8,2021,1.516667,34.866667,1,30313.5874813845,363.223644585471,1117.68850827217,51.9661468733802,22.7842994672523,-5135.13941711912
365,6,2021,1.516667,34.866667,1,30309.9183567055,363.801520705008,1117.68850827217,51.9661468733802,22.7842994672523,-5132.98920506756
367,6,2021,2.115287,35.543897,1,35486.5098159326,-2099.75975699458,187.705761792823,46.4452839731561,27.6822253633421,-7978.8283039526
368,6,2021,2.274397,35.425993,1,33021.4195489114,64.2304314941228,203.099285542965,45.2695639405514,28.5104280881142,-5264.03950394316
369,5,2021,2.27427,35.431647,1,35352.7571057688,-1194.54977859316,203.099285542965,45.2695639405514,28.5104280881142,-6783.16697887474
370,5,2021,2.1376,35.4976,1,36408.8511647383,-1927.53529563924,197.623967099752,46.6722445384168,27.9813954200919,-7563.5386871865
371,4,2021,3.115511,35.604176,1,33923.0769351739,-2226.16335505586,123.226886297515,42.9012616524948,29.8443181512563,-5260.24423012784
372,3,2021,2.27427,35.431647,1,35315.6355293642,-1174.78438772944,203.099285542965,45.2695639405514,28.5104280881142,-6759.17748813577
391,12,2021,2.274269,35.43162,1,35328.8403255691,-1182.73542775171,203.099285542965,45.2695639405514,28.5104280881142,-6768.29478636959
404,2,2021,-0.562513,38.29245,1,33753.2184164715,-1188.98803448253,769.553539991379,59.0964898230905,24.8642192910251,-8470.63196331946
412,5,2021,-0.638477,38.465509,1,33572.2890666626,-1533.1864945873,543.480537652969,57.1568380783863,25.7753761831484,-8109.34633967948
413,1,2021,-1.34033,38.613805,1,32001.3857174271,183.473176270377,603.127969264984,58.0272369786765,26.1442479190217,-5943.29688386739
421,2,2021,-0.978658,38.34752,1,35876.7402706748,-828.33530192223,743.055581484244,58.9309309071254,24.7959345781524,-8510.34010902253
428,6,2021,-0.073296,38.211762,1,35670.5564801676,-1605.62458168278,649.299387693405,53.4840900915063,27.1252461977746,-7879.45093525508
429,5,2021,-0.532748,38.199485,1,33827.7725271559,-1347.01897309166,784.982973920912,58.5797714488575,24.7004718327631,-8548.78806035209
430,3,2021,-0.073296,38.211762,1,35669.6453608292,-1605.96738488567,649.299387693405,53.4840900915063,27.1252461977746,-7881.56958460808
438,2,2021,-1.34033,38.613805,1,31989.5473593603,184.478833004151,603.127969264984,58.0272369786765,26.1442479190217,-5939.98158128811
439,3,2021,-0.399032,38.366116,1,34765.8652739172,-1662.94505467659,664.861407756805,56.3731430931284,25.6260379268699,-8766.33742263001
440,3,2021,-0.855647,38.612718,1,31075.5370963342,-1599.09865423575,664.181199663414,57.5148286688396,26.0676342920207,-7419.28758769069
441,2,2021,-0.399032,38.366116,1,34759.6650744752,-1662.71046952378,664.861407756805,56.3731430931283,25.6260379268699,-8765.50456166829
442,2,2021,-0.269815,38.250137,1,34696.2418797527,-921.077180733256,640.302024954301,56.7625310705975,25.8640054495798,-7418.93556977942
443,6,2021,-0.279872,38.211053,1,33758.1612987273,-1217.00391707582,621.000682830811,57.2160840928966,26.0367653990446,-7301.68277869136
444,9,2021,-0.279872,38.211053,1,33754.255892844,-1214.76171620465,621.000682830811,57.2160840928966,26.0367653990446,-7299.98694571875
445,9,2021,-0.073296,38.211762,1,35667.0689059628,-1603.9909045889,649.299387693405,53.4840900915063,27.1252461977746,-7880.52961196346
446,5,2021,-0.488698,38.253768,1,32220.6623269358,-1446.66116868228,706.760626095334,57.9239189887264,25.1049769844356,-8084.52620318132
447,5,2021,-0.399032,38.366116,1,34759.5545923039,-1663.39677243766,664.861407756805,56.3731430931284,25.6260379268699,-8770.62110892008
449,5,2021,-0.648565,38.40593,1,35083.8821162869,-1086.31184030736,580.335363061325,58.4198902503585,25.173254297888,-7600.09658031826
450,6,2021,-0.300155,38.02942,1,33234.1512044179,152.57509518479,933.68451286252,56.2251793439685,25.7825614981456,-6385.64892424665
454,9,2021,-0.276883,38.213282,1,33967.1736002752,-1274.07684021588,621.000682830811,57.2160840928966,26.0367653990446,-7406.3600222928
455,9,2021,-0.501401,38.442778,1,32996.6970512082,-1663.64234892198,686.172071431829,57.1158224166189,25.5492136724463,-7317.45631387659
456,9,2021,-0.4558,38.465963,1,32132.7469405261,-836.385952390043,680.168167591095,56.4192743481243,26.0460117514275,-6685.886975654
459,1,2021,-0.279872,38.211053,1,33754.5154775329,-1214.58738747011,621.000682830811,57.2160840928966,26.0367653990446,-7300.2179152555
460,3,2021,-0.269815,38.250137,1,34693.3459232227,-922.345671594501,640.102801905714,56.7672125178886,25.8657886294015,-7417.01655952229
461,3,2021,-0.402259,38.379799,1,34474.2900415104,-1405.92448695631,672.243172462517,56.3731430931284,25.6260379268699,-8250.40278601033
462,3,2021,-0.399032,38.366116,1,34754.5735923293,-1661.86358875219,664.861407756805,56.3731430931284,25.6260379268699,-8759.93653984531
478,7,2021,-0.964688,38.42311,1,34745.0754971293,-786.631098789811,678.997070550919,58.1859121826252,25.2455863447494,-7274.11500698583
479,2,2021,-1.147413,38.640735,1,30378.3920219844,-824.5859981955,652.755024433249,57.8401140458116,26.2927432980728,-5863.77205257765
480,2,2021,-0.648565,38.40593,1,35089.8880220486,-1086.05813759034,580.627801724883,58.4231033502827,25.1720867045762,-7603.10390372215
499,4,2021,-0.201561,38.228921,1,34550.8324102153,-1134.58481495393,648.475420999248,55.3029146652946,26.7589750612163,-7488.33107874069
500,4,2021,-1.359953,38.746348,1,29854.8357482457,-490.921493572685,527.010231494904,58.2689954203595,26.5847601015274,-5441.24124459446
501,4,2021,-1.359953,38.746348,1,29858.7854225133,-492.905708364677,527.010231494904,58.2689954203595,26.5847601015274,-5443.22560004728
502,4,2021,-0.279872,38.211053,1,33755.4128551965,-1215.06253814234,621.000682830811,57.2160840928966,26.0367653990446,-7300.62143219735
622,4,2021,-0.310976,38.111593,1,33731.1962291975,-441.703288161517,733.281465291977,57.5790698858009,26.0707227959481,-6434.37429592737
624,10,2021,0.006677,37.990075,1,31022.1165817035,-1063.53677210384,1034.28307080269,58.1685978706865,24.9839429550519,-4932.38385756393
626,10,2021,-0.279872,38.211053,1,33756.1780186448,-1215.5568867073,621.000682830811,57.2160840928966,26.0367653990446,-7300.93307340055
627,10,2021,-0.22814,38.206606,1,34556.4710990575,-1584.39377318585,649.741505861282,55.3029146652946,26.7589750612163,-7481.63033928102
628,10,2021,-0.42839,38.127144,1,32937.5950441572,-830.035518880736,726.319636583328,57.4162625337514,25.6633553230599,-6481.72768503686
629,12,2021,-0.279872,38.211053,1,33756.484536249,-1216.1179545083,621.000682830811,57.2160840928966,26.0367653990446,-7300.92654098123
630,12,2021,-0.644254,38.4128,1,34421.485223453,-1274.41257451608,550.642390683567,58.0969373840331,25.2906106253106,-7644.53068347928
631,6,2021,-0.648565,38.40593,1,35091.0515947619,-1086.37559620419,580.40249786042,58.4208146101778,25.1729183991085,-7604.13180869252
632,6,2021,-0.399032,38.366116,1,34752.5034320885,-1661.99875153641,664.861407756805,56.3731430931283,25.6260379268699,-8761.24642548163
633,8,2021,-0.644254,38.4128,1,34416.6308134931,-1274.92878242911,550.482761294797,58.0951674851127,25.2912537805783,-7644.99413668271
634,8,2021,-0.279872,38.211053,1,33755.4874132579,-1216.7204152103,621.000682830811,57.2160840928966,26.0367653990446,-7300.07080729416
635,9,2021,-0.330191,38.193427,1,33322.1668635687,-935.644510539329,638.93455547134,57.2160840928966,26.0367653990446,-7337.93027093493
636,9,2021,-0.023354,37.906407,1,31084.9684091886,596.990566518219,1061.3811211586,59.0427612738174,23.8131473018699,-5138.67903567355
637,9,2021,-0.4558,38.465963,1,32133.7063785221,-835.271155954042,680.168167591095,56.4192743481243,26.0460117514275,-6686.15389738486
638,10,2021,0.006677,37.990075,1,31007.1558953474,-1063.6692959123,1034.28307080269,58.1685978706865,24.9839429550519,-4928.38417342783
639,9,2021,-0.151517,37.899284,1,31253.6625697807,-136.624820686021,1028.71748867525,58.1659283379804,24.2308542528232,-5093.65647961841
640,9,2021,-0.073296,38.211762,1,35673.7987274703,-1606.50521449009,649.299387693405,53.4840900915063,27.1252461977746,-7876.92840615805
641,1,2021,-0.644254,38.4128,1,34416.8087450081,-1274.68663293084,550.462327196336,58.0949409210127,25.291336110644,-7644.27684414302
652,5,2021,-0.271943,38.359308,1,33437.4651244168,-696.367674645637,662.158314943314,55.4383767749467,25.9548726068784,-7630.18380562352
654,10,2021,0.006677,37.990075,1,31036.9602094561,-1064.49581383212,1034.28307080269,58.1685978706865,24.9839429550519,-4933.59957817266
655,10,2021,-0.644254,38.4128,1,34413.9751144442,-1275.87520249153,550.473707007112,58.0950670952401,25.2912902607833,-7647.33383712664
656,10,2021,-0.644254,38.4128,1,34406.5108828793,-1275.82056741879,550.129759151977,58.0912535560031,25.2926760449209,-7645.43398292094
657,12,2021,-0.279872,38.211053,1,33756.4078623622,-1216.34884891608,621.000682830811,57.2160840928966,26.0367653990446,-7300.79412307841
658,10,2021,-0.46687,38.450455,1,33296.7484289836,-526.571277074521,685.331832533835,56.5690855268562,25.9391621179703,-7038.85624611284
659,10,2021,0.006677,37.990075,1,31004.4388178269,-1063.31113714503,1034.28307080269,58.1685978706865,24.9839429550519,-4928.63232493671
660,4,2021,-0.271943,38.359308,1,33432.2566379878,-697.735376753083,662.158314943314,55.4383767749467,25.9548726068784,-7629.6834692537
667,9,2021,-0.501401,38.442778,1,32979.046213088,-1661.76887894838,686.267869936396,57.1158224166189,25.5492136724463,-7315.32185324444
668,10,2021,-0.028129,38.241098,1,35241.731130108,-926.033818360002,681.635816335678,53.3157032500956,26.7798197654829,-7045.58649471351
669,9,2021,-0.4558,38.465963,1,32133.5607709868,-835.530860035336,680.168167591095,56.4192743481243,26.0460117514275,-6686.09122970579
670,9,2021,-0.073296,38.211762,1,35668.6617070225,-1602.50323448319,649.299387693405,53.4840900915063,27.1252461977746,-7874.69660453987
673,3,2021,-1.34033,38.613805,1,31997.0385484789,183.418038874391,603.127969264984,58.0272369786765,26.1442479190217,-5942.35623423001
675,4,2021,-0.501401,38.442778,1,32988.5834208154,-1666.46920544844,685.72828124876,57.1158224166189,25.5492136724463,-7323.82491240962
676,11,2021,-0.520005,38.442735,1,34372.7957357304,-1791.1140337167,646.667447805405,57.1158224166189,25.5492136724463,-8887.95885514689
677,12,2021,-0.399032,38.366116,1,34761.8886665505,-1662.46211027929,664.861407756805,56.3731430931284,25.6260379268699,-8763.31055306644
678,6,2021,-0.457575,38.253829,1,34885.553145084,-1422.3012387047,706.966973374464,57.9210501449643,25.1067463794622,-8897.15161157078
679,7,2021,-0.501401,38.442778,1,32992.5996426213,-1664.81446763151,685.98251628488,57.1158224166189,25.5492136724463,-7320.16219973874
680,8,2021,-0.153262,38.201615,1,33137.735826313,-1204.80338274168,631.314559149818,54.5090064681061,26.9188506544416,-5876.56734538751
691,2,2021,-1.315489,38.521848,1,34035.7406821073,-85.7470967972363,664.894010782242,58.7271192507084,25.6559541832911,-6752.63890034824
697,10,2021,-0.85717,38.613665,1,30940.3563448605,-1652.91466446158,668.67537697958,57.5500644174022,26.0985398938394,-7566.47889455548
743,11,2021,-1.782745,36.342784,1,32804.8189752896,-1981.79940839158,611.686620503647,48.9142047760218,26.6087651684855,-5502.72399765666
748,12,2021,-1.507843,36.306459,1,28951.2594802923,-1187.95357772635,465.470516204834,52.118457772086,23.8922310276119,-4877.31182144006
749,12,2021,-1.429032,36.684998,1,29251.1349819539,-201.326122901764,822.547218084335,62.0827387428088,18.9481662088334,-3710.83757127901
750,12,2021,-1.782745,36.342784,1,32782.8205374079,-1978.76169960704,611.637554622147,48.9150451193232,26.608206493975,-5495.8144650959
751,12,2021,-1.589069,36.888079,1,32933.6058898885,-917.197008410382,621.029831767082,67.3293303220145,19.3040168884138,-5991.79604487589
759,10,2021,-1.714861,36.383007,1,29307.3059951257,827.306183167107,526.514197826385,51.4799328959423,24.8335070692785,-3432.57427326534
794,9,2021,-1.742422,36.094382,1,32265.1250678173,-1827.5264268747,582.901999473572,53.6036337056377,24.6124481009566,-5088.38210141459
795,12,2021,-1.742422,36.094382,1,32266.5365100821,-1825.59434826426,582.901999473572,53.6036337056377,24.6124481009566,-5089.07169263143
796,11,2021,-1.742422,36.094382,1,32273.9239926712,-1826.94815780461,582.901999473572,53.6036337056377,24.6124481009566,-5089.82723445685
797,11,2021,-1.795485,36.17603,1,31013.3079802179,-2370.97893585691,346.399487016857,49.710572283472,27.4182791601033,-5015.65044681281
798,10,2021,-1.74233,36.094695,1,32256.4624351578,-1845.27767114889,582.901999473572,53.6036337056377,24.6124481009566,-5082.595641861
799,10,2021,-1.74233,36.094695,1,32248.1261757843,-1843.16230311345,582.901999473572,53.6036337056377,24.6124481009566,-5081.81008751005
800,9,2021,-2.091583,36.117728,1,32035.8354368994,311.905871855864,427.65484547615,48.8152799357486,26.9288425341044,-4440.11113694143
804,12,2021,-1.149933,36.51101,1,32346.1296409143,-1592.58031639226,642.966092602222,68.1711741711579,19.0876744711751,-6722.00407297161
822,11,2021,-1.903692,36.287051,1,30813.3522097724,-2797.478120589,366.664155922048,48.5942299826071,26.5853743548807,-2943.66888338871
829,10,2021,-1.483391,36.100246,1,31121.6912970622,-1459.35080756472,565.341008830182,57.3319721722433,21.3899949670383,-5327.19174367338
959,5,2021,1.634383,40.3107,1,38585.5531251424,-2005.36979687348,285.557060241699,51.799686840319,28.7596905381712,-8100.04247514479
961,7,2021,2.491563,39.566979,1,35536.2968896843,-1363.97233768105,233.922395944595,50.5012986605761,27.5092952310223,-7281.03694542195
962,6,2021,2.065769,39.011855,1,35165.8248869342,-2116.45459808671,160.179162979126,48.6407476919114,28.4017101496867,-6878.35275987579
963,6,2021,2.491563,39.566979,1,35533.2171874522,-1360.57606002211,233.922395944595,50.5012986605761,27.5092952310223,-7270.90321009372
985,2,2021,2.527235,40.714721,1,35630.868966964,-1504.4947281672,288.135120511055,52.0148240275316,27.9140955485166,-8338.22444136931
987,5,2021,1.769305,40.09415,1,38204.4879287371,-1869.84164697135,236.754716873169,51.7671940877022,28.3858492585622,-11008.1676825458
988,5,2021,2.491563,39.566979,1,35535.4089184953,-1363.62115463127,233.922395944595,50.5012986605761,27.5092952310223,-7280.07280062201
989,5,2021,2.065769,39.011855,1,35167.5977047488,-2116.25132708931,160.179162979126,48.6407476919114,28.4017101496867,-6878.28951498043
990,5,2021,1.905652,39.796338,1,33654.6360898831,-1092.44620160385,185.835453532978,51.0329781037046,28.31932082677,-7639.0583732265
991,1,2021,3.083289,39.267433,1,32338.6471048192,-1362.60608373205,368.367255210876,49.6604508430347,26.4593034805229,-7448.18498976241
992,7,2021,3.329941,39.228072,1,32857.1403124599,-1643.92365228691,455.066239118576,51.2301268341281,26.2095511884995,-7397.06164434525
993,2,2021,3.364300835,39.06241003,1,30573.9224512333,-632.18811260891,523.81840801239,52.1666344747364,25.7642810507996,-6319.24008920467
994,3,2021,3.364300835,39.06241003,1,30582.3363889473,-631.113767023991,523.81840801239,52.1666344747364,25.7642810507996,-6324.14308744353
995,3,2021,3.449481,39.176087,1,30338.2726222629,-1260.84918615937,511.653806463606,53.2139956371427,25.1385980787169,-5486.1504612087
996,5,2021,3.083289,39.267433,1,32336.8652262072,-1360.91581688977,368.367255210876,49.6604508430347,26.4593034805229,-7446.13036412852
997,6,2021,3.364300835,39.06241003,1,30576.1876228031,-631.863916345436,523.81840801239,52.1666344747364,25.7642810507996,-6320.90193678913
998,7,2021,3.364300835,39.06241003,1,30580.2218536698,-631.448264669033,523.81840801239,52.1666344747364,25.7642810507996,-6322.20848647228
999,3,2021,3.083289,39.267433,1,32337.9540710555,-1363.65689481587,368.367255210876,49.6604508430347,26.4593034805229,-7447.71442694143
1000,8,2021,3.449481,39.176087,1,30328.4702554415,-1265.51606869124,511.525668890819,53.2066996438449,25.1472489090504,-5476.88274179441
1001,10,2021,3.51327,38.400961,1,27377.4278055673,-1854.07287350987,358.1279374554,48.7064264493833,26.4426089439218,-4202.59508343809
1002,5,2021,3.449481,39.176087,1,30335.4835051996,-1262.49241448478,511.603909253195,53.2111545523241,25.1419667417249,-5482.97188854567
1003,6,2021,3.593285,38.589507,1,32997.8054350041,-199.366497516889,457.010068774223,51.6354851943632,25.1400230599321,-7175.7741920971
1004,6,2021,3.447773,39.300188,1,33492.9189658755,-854.410037959888,496.454406579148,53.540979023258,25.4351627736209,-8603.14894190207
1005,4,2021,3.083289,39.267433,1,32335.3595882322,-1360.29553951019,368.367255210876,49.6604508430347,26.4593034805229,-7444.54966068091
1070,4,2021,2.184596,39.041427,1,36825.8028424272,-2793.08313734179,159.10643529892,48.6375489236486,28.3005442945925,-7490.23058349751
1072,4,2021,2.065769,39.011855,1,35167.5901600019,-2115.71871336493,160.179162979126,48.6407476919114,28.4017101496867,-6877.49103227968
1073,3,2021,2.000359,39.757585,1,41470.3808609186,-1850.71997960624,198.812622465344,50.9931968441834,28.2104579646838,-8757.12775744577
1074,3,2021,1.540454,40.431147,1,36917.9656013819,-1938.68649151887,302.998178005219,51.9326126908553,28.9242812291673,-6023.83254341568
1075,2,2021,2.17634,40.390738,1,33350.942031356,-1133.73205852264,290.087026119232,52.5974635376583,27.6668758531684,-8384.23063725354
1076,2,2021,2.492491,39.567556,1,35500.4017828434,-1330.19494554229,233.922395944595,50.5012986605761,27.5092952310223,-7182.30287349468
1082,2,2021,2.17634,40.390738,1,33350.5142699667,-1133.65106090317,290.087026119232,52.5974635376583,27.6668758531684,-8385.23350578166
1083,2,2021,2.17634,40.390738,1,33348.2280008198,-1133.59329094484,290.087026119232,52.5974635376583,27.6668758531684,-8384.05134045386
1085,3,2021,2.17634,40.390738,1,33345.2793494485,-1133.39269915237,290.087026119232,52.5974635376583,27.6668758531684,-8384.7152706921
1086,3,2021,2.184596,39.041427,1,36826.5386354015,-2792.96984716044,159.10643529892,48.6375489236486,28.3005442945925,-7490.45534872178
1087,3,2021,1.748559978,40.05864372,1,36463.0573585322,-1991.12623013365,222.035506013215,51.6471454079348,28.5344533453354,-7182.25529147483
1088,3,2021,1.748559978,40.05864372,1,36461.7664360381,-1989.45960425263,222.142579423346,51.6480186899094,28.5333723399418,-7185.61892819212
1089,3,2021,3.369522,39.425231,1,34780.6750349587,-382.089699560264,383.152494043112,53.5752019241381,25.522716722532,-7183.98333423947
1090,3,2021,2.491563,39.566979,1,35534.4435310601,-1361.96831202426,233.922395944595,50.5012986605761,27.5092952310223,-7275.06054269729
1091,2,2021,2.065769,39.011855,1,35167.4880192616,-2117.68139306322,160.179162979126,48.6407476919114,28.4017101496867,-6880.41164915611
1092,8,2021,2.065769,39.011855,1,35165.1809278912,-2117.54184572672,160.179162979126,48.6407476919114,28.4017101496867,-6879.88861565516
1093,2,2021,2.491563,39.566979,1,35534.2797503333,-1361.43071968051,233.922395944595,50.5012986605761,27.5092952310223,-7273.40786398963
1151,2,2021,0.386504,37.446065,1,29196.064344151,-2049.20572053204,544.939442634583,52.5321873570069,23.061978771262,-4594.06476058168
1152,5,2021,1.301502,38.96877,1,39766.4720700518,-3580.08505620027,132.036467266795,48.8456231508222,28.9933979975035,-8561.33216338139
1153,5,2021,1.30909,38.964819,1,40803.2605001388,-3524.60146497215,128.710384607315,48.8456231508222,28.9933979975035,-8838.39961965692
1154,5,2021,0.006677,37.990075,1,31029.2783499847,-1062.47995554993,1034.28307080269,58.1685978706865,24.9839429550519,-4936.76240749623
1155,6,2021,1.232158,38.805632,1,41480.2785978459,-3244.21720288626,204.79773068428,48.1160478392267,29.0179081555371,-8427.76207408178
1156,6,2021,1.215247,38.794569,1,40690.6046686841,-2926.11417804709,149.227414517913,48.1160478392267,29.0179081555371,-7781.32638358458
1157,6,2021,-0.073296,38.211762,1,35668.5817964618,-1602.95966100953,649.299387693405,53.4840900915063,27.1252461977746,-7875.90286756558
1158,7,2021,1.249148,38.823889,1,36134.8499002952,-2376.37530252901,158.701058795517,47.9579334018779,29.0343406161026,-6601.43381636898
1159,8,2021,0.989946,38.660203,1,35599.1594510907,-2279.15777727421,219.811305046082,49.1536594245844,28.7567684312934,-6906.90869657158
1160,7,2021,-0.028129,38.241098,1,35240.5796475225,-926.702018946592,681.635816335678,53.3157032500956,26.7798197654829,-7044.44641051731
1161,8,2021,0.989946,38.660203,1,35595.9468232451,-2278.65297077896,219.811305046082,49.1536594245844,28.7567684312934,-6905.67508897177
1162,12,2021,1.061163,38.666146,1,35657.6263672291,-1562.05107498875,212.766083717346,48.7241658630601,28.7540842221753,-6034.36592527624
1163,12,2021,0.937576,38.587897,1,34686.5275892758,-1863.59040507541,257.309423923492,50.0849539960944,28.5022749060365,-6116.06637513349
1164,12,2021,1.061163,38.666146,1,35664.5985291127,-1575.18800554241,212.766083717346,48.7241658630601,28.7540842221753,-6042.26841986668
1185,1,2021,2.491563,39.566979,1,35534.0443623512,-1362.21233117288,233.922395944595,50.5012986605761,27.5092952310223,-7275.88225781848
1188,2,2021,2.065769,39.011855,1,35165.2452493366,-2116.29099483572,160.179162979126,48.6407476919114,28.4017101496867,-6878.0317445672
1189,2,2021,2.527235,40.714721,1,35633.614208232,-1504.2651911462,288.135120511055,52.0148240275316,27.9140955485166,-8341.33430453623
1190,2,2021,2.527235,40.714721,1,35635.0738410328,-1504.46721841795,288.135120511055,52.0148240275316,27.9140955485166,-8342.61151041152
1191,2,2021,2.480278,39.610559,1,36180.343430066,-1127.73957875194,264.138727903366,50.5012986605761,27.5092952310223,-10040.2778672644
1275,3,2021,2.442898,40.647455,1,38030.1097546517,-1692.31930755509,257.55378928747,52.2878379260911,27.8562629528602,-9057.56362678184
1276,3,2021,2.442898,40.647455,1,38029.8451999482,-1692.2632205835,257.555002577816,52.287833972328,27.8563422798132,-9057.59215787688
1277,5,2021,2.527235,40.714721,1,35634.4863293392,-1504.84829810586,288.135120511055,52.0148240275316,27.9140955485166,-8341.60321777546
1278,3,2021,2.527235,40.714721,1,35633.8757260756,-1503.80220763725,288.135120511055,52.0148240275316,27.9140955485166,-8342.1459747557
1279,3,2021,2.527235,40.714721,1,35635.7273779906,-1503.45458565337,288.135120511055,52.0148240275316,27.9140955485166,-8344.4622529934
1280,3,2021,2.442898,40.647455,1,38034.0490534003,-1691.17667364731,257.583235481924,52.287741969442,27.8581881943254,-9063.92121274793
1281,3,2021,2.442898,40.647455,1,38030.1593625857,-1692.53953032763,257.548534958062,52.2878550484341,27.8559194160115,-9056.83796297505
1282,3,2021,2.531993,40.718079,1,35679.4005938011,-1440.43374262617,288.135120511055,52.0148240275316,27.9140955485166,-8643.5550468264
1283,3,2021,2.527235,40.714721,1,35631.3248424904,-1504.53399322587,288.135120511055,52.0148240275316,27.9140955485166,-8338.65681104299
1284,4,2021,2.442898,40.647455,1,38034.3345882387,-1692.23831371459,257.557832265636,52.2878247511921,27.8565272895377,-9060.46204072956
1285,4,2021,2.439415,40.666091,1,37946.1492624489,-1699.13102622237,259.680239439011,52.2809084387784,27.9952938219184,-9310.70692852864
1286,4,2021,2.527235,40.714721,1,35631.5279192535,-1504.21054689452,288.135120511055,52.0148240275316,27.9140955485166,-8339.23657006045
1287,4,2021,2.527235,40.714721,1,35631.1431947109,-1504.52398677874,288.135120511055,52.0148240275316,27.9140955485166,-8338.47827269451
1288,4,2021,2.44146,40.658452,1,37816.7723935743,-1661.55894101349,259.680239439011,52.2809084387784,27.9952938219184,-9450.83365140555
1289,4,2021,2.527235,40.714721,1,35636.5708296746,-1504.27784700884,288.135120511055,52.0148240275316,27.9140955485166,-8344.35026585102
1290,4,2021,2.527235,40.714721,1,35631.5984676785,-1504.51562462602,288.135120511055,52.0148240275316,27.9140955485166,-8338.96269139925
1291,4,2021,2.441251,40.647029,1,37792.1045486456,-1694.88716818782,257.42175372018,52.2882681918971,27.8476302465381,-8896.01542605997
1292,4,2021,2.442898,40.647455,1,38032.1965196687,-1692.32957841541,257.554571618547,52.2878353766999,27.8563141029751,-9058.82355347654
1293,4,2021,2.527235,40.714721,1,35635.8719140847,-1503.5534540665,288.135120511055,52.0148240275316,27.9140955485166,-8344.4866891132
1294,4,2021,2.527235,40.714721,1,35634.9643492937,-1504.4028158928,288.135120511055,52.0148240275316,27.9140955485166,-8342.56961137629
1295,4,2021,2.527235,40.714721,1,35634.2416516561,-1503.97870060798,288.135120511055,52.0148240275316,27.9140955485166,-8342.31100995501
1296,4,2021,2.442898,40.647455,1,38025.4414024021,-1692.20947772271,257.554123329172,52.2878368375456,27.8562847930656,-9055.04309896932
1297,4,2021,2.527235,40.714721,1,35635.92555738,-1504.45654686647,288.135120511055,52.0148240275316,27.9140955485166,-8343.49589328627
1299,5,2021,2.442898,40.647455,1,38028.6616550507,-1691.66305925547,257.568757275431,52.2877891497383,27.8572415849587,-9058.92420532133
1300,5,2021,2.442898,40.647455,1,38032.7778577177,-1692.20297725959,257.557904304787,52.2878245164373,27.856531999578,-9059.61801602047
1301,4,2021,2.527235,40.714721,1,35634.4240826705,-1504.86047157146,288.135120511055,52.0148240275316,27.9140955485166,-8341.52642261757
1302,5,2021,2.441251,40.647029,1,37792.4728348006,-1694.47505150189,257.429182808636,52.2882439826419,27.8481159727723,-8897.94074149278
1303,5,2021,2.438686,40.647591,1,37437.3429123094,-1664.23924907139,257.604304510528,52.2876733115587,27.8595657226699,-8765.45549750629
1304,5,2021,2.441251,40.647029,1,37794.5006860912,-1694.78080223487,257.424177917003,52.2882602921393,27.8477887445827,-8898.00761198963
1305,5,2021,2.441251,40.647029,1,37803.7234767562,-1695.01477046682,257.422009786986,52.2882673574493,27.8476469886143,-8903.04645320248
1306,6,2021,2.527235,40.714721,1,35633.8912048954,-1504.09579924164,288.135120511055,52.0148240275316,27.9140955485166,-8341.81412600611
1307,6,2021,2.527235,40.714721,1,35635.536050003,-1504.00014177838,288.135120511055,52.0148240275316,27.9140955485166,-8343.6105192425
1308,6,2021,2.527235,40.714721,1,35632.9359624188,-1504.90684557272,288.135120511055,52.0148240275316,27.9140955485166,-8339.93596510617
1309,6,2021,2.527235,40.714721,1,35635.0492636017,-1503.33581046427,288.135120511055,52.0148240275316,27.9140955485166,-8343.92240217564
1310,6,2021,2.527235,40.714721,1,35635.0800561136,-1503.81627111988,288.135120511055,52.0148240275316,27.9140955485166,-8343.36177091541
1311,6,2021,2.527235,40.714721,1,35634.7385880246,-1503.40463439791,288.135120511055,52.0148240275316,27.9140955485166,-8343.51906087268
1312,6,2021,2.527235,40.714721,1,35630.3804948513,-1504.56974556174,288.135120511055,52.0148240275316,27.9140955485166,-8337.62904263138
1313,6,2021,2.527235,40.714721,1,35633.5806478752,-1503.96442543749,288.135120511055,52.0148240275316,27.9140955485166,-8341.6487573987
1314,6,2021,2.527235,40.714721,1,35636.4600730941,-1504.06105043303,288.135120511055,52.0148240275316,27.9140955485166,-8344.48173094498
1315,8,2021,2.990158,39.317057,1,37646.4474920426,-1797.9253887418,380.917774200439,49.3501030088656,26.94100051427,-8673.38957578938
1316,8,2021,3.175992,39.822938,1,34711.8264631809,-1338.7673715289,267.373466968536,51.3678183832087,26.2008847537106,-8943.24667884823
1317,7,2021,2.996756,39.316857,1,37682.6189639162,-1812.5846473709,379.113729301086,49.3501030088656,26.94100051427,-8586.30280860817
1319,6,2021,3.364383,39.567412,1,38030.3208301173,-1041.41961158277,421.389340639114,53.5057061886121,24.5610639685365,-9564.91241273125
1322,4,2021,1.748647,40.059461,1,36454.3359941718,-1989.54306072744,222.334342390123,51.6495826929805,28.531436314918,-7170.20736529394
1323,3,2021,2.996756,39.316857,1,37686.2230813733,-1811.57631742831,378.980589153908,49.3501030088656,26.94100051427,-8584.11793956528
1324,2,2021,3.468263,39.310621,1,32924.5957930545,-915.909240616823,495.705169677734,54.3299874073708,24.3607132532825,-8704.39454085792
1325,2,2021,2.990158,39.317057,1,37640.3990370849,-1798.41940291024,380.917774200439,49.3501030088656,26.94100051427,-8676.7919393876
1326,6,2021,2.527235,40.714721,1,35634.5657695509,-1503.55989824413,288.135120511055,52.0148240275316,27.9140955485166,-8343.14871215548
1327,6,2021,2.527235,40.714721,1,35637.4449372097,-1503.8893579046,288.135120511055,52.0148240275316,27.9140955485166,-8345.67889775274
1328,6,2021,2.527235,40.714721,1,35636.6840896459,-1503.97744277399,288.135120511055,52.0148240275316,27.9140955485166,-8344.80558842843
1329,6,2021,2.527235,40.714721,1,35638.0595865138,-1504.09823028541,288.135120511055,52.0148240275316,27.9140955485166,-8346.06116020816
1330,6,2021,2.527235,40.714721,1,35630.0739840521,-1504.5043282198,288.135120511055,52.0148240275316,27.9140955485166,-8337.3810061437
1331,6,2021,2.527235,40.714721,1,35632.0350585659,-1504.80539231833,288.135120511055,52.0148240275316,27.9140955485166,-8339.10340213658
1332,6,2021,2.527235,40.714721,1,35636.7146174673,-1504.36234002207,288.135120511055,52.0148240275316,27.9140955485166,-8344.40375343859
1333,6,2021,3.939309,41.852953,1,34610.9706579951,-1539.33456095648,208.760702981368,44.2848086521017,29.7056374918325,-5955.48073282716
1334,7,2021,2.442898,40.647455,1,38031.1346098868,-1692.00932276455,257.561729880816,52.2878120499891,27.85678212214,-9059.26397123961
1335,7,2021,2.442898,40.647455,1,38026.7562195539,-1691.67790602479,257.567430188523,52.2877934743315,27.8571548177961,-9057.69397310293
1336,7,2021,2.373973,40.913211,1,36636.0536344831,-1206.29321898028,296.510246157646,52.2840942208106,27.9618267129001,-9824.57540345706
1337,7,2021,2.442898,40.647455,1,38032.0158183277,-1691.65907139626,257.570580319051,52.2877832089653,27.8573607786011,-9061.01182044078
1338,7,2021,2.442898,40.647455,1,38036.4278259749,-1692.33661198354,257.556506673909,52.2878290709129,27.8564406201325,-9061.42373050893
1339,7,2021,2.442898,40.647455,1,38029.7955681341,-1692.24364325987,257.555446907045,52.2878325243873,27.8563713308017,-9057.62865101549
1340,7,2021,2.527235,40.714721,1,35633.3033235528,-1504.83612545464,288.135120511055,52.0148240275316,27.9140955485166,-8340.39097801219
1341,7,2021,2.441251,40.647029,1,37803.1921529351,-1696.02338079147,257.403666458632,52.2883271330621,27.8464476711129,-8898.60085469241
1342,7,2021,2.527235,40.714721,1,35632.1352515213,-1504.18092238369,288.135120511055,52.0148240275316,27.9140955485166,-8339.90172139097
1343,7,2021,2.527235,40.714721,1,35632.7818433201,-1503.97515630275,288.135120511055,52.0148240275316,27.9140955485166,-8340.81282538958
1344,7,2021,2.527235,40.714721,1,35635.7477538697,-1503.71533095313,288.135120511055,52.0148240275316,27.9140955485166,-8344.16343345281
1370,8,2021,2.442898,40.647455,1,38034.1386767311,-1692.20655274482,257.558499549753,52.2878225767058,27.8565709176899,-9060.44927014901
1371,8,2021,2.518937,40.654984,1,36373.6803205466,-1347.79404771804,269.567664861679,52.0148240275316,27.9140955485166,-8451.42723402196
1372,8,2021,2.527235,40.714721,1,35638.2068165064,-1503.75284887785,288.135120511055,52.0148240275316,27.9140955485166,-8346.60788332434
1373,8,2021,2.527235,40.714721,1,35636.3434375002,-1503.88556896425,288.135120511055,52.0148240275316,27.9140955485166,-8344.56658165235
1374,8,2021,2.527235,40.714721,1,35633.1588664789,-1504.16347076514,288.135120511055,52.0148240275316,27.9140955485166,-8340.98106520212
1375,8,2021,2.442898,40.647455,1,38036.3633191996,-1692.31665737573,257.556956964031,52.2878276035474,27.8564700608542,-9061.45183304301
1376,8,2021,2.442898,40.647455,1,38027.971365823,-1691.77255442282,257.56579239233,52.2877988114366,27.8570477359405,-9058.11965197961
1377,8,2021,2.527235,40.714721,1,35634.6920163476,-1503.88897940742,288.135120511055,52.0148240275316,27.9140955485166,-8342.87852346474
1378,8,2021,2.373973,40.913211,1,36633.5848723785,-1203.62351371593,296.510246157646,52.2840942208105,27.9618267129001,-9825.20002388949
1379,8,2021,2.527235,40.714721,1,35632.5954726463,-1504.74428913048,288.135120511055,52.0148240275316,27.9140955485166,-8339.7520830353
1380,8,2021,2.441251,40.647029,1,37797.4546457194,-1696.13460438436,257.40052619372,52.2883373662792,27.8462423553384,-8894.40616726992
1381,8,2021,2.527235,40.714721,1,35636.1847810837,-1504.1849859071,288.135120511055,52.0148240275316,27.9140955485166,-8344.06066875177
1382,8,2021,2.373973,40.913211,1,36628.9217582593,-1202.12943243263,296.510246157646,52.2840942208106,27.9618267129001,-9827.04209001857
1383,8,2021,2.527235,40.714721,1,35635.2038200672,-1503.3375567981,288.135120511055,52.0148240275316,27.9140955485166,-8344.07735365982
1384,8,2021,2.442898,40.647455,1,38024.3311756981,-1691.86096070067,257.561856696609,52.2878116367331,27.8567904135687,-9055.55899316371
1385,8,2021,2.608065,40.847636,1,37910.0466803783,-1661.85631820636,301.472487270186,51.6964796729283,27.5828536525258,-9586.13240110523
1386,8,2021,2.441251,40.647029,1,37794.0855482504,-1694.50866970327,257.428947293475,52.2882447501179,27.8481005743969,-8898.85023320125
1387,9,2021,2.531993,40.718079,1,35682.6613599381,-1438.73350565082,288.135120511055,52.0148240275316,27.9140955485166,-8650.1636521855
1388,9,2021,2.441251,40.647029,1,37800.7520928025,-1696.19365341292,257.400107621134,52.2883387302864,27.8462149883624,-8896.31713337809
1389,9,2021,2.44146,40.658452,1,37820.7114586088,-1661.81367452904,259.680239439011,52.2809084387784,27.9952938219184,-9454.91693275125
1390,9,2021,2.441251,40.647029,1,37797.5363947531,-1696.03104788337,257.402403586455,52.2883312483981,27.8463651024168,-8894.881557571
1399,11,2021,2.442898,40.647455,1,38034.1184188328,-1691.32672525379,257.579665942753,52.28775360154,27.8579548118815,-9063.44959052274
1400,12,2021,2.527235,40.714721,1,35638.4890516754,-1504.03236547679,288.135120511055,52.0148240275316,27.9140955485166,-8346.56900783515
1401,12,2021,2.87462,40.594599,1,36199.8484406043,-923.490704814957,297.67841053009,50.279138208794,27.3581973785679,-9276.49954961967
1402,10,2021,2.531993,40.718079,1,35679.0514107494,-1439.72257604801,288.135120511055,52.0148240275316,27.9140955485166,-8644.14758728844
1403,8,2021,2.996756,39.316857,1,37689.4957572683,-1811.79680253675,379.09182401934,49.3501030088656,26.94100051427,-8585.48185802836
1404,3,2021,3.364383,39.567412,1,38021.840282336,-1039.48017715594,421.389340639114,53.5057061886121,24.5610639685365,-9559.08357938443
1405,4,2021,3.364383,39.567412,1,38031.871561542,-1041.7824312731,421.389340639114,53.5057061886121,24.5610639685365,-9567.04606322589
1406,4,2021,2.996756,39.316857,1,37687.6438860661,-1811.81785927247,379.058533453991,49.3501030088656,26.94100051427,-8585.13575501004
1407,11,2021,3.364383,39.567412,1,38025.3612429718,-1040.29788211555,421.389340639114,53.5057061886121,24.5610639685365,-9563.28067643538
1408,3,2021,1.748647,40.059461,1,36454.6703601492,-1990.43257544455,222.289884364651,51.6492200969614,28.5318851599232,-7167.49613361856
1409,7,2021,3.195266,39.448464,1,34021.3822708506,-1157.20655226152,344.19304762587,50.7347703294255,26.4782418812791,-7574.23784055109
1427,4,2021,2.065769,39.011855,1,35167.0613105799,-2116.34225375198,160.179162979126,48.6407476919114,28.4017101496867,-6878.35182725081
1495,4,2021,-0.472553,39.602767,1,39923.4615216769,-2154.23296978735,296.867197036743,58.0733169872718,27.9412056369869,-6866.03093667224
1506,10,2021,0.080726,39.123466,1,36182.9164790843,-1839.91639921957,225.250099301338,53.6255718371744,27.7063345521553,-9508.97601363159
1518,4,2021,-0.472553,39.602767,1,39930.3733367567,-2153.26518694328,296.867197036743,58.0733169872718,27.9412056369869,-6872.23700791517
1540,9,2021,-0.802647,38.312985,1,35319.9201608069,-1575.53989811672,613.733804618408,59.4109984317096,24.8884993548807,-8315.82649229898
1541,9,2021,-0.381882,39.712815,1,38425.5962196478,-1777.6780698881,296.532465934753,58.147765736176,27.9001645946067,-8894.60408311235
1542,9,2021,-0.85717,38.613665,1,30943.9578182271,-1653.10655473448,668.703072777305,57.5502815610741,26.0987303525677,-7567.438126655
1543,9,2021,-0.937097,38.061497,1,33511.4139395809,-1471.25923452729,651.573794841766,61.1942856334973,23.6673750594327,-6745.08534910359
1544,10,2021,-0.937097,38.061497,1,33521.1656855038,-1472.61217649701,651.573794841766,61.1942856334973,23.6673750594327,-6747.60688962014
1545,8,2021,0.112585,40.321285,1,33438.8114349904,-730.797250296133,303.967370510101,56.9362017971697,28.5293138704343,-5281.61817781099
1546,7,2021,-1.380659,38.018206,1,32001.8775707981,423.803249441698,932.141516208649,65.3401421774887,22.1639624417101,-5894.39238490943
1548,7,2021,-0.85717,38.613665,1,30938.7600914987,-1654.85793546182,668.821774430218,57.551212218968,26.0995466412368,-7571.78520667238
1549,7,2021,-0.532748,38.199485,1,33831.2442089686,-1348.11000747113,785.721281182709,58.5797714488575,24.7004718327631,-8547.62808203593
1550,5,2021,0.080726,39.123466,1,36182.8380722934,-1839.51107926836,225.250099301338,53.6255718371744,27.7063345521553,-9510.03469523403
1551,5,2021,-0.532748,38.199485,1,33830.2094600372,-1347.60342081656,785.608322998613,58.5797714488575,24.7004718327631,-8547.36888313306
1552,4,2021,-0.452824,39.646405,1,33727.9913703198,-1665.49542741621,296.137098041432,58.0463009237577,27.9479671267397,-4280.34611095716
1553,9,2021,-0.85717,38.613665,1,30943.0487796566,-1654.80992334296,668.833746564551,57.5513060842264,26.0996289713254,-7572.15494382653
1554,3,2021,-0.435793,39.642582,1,35874.7522612021,-1656.23249553797,289.195354938507,57.7894336033374,28.0122550180514,-5364.5539753904
1555,3,2021,0.080726,39.123466,1,36182.5648942082,-1840.19778525889,225.250099301338,53.6255718371744,27.7063345521553,-9508.84083597717
1556,2,2021,-0.937097,38.061497,1,33503.2585680486,-1471.19617843802,651.573794841766,61.1942856334973,23.6673750594327,-6742.71318765974
1557,4,2021,0.080726,39.123466,1,36182.5128643249,-1840.84112827971,225.250099301338,53.6255718371744,27.7063345521553,-9507.39556696055
1559,2,2021,-0.937097,38.061497,1,33519.878752702,-1472.28634028108,651.573794841766,61.1942856334973,23.6673750594327,-6747.30934330514
1560,2,2021,-0.937097,38.061497,1,33508.1714716014,-1471.66677114079,651.573794841766,61.1942856334973,23.6673750594327,-6744.032498273
1561,4,2021,0.549376,39.200527,1,37971.7151753307,-2282.0934363608,168.373160190727,51.7770914078032,28.2588223627251,-8089.10339812082
1562,2,2021,-0.937097,38.061497,1,33504.6490291936,-1471.17946657211,651.573794841766,61.1942856334973,23.6673750594327,-6743.12529996533
1563,2,2021,-0.85717,38.613665,1,30948.8127013808,-1653.38971545133,668.742742428907,57.5505925834862,26.0990031532096,-7568.80633458467
1701,7,2021,3.145916,38.13647,1,33212.8008524338,-2978.64209877611,196.565079689026,47.4420678601205,27.0209785304658,-5431.81605157531
1787,7,2021,0.799998,39.460089,1,32398.2305242902,-1962.11088815386,231.364842156938,52.054693682152,28.7415766415531,-5242.23612097812
1788,7,2021,0.549376,39.200527,1,37965.8754172197,-2281.57769493059,168.27446336066,51.7778223887637,28.2586618677405,-8085.74961113683
1821,6,2021,0.799998,39.460089,1,32388.1853530436,-1959.66885838948,231.392771353487,52.054693682152,28.7415766415531,-5238.33465379804
2025,1,2021,0.650291,35.578539,1,30977.3491296325,-42.3969731522108,1020.93237121275,60.1397227304738,23.6943455498512,-5857.7635955609
2057,4,2021,1.30909,38.964819,1,40814.0655810463,-3524.81115983958,128.710384607315,48.8456231508222,28.9933979975035,-8841.087645543
2058,4,2021,1.30909,38.964819,1,40810.3355108095,-3524.55194454346,128.710384607315,48.8456231508222,28.9933979975034,-8840.21323808107
2161,5,2021,1.30909,38.964819,1,40802.6806167788,-3524.24267609992,128.710384607315,48.8456231508222,28.9933979975035,-8838.35015275829
2183,5,2021,0.966472,38.531399,1,40811.5766619895,-2936.78682349925,280.359477519989,49.473032233401,28.1099435971752,-8468.5594484695
2194,5,2021,0.348575,37.574025,1,29248.944153408,-1062.57588051872,545.184252770684,56.4773155149833,22.4660292087537,-4226.9904823136
2204,3,2021,1.075977,38.659853,1,39997.2375566949,-2764.61235466832,212.766083717346,48.7241658630601,28.7540842221753,-7548.55684891886
2215,12,2021,0.354462,37.582362,1,30595.6959772235,-623.939117596008,594.646911656092,54.4224239253027,23.1691354356126,-3994.14500018951
2226,12,2021,0.354462,37.582362,1,30597.6348980093,-625.879699988543,594.322281565294,54.435910455513,23.164520854767,-3995.26870624727
2237,12,2021,1.075977,38.659853,1,39995.7186933598,-2764.06552378412,212.766083717346,48.7241658630601,28.7540842221753,-7548.69764555437
2397,9,2021,1.728687,35.58767,1,30557.5888873132,-699.2356467151,414.13606107235,47.6951072603571,26.5991804514846,-5487.94731830171
2398,9,2021,1.533855,35.448918,1,30895.52839665,-58.0145736790646,725.121072121936,58.981046602026,23.7673637778011,-5094.56554415192
2400,8,2021,1.554077,35.137879,1,31179.1901303448,-268.528118638634,849.502444196705,56.3768967005864,22.6209645356446,-6236.76389901492
2401,7,2021,1.511485,35.280762,1,30916.8842950797,484.718951315525,838.759960174561,60.2689311289691,21.6090918919812,-5478.78385774689
2402,9,2021,1.495974,35.472715,1,31570.8342354824,198.563841963804,716.658084580019,58.0970257647645,24.6364126771552,-5710.03414716083
2403,9,2021,1.495974,35.472715,1,31559.3527172529,205.827101010207,716.817280583293,58.0970257647645,24.6364126771552,-5699.96027061882
2404,9,2021,1.797533,35.368568,1,28182.6743155112,-305.60502605551,627.328483178393,49.1136283334377,23.7894422505,-4494.41962896925
2405,9,2021,1.601116,35.58767,1,30215.8782175739,-353.691212819375,551.474601835073,49.5531580917551,26.8358443534537,-5395.52764224321
2406,9,2021,1.728687,35.58767,1,30552.7128056592,-698.054108365223,414.13606107235,47.6951072603571,26.5991804514846,-5485.46463723657
2407,9,2021,1.536662,35.631419,1,29836.759953877,223.602611881247,539.020861625671,54.7103496615904,25.9959689432084,-5071.33838185536
2408,10,2021,1.666667,35.466667,1,29232.4998825728,1309.56135716926,620.554700374603,49.6875305997847,24.7974966615303,-3773.87542287495
2410,9,2021,1.648451,35.609547,1,32367.863915272,-624.334732916068,453.517357539131,49.5423205844852,26.834463957011,-6171.38127387641
2411,9,2021,1.495974,35.472715,1,31565.5341500595,203.044213654981,716.815017460813,58.0970257647645,24.6364126771553,-5705.13369305521
2412,6,2021,1.648451,35.609547,1,32372.7397953755,-623.701268601113,453.684068433572,49.5492295070163,26.8353439612267,-6171.17289638506
2413,6,2021,1.536662,35.631419,1,29837.8007773012,222.990603948771,539.020861625671,54.7103496615904,25.9959689432084,-5071.58114123845
2414,6,2021,1.495974,35.472715,1,31562.6421591757,203.433986890038,716.748393350308,58.0970257647645,24.6364126771552,-5702.91593269481
2415,6,2021,1.495974,35.472715,1,31565.8842805174,202.1995479483,716.763976376654,58.0970257647645,24.6364126771552,-5705.57925379863
2476,6,2021,1.495974,35.472715,1,31563.695665443,201.976779333832,716.675085421746,58.0970257647645,24.6364126771552,-5704.01597223152
2477,6,2021,1.507382,35.5001,1,32895.9453004275,288.688020750393,683.704498471064,58.0970257647645,24.6364126771553,-5503.18769457982
2478,6,2021,1.536662,35.631419,1,29834.1793404699,224.370968799823,539.020861625671,54.7103496615904,25.9959689432084,-5071.28754314493
2479,6,2021,1.501555,35.806497,1,27758.8876268497,-794.605838537167,457.175468626359,46.8344779045899,25.786023835831,-4184.51374030374
2480,6,2021,1.495974,35.472715,1,31569.2948562238,199.917178102069,716.707481714718,58.0970257647645,24.6364126771552,-5708.59934056817
2481,6,2021,1.495974,35.472715,1,31566.3026903468,200.25347080081,716.633487566631,58.0970257647645,24.6364126771552,-5706.31976722042
2482,6,2021,1.495974,35.472715,1,31568.4702223027,199.76897576011,716.669257223143,58.0970257647645,24.6364126771553,-5708.02454694836
2483,6,2021,1.728687,35.58767,1,30556.157266466,-698.407489440863,414.13606107235,47.6951072603571,26.5991804514846,-5487.26722826377
2484,6,2021,1.648451,35.609547,1,32369.9448415752,-624.393139532332,453.51813913927,49.5423529759784,26.8344680827847,-6172.03425181368
2485,6,2021,1.603738,35.456279,1,29330.5821845329,249.85246034626,615.289347410202,52.9770552493942,25.0127776350605,-4689.80926643896
2854,4,2021,-1.782745,36.342784,1,32783.9264605507,-1978.90572851331,611.659251630356,48.9146735182238,26.6084535407022,-5496.10894255513
2855,2,2021,1.025218,35.725577,1,28853.0390423938,-428.473579274615,740.89378786087,55.8496067397974,24.7152540459481,-4240.2927647395
2857,2,2021,0.999132,35.674947,1,28479.6837306757,669.565948670409,797.355854929771,55.8496067397974,24.7152540459481,-4057.59647221419
2858,1,2021,0.813284,35.675218,1,33141.330955966,-373.898187555903,847.083525180817,55.1176358683524,23.9413057457911,-6286.27625624507
2866,4,2021,0.591719,35.519491,1,30066.0107975934,1814.85277758102,1191.16161322594,65.0993043123923,18.588123891125,-3435.25917822135
2926,6,2021,0.999132,35.674947,1,28467.9755624258,678.283777528242,797.228060633287,55.8496067397974,24.7152540459481,-4045.18704187914
2944,5,2021,1.210252,35.74825,1,29475.3713689408,-334.161868149571,630.903576374054,58.5867945818461,24.9819445692785,-4451.17316094727
3027,5,2021,1.648451,35.609547,1,32367.3475736831,-624.354931921422,453.509777723084,49.5420064576727,26.8344239460081,-6171.29712298237
3046,3,2021,-1.714861,36.383007,1,29293.9725890422,825.785822206858,526.514197826385,51.4799328959423,24.8335070692785,-3427.59971357097
3047,4,2021,-1.903692,36.287051,1,30828.9670123544,-2794.22335012304,366.807655316822,48.5942299826071,26.5853743548807,-2954.07587027313
3048,4,2021,0.649851,35.81757,1,27770.1504577106,1874.1269801827,1257.3237688626,55.0095535543045,19.7626389714504,-2658.80640676503
3049,7,2021,-0.829986,35.143524,1,29023.1283493842,2884.36524787071,1663.36934566498,74.1941658888217,17.9596586549663,-2814.33815962922
3050,7,2021,-1.782745,36.342784,1,32786.177747257,-1979.14924738575,611.813364209818,48.912034057363,26.6102082991463,-5496.40493375907
3051,10,2021,-1.055344,36.172586,1,32064.0948667561,27.5700540452839,892.599503995305,66.8126915052898,17.7466348091473,-4321.25021885566
3052,8,2021,-1.055344,36.172586,1,32069.5657509853,24.9139417197938,892.648640726653,66.8141950972863,17.745992498029,-4319.1339397334
3059,3,2021,-1.903692,36.287051,1,30805.7277300413,-2796.59240571925,366.928680100824,48.5942299826071,26.5853743548807,-2944.50925491978
3064,10,2021,-0.02081,35.956471,1,31419.8869601056,-945.079479651417,911.669719219208,61.6510517792451,20.2987954004715,-5620.96679051428
3066,12,2021,0.401982,36.100451,1,27428.8688239175,-1154.10710098623,733.109015663157,61.3950350187171,22.9418524424235,-4548.20333867324
3076,8,2021,-1.149933,36.51101,1,32347.2985785537,-1592.26442230402,642.72277488727,68.1544445185826,19.090722139847,-6719.89249662181
3077,8,2021,-1.782745,36.342784,1,32794.5504440805,-1980.96188427802,610.37865823095,48.9366060312487,26.593872433248,-5503.0352021217
3078,8,2021,-1.507843,36.306459,1,28949.3575186456,-1187.55035068194,465.470516204834,52.118457772086,23.8922310276119,-4878.14267637248
3079,8,2021,-1.507843,36.306459,1,28946.8397034703,-1187.01937393985,465.470516204834,52.118457772086,23.8922310276119,-4878.9790376925
3080,9,2021,-1.782745,36.342784,1,32809.9020854969,-1982.94703915377,610.711982402717,48.9308972428525,26.5976677328082,-5507.05511207509
3081,9,2021,-1.782745,36.342784,1,32787.738665088,-1979.80258650848,610.847516937551,48.9285759651136,26.5992109577047,-5499.56123542396
3082,9,2021,-2.146134,36.652403,1,31665.2796727697,-802.665014090735,588.822534525162,60.7554710747781,20.84786119137,-6620.51921120406
3094,5,2021,1.495931,35.472693,1,31560.1609599705,206.298336037619,716.878963483187,58.0970257647645,24.6364126771552,-5700.45118428899
3174,12,2021,1.734344,35.324677,1,27413.4946839399,1302.09230058241,741.154845476151,52.2057443212015,19.9637321245725,-2906.03245219109
3226,5,2021,1.445108,34.983731,1,33058.2316965341,198.839309865416,1038.86912865392,56.269231863411,21.2215678261237,-6328.20999557338
3232,5,2021,1.495931,35.472693,1,31566.576929083,201.675884125006,716.748036992806,58.0970257647645,24.6364126771552,-5706.20596303854
3403,8,2021,0.937576,38.587897,1,34676.513628681,-1860.11439570223,257.309423923492,50.0849539960944,28.5022749060365,-6110.92575727082
3405,2,2021,1.078052,38.835138,1,34292.2480616525,-1718.25795866964,177.419795274734,48.4318376635784,28.9952262651975,-5362.32795257461
3406,12,2021,0.966472,38.531399,1,40818.3283543784,-2937.06459276431,280.359477519989,49.473032233401,28.1099435971752,-8471.41831066986
3414,8,2021,0.937576,38.587897,1,34683.2736447575,-1862.1873082285,257.309423923492,50.0849539960944,28.5022749060365,-6113.48850505617
3417,8,2021,0.937576,38.587897,1,34683.7666856715,-1862.88986953068,257.309423923492,50.0849539960944,28.5022749060365,-6115.49300679917
3418,9,2021,1.061163,38.666146,1,35674.5160352241,-1562.81189046713,212.766083717346,48.7241658630601,28.7540842221753,-6038.40668811796
3419,9,2021,1.078052,38.835138,1,34287.2128739196,-1722.06201217276,177.419795274734,48.4318376635784,28.9952262651975,-5362.63297712534
3420,9,2021,0.937576,38.587897,1,34677.4184721337,-1860.53871723468,257.309423923492,50.0849539960944,28.5022749060365,-6111.75183676653
3421,9,2021,0.937576,38.587897,1,34679.0080611915,-1860.66878297759,257.309423923492,50.0849539960944,28.5022749060365,-6111.17346728736
3604,6,2021,1.488327,35.022295,1,34782.0008305399,-748.975613990812,830.829116821289,54.3198551591937,22.2355576275691,-7513.06000061548
3757,2,2021,1.402011901,35.58796422,1,32833.7158289854,-82.3381952968688,782.234461837879,60.5554507989574,22.8881600105599,-6642.01493287318
3758,5,2021,1.797533,35.368568,1,28181.3057645784,-305.18473226559,628.074266803929,49.1136283334377,23.7894422505,-4493.24740328951
3760,6,2021,1.436433,35.355208,1,30447.6289529179,927.267559321206,829.309853553772,66.658673122949,19.2812609755285,-4438.34636231114
3761,6,2021,1.739282,35.467237,1,29638.9669763368,-788.155866679613,610.667229175568,49.6875305997847,24.7974966615303,-5513.24022241855
3763,6,2021,1.397999,35.586864,1,31763.8278444563,186.24951411355,864.204081174996,60.5554507989574,22.88816001056,-5818.49297270035
3764,6,2021,1.491713,35.011236,1,34525.8699723976,-834.701565916356,830.829116821289,54.3198551591937,22.2355576275691,-7217.69584126937
3765,1,2021,1.797533,35.368568,1,28185.1564846467,-307.099029570102,627.426962836798,49.1136283334377,23.7894422505,-4496.21019284667
3766,1,2021,1.728687,35.58767,1,30554.7462714533,-700.457713520061,414.13606107235,47.6951072603571,26.5991804514846,-5486.30925697602
3767,6,2021,1.728687,35.58767,1,30554.7449328211,-698.211959507924,414.13606107235,47.6951072603571,26.5991804514846,-5486.53348999968
3768,6,2021,1.740415778,35.05933935,1,28639.9720863551,-328.972261440011,728.742448806763,56.0711773495058,23.8978076899977,-4275.21053065513
3769,1,2021,1.489864,35.010159,1,34552.8016224532,-760.732028015506,830.829116821289,54.3198551591937,22.2355576275691,-7178.9746931612
3770,5,2021,1.300454,35.199375,1,30069.6299662563,1063.09719725869,1303.77357413903,71.9525062402542,18.0784831234309,-4415.45067421826
3771,6,2021,1.790618,35.051628,1,31705.4157737012,-183.015117579491,744.357677619491,57.0651671198683,24.6992196428971,-5670.73215145024
3772,5,2021,1.567516,35.26978,1,30154.5281608076,776.017520423123,828.266170978546,55.5022096743267,19.7228025619298,-4876.89973433965
3773,1,2021,1.551136,35.291743,1,29889.653699629,904.542212008269,836.963085600756,59.4527149441132,21.2860984267327,-4301.57557490581
3774,1,2021,1.966667,35.2,1,27836.6004206305,388.599372777218,653.473391150615,53.2813515618066,20.8736065537963,-3733.47982326234
3775,3,2021,1.517599,35.379537,1,28339.8900627214,675.995216414265,780.927027702331,60.6291162420811,22.1472061453345,-3267.06825972174
3776,1,2021,1.511485,35.280762,1,30916.7984481364,484.965036419734,838.759960174561,60.2689311289691,21.6090918919812,-5478.70998957774
3777,1,2021,1.559501,35.527485,1,31074.9410976625,-18.6099267065545,646.548238277435,52.9770552493942,25.0127776350605,-4901.35654578311
3778,1,2021,1.715365,35.497959,1,31070.5149650999,-908.586566706267,594.192913539945,49.6875305997847,24.7974966615303,-6043.30644775652
3779,2,2021,1.734344,35.324677,1,27408.3234914553,1304.25207281143,741.154845476151,52.2057443212015,19.9637321245725,-2911.18630178769
3780,2,2021,1.915272479,35.36266662,1,31632.8959146046,-1410.78630136594,413.570632219315,48.5579400834062,26.527430085831,-5936.81548262961
3781,2,2021,1.966667,35.2,1,27838.3805170383,390.03770535204,653.464837870938,53.2813515618066,20.8736065537963,-3734.0344241958
3782,2,2021,1.966667,35.2,1,27854.1621774473,393.833434194345,653.511958522219,53.2813515618066,20.8736065537963,-3746.44149570015
3783,1,2021,1.966667,35.2,1,27837.907435122,389.649321421373,653.467200381,53.2813515618066,20.8736065537963,-3733.89286287384
3784,1,2021,1.966667,35.2,1,27839.5162411541,388.886048854911,653.487705276015,53.2813515618066,20.8736065537963,-3736.10759603777
3785,5,2021,1.489864,35.010159,1,34551.1453936643,-761.256776663311,830.829116821289,54.3198551591937,22.2355576275691,-7177.93420933951
3786,4,2021,1.797533,35.368568,1,28184.7656950741,-306.685928640721,627.053781115561,49.1136283334377,23.7894422505,-4496.01170733427
3787,3,2021,1.231195,35.971367,1,29015.0116399902,-313.214006286491,613.122095584869,48.8728800921981,24.9912966044527,-4999.89360345078
3802,1,2021,1.536662,35.631419,1,29837.1666869583,222.878778232034,539.020861625671,54.7103496615904,25.9959689432084,-5071.78805888791
3803,6,2021,1.30811,35.206604,1,30425.0739333992,812.584429089992,1075.85249090195,71.9525062402542,18.0784831234309,-4565.23666637205
3804,7,2021,1.442384,35.137879,1,31120.1096001322,-385.004452510915,961.654308041757,61.8328004575594,20.5434347243443,-6058.89295743727
3805,1,2021,1.309221,35.207071,1,30528.0263564105,828.310452685275,1075.85249090195,71.9525062402542,18.0784831234309,-4665.15474459364
3806,6,2021,1.39074,35.132379,1,32577.8426104667,-564.800721595883,1028.71410012245,62.2060646876587,20.4070313005143,-6698.7534025189
3807,2,2021,1.437513,35.356226,1,30339.3848488805,894.065146681369,829.309853553772,66.658673122949,19.2812609755285,-4414.27701279486
3941,1,2021,1.363187,35.115875,1,30216.0089486551,752.026344542825,1028.71410012245,62.2060646876587,20.4070313005143,-4732.76809783411
3984,11,2021,1.648451,35.609547,1,32363.9673616506,-622.996323133802,453.777722140036,49.5531107542791,26.8358383239783,-6167.39798642209
3986,11,2021,2.124498,35.192863,1,31466.9629664343,-606.194024352777,565.389583883588,52.2673144917533,22.3818460211907,-5596.43073140301
3991,11,2021,1.495974,35.472715,1,31566.6250141988,202.962193017293,716.844915657744,58.0970257647645,24.6364126771552,-5705.95587421684
3992,12,2021,1.966667,35.2,1,27841.2647186214,389.213951453742,653.494160840228,53.2813515618066,20.8736065537963,-3737.55471975239
3993,12,2021,1.790621991,35.30270424,1,27232.7939920188,-719.685554673941,677.972862473247,50.9066262187044,22.6287074206627,-4313.61054209834
3994,10,2021,1.533855,35.448918,1,30896.2655063579,-58.0148321631199,725.198736755029,58.9833735391096,23.7650762501477,-5095.5375373473
3995,11,2021,1.495974,35.472715,1,31560.2595086007,203.681591820011,716.687905989498,58.0970257647645,24.6364126771552,-5701.10529571977
3996,8,2021,1.495974,35.472715,1,31561.6104282655,203.902687799011,716.749059465972,58.0970257647645,24.6364126771552,-5702.05154447136
3997,11,2021,1.495974,35.472715,1,31562.7364675254,202.64887164878,716.693230360326,58.0970257647645,24.6364126771552,-5703.15986704802
3998,12,2021,1.966667,35.2,1,27837.4616128562,389.845913852647,653.461703462157,53.2813515618066,20.8736065537963,-3733.2889703008
3999,10,2021,1.966667,35.2,1,27852.2370855817,393.563531450759,653.503551315272,53.2813515618066,20.8736065537963,-3744.76543482309
4000,10,2021,1.437513,35.356226,1,30339.4734781822,894.274165043966,829.309853553772,66.658673122949,19.2812609755285,-4414.2805732867
4001,12,2021,1.739282,35.467237,1,29642.2783545864,-786.176900776056,610.667229175568,49.6875305997847,24.7974966615303,-5513.78843307611
4002,12,2021,1.648451,35.609547,1,32371.5446584786,-624.037514943203,453.604332411239,49.5459250439032,26.8349230647038,-6171.63382484296
4003,12,2021,1.603738,35.45628,1,29330.8756103963,250.021807044694,615.289347410202,52.9770552493942,25.0127776350605,-4689.6400262404
4004,8,2021,1.495974,35.472715,1,31565.3732579964,201.989041665947,716.731487058498,58.0970257647645,24.6364126771552,-5705.24941204059
4005,8,2021,1.536662,35.631419,1,29834.465890416,225.007530548089,539.020861625671,54.7103496615904,25.9959689432084,-5070.75806438793
4006,8,2021,1.536662,35.631419,1,29836.2831511615,224.041807755289,539.020861625671,54.7103496615904,25.9959689432084,-5071.10997392863
4007,8,2021,1.495974,35.472715,1,31559.0716006621,206.412759247015,716.851474261307,58.0970257647645,24.6364126771552,-5699.6229768463
4119,12,2021,1.648451,35.609547,1,32365.674398367,-623.758028605741,453.626251918992,49.54683344393,26.835038769555,-6169.53742347512
4171,12,2021,1.734344,35.324677,1,27409.8466367874,1303.31000373506,741.154845476151,52.2057443212015,19.9637321245725,-2904.45264784158
4291,12,2021,1.648451,35.609547,1,32366.0190875105,-624.360368616174,453.500199427825,49.5416095088101,26.8343733857839,-6170.97598269487
4292,10,2021,1.797533,35.368568,1,28184.007392935,-306.593112318881,627.738038563965,49.1136283334377,23.7894422505,-4495.30051096106
4293,10,2021,1.790621991,35.30270424,1,27232.2562952432,-719.643749713301,678.021474606831,50.9066262187044,22.6287074206627,-4312.94781549631
4294,11,2021,1.797533,35.368568,1,28180.8271683923,-304.643582444965,627.568816504423,49.1136283334377,23.7894422505,-4493.01237118696
4295,11,2021,1.231195,35.971367,1,29021.2188984079,-313.735616764656,613.122095584869,48.8728800921981,24.9912966044527,-5003.1897498108
4296,11,2021,1.536662,35.631419,1,29838.0772624848,222.184322633314,539.020861625671,54.7103496615904,25.9959689432084,-5072.1144663496
4298,11,2021,1.495974,35.472715,1,31560.6187994084,205.239933613529,716.81554133392,58.0970257647645,24.6364126771552,-5701.0237090964
4299,11,2021,1.734344,35.324677,1,27406.5310243262,1304.83744748011,741.154845476151,52.2057443212015,19.9637321245725,-2910.20320535005
4300,10,2021,1.545043,35.192863,1,35747.6432472138,-1160.15166034636,902.437342595053,59.6681217727883,22.0632148585908,-7794.49431806034
4301,10,2021,1.797533,35.368568,1,28181.1093474744,-305.2164419717,628.338472740222,49.1136283334377,23.7894422505,-4493.04653814047
4302,12,2021,1.400206,35.044323,1,32714.3054201057,-181.690545831539,906.698266963806,57.4203483337604,20.6228018930514,-6362.52625749238
4303,3,2021,1.495974,35.472715,1,31559.460205199,205.02712232584,716.761416921633,58.0970257647645,24.6364126771552,-5700.21726529652
4304,8,2021,1.615541,35.048429,1,31266.923198559,-211.591638822026,855.159181628036,55.2352363391813,22.7417277807286,-5866.17463211361
4305,8,2021,1.491713,35.011236,1,34527.6032574557,-835.044569302257,830.829116821289,54.3198551591937,22.2355576275691,-7219.64766434746
4306,8,2021,1.648451,35.609547,1,32370.584245268,-624.231223844828,453.556772879226,49.5439540562038,26.8346720157918,-6171.83009100735
4307,10,2021,1.738554,35.619629,1,31039.138736814,-773.081965548447,358.179074883461,47.6951072603571,26.5991804514846,-5959.08062251761
4308,12,2021,1.648451,35.609547,1,32366.1303768199,-623.270897704921,453.733174839492,49.551264601096,26.8356031755052,-6168.55497644819
4309,8,2021,1.518026,34.92861,1,31020.1439987326,264.524193120971,1033.00136113167,51.9661468733802,22.7842994672523,-5507.63887107554
4310,8,2021,1.533855,35.448918,1,30900.8535137244,-62.1802519482484,724.373673172596,58.9586535221619,23.7893776043861,-5096.11872791659
4311,9,2021,1.734344,35.324677,1,27410.7452552931,1303.05369637478,741.154845476151,52.2057443212015,19.9637321245725,-2905.58791480952
4312,9,2021,1.797533,35.368568,1,28181.3902194224,-305.079994362818,627.782788119691,49.1136283334377,23.7894422505,-4493.37448845196
4313,8,2021,1.797533,35.368568,1,28182.3400109959,-305.626790182869,627.761459673552,49.1136283334377,23.7894422505,-4494.07470254071
4314,12,2021,1.603738,35.45628,1,29330.0453457886,249.429473973503,615.289347410202,52.9770552493942,25.0127776350605,-4690.30790417623
4315,8,2021,1.790621991,35.30270424,1,27228.5032059699,-719.31428576371,678.333191749872,50.9066262187044,22.6287074206627,-4308.08463115642
4316,8,2021,1.489864,35.010159,1,34549.2458741512,-761.674149973526,830.829116821289,54.3198551591937,22.2355576275691,-7176.61443337825
4317,8,2021,1.739282,35.467237,1,29640.5821116589,-788.472387382499,610.667229175568,49.6875305997847,24.7974966615303,-5514.17126087738
4318,10,2021,1.489864,35.010159,1,34553.7021391947,-756.466162613741,830.829116821289,54.3198551591937,22.2355576275691,-7176.96531032319
4319,10,2021,1.495974,35.472715,1,31561.576512856,203.341215362216,716.706242072701,58.0970257647645,24.6364126771552,-5702.15132542242
4320,10,2021,1.488327,35.022295,1,34776.960125936,-747.275957635552,830.829116821289,54.3198551591937,22.2355576275691,-7511.66773912074
4321,11,2021,1.495974,35.472715,1,31566.7815220623,202.281163075654,716.799638174194,58.0970257647645,24.6364126771552,-5706.22237409521
4322,10,2021,1.966667,35.2,1,27845.3873923904,392.343258507136,653.477202770986,53.2813515618066,20.8736065537963,-3739.01878474336
4323,9,2021,1.536662,35.631419,1,29834.6672308666,223.753056723993,539.020861625671,54.7103496615904,25.9959689432084,-5071.64584056246
4324,8,2021,2.01,35.21,1,29989.5186066027,523.109491554506,640.892428517342,53.2813515618066,20.8736065537963,-4915.40658433502
4326,9,2021,1.495974,35.472715,1,31564.429410908,202.429369468957,716.732947151474,58.0970257647645,24.6364126771552,-5704.45609613508
4327,10,2021,1.966667,35.2,1,27838.8234585598,390.356455268018,653.463239469523,53.2813515618066,20.8736065537963,-3734.2041492811
4329,11,2021,1.507382,35.5001,1,32910.9381674962,292.126986888362,683.780662612504,58.0970257647645,24.6364126771552,-5504.19531869511
4330,11,2021,1.648451,35.609547,1,32362.7048850564,-623.479544365642,453.666467535831,49.5485000811478,26.8352510526963,-6168.16983725267
4331,11,2021,1.966667,35.2,1,27845.5710288964,392.029752802067,653.482663607108,53.2813515618066,20.8736065537963,-3739.46259557048
4332,11,2021,1.666667,35.466667,1,29232.4518507719,1310.43107910198,620.554700374603,49.6875305997847,24.7974966615303,-3773.25880391182
4333,11,2021,1.670977,35.770711,1,30790.3743880364,-1577.1191256043,342.699249386787,46.2358462970306,26.6620090937506,-5656.13808558263
4334,11,2021,1.536662,35.631419,1,29837.8958706523,222.949372699796,539.020861625671,54.7103496615904,25.9959689432084,-5071.59254951405
4335,11,2021,1.738554,35.619629,1,31039.1941389737,-774.569891862522,358.179074883461,47.6951072603571,26.5991804514846,-5958.99379455057
4336,11,2021,1.536662,35.631419,1,29833.0870844263,224.516485947506,539.020861625671,54.7103496615904,25.9959689432084,-5071.40123669237
4337,11,2021,1.734344,35.324677,1,27409.7128483747,1303.76846406441,741.154845476151,52.2057443212015,19.9637321245725,-2911.44281922441
4339,10,2021,1.648451,35.609547,1,32372.1132237046,-624.131357341747,453.587917030858,49.5452447488826,26.8348364140744,-6171.98756220811
4340,11,2021,1.536662,35.631419,1,29836.8180935914,223.889977688859,539.020861625671,54.7103496615904,25.9959689432084,-5071.11590679003
4341,11,2021,1.739282,35.467237,1,29636.8763549622,-786.912809909689,610.667229175568,49.6875305997847,24.7974966615303,-5511.60451400877
4342,11,2021,2.009217,35.204115,1,30002.4472762875,680.977843286426,640.892428517342,53.2813515618066,20.8736065537963,-4820.80959145727
4344,11,2021,1.648451,35.609547,1,32372.6706007784,-624.759473945379,453.457279289253,49.5398307893484,26.8341468264879,-6173.54203962022
4345,11,2021,1.536662,35.631419,1,29832.5365524754,225.53262400137,539.020861625671,54.7103496615904,25.9959689432084,-5070.75623480221
4346,11,2021,1.536662,35.631419,1,29836.4830437968,224.163184836756,539.020861625671,54.7103496615904,25.9959689432084,-5070.9811267767
4347,11,2021,1.533855,35.448918,1,30899.0505263501,-61.8148643284007,724.299921963967,58.9564438365497,23.7915498663603,-5094.23743480618
4348,11,2021,1.904322,35.609547,1,31692.8987445836,-402.522187009812,322.261248765795,47.4485566487881,27.2018336692357,-5860.24576077216
4349,9,2021,1.666667,35.466667,1,29234.3308388663,1304.85644323403,620.554700374603,49.6875305997847,24.7974966615303,-3777.6355633828
4350,9,2021,1.495974,35.472715,1,31561.5439938781,204.500385087061,716.791230774163,58.0970257647645,24.6364126771552,-5701.8697923557
4351,12,2021,1.501555,35.806497,1,27759.1101558566,-794.827315233193,457.196998261805,46.8344779045899,25.786023835831,-4184.24443033067
4352,12,2021,1.734344,35.324677,1,27411.0563261154,1302.85050047432,741.154845476151,52.2057443212015,19.9637321245725,-2904.0219685339
4353,12,2021,1.495549,35.707923,1,29555.9577778728,-698.94172266781,469.257076978683,51.4450169240143,25.7688744619012,-5342.90638230288
4354,12,2021,1.858742,35.5001,1,31315.0109395893,-1580.64645108445,376.265129266187,47.287458057355,28.2186561845754,-6223.79746059242
4355,12,2021,1.400963,35.573993,1,31462.5853367514,640.397312744655,804.563452596785,60.5554507989574,22.8881600105599,-5462.0578350317
4356,12,2021,1.734344,35.324677,1,27407.3871565235,1304.31584483629,741.154845476151,52.2057443212015,19.9637321245725,-2906.55455840353
4357,12,2021,2.160457,35.06084,1,27213.2658801904,510.984662318488,554.903646826744,53.4252505868617,22.6540035108453,-3113.69053026976
4359,12,2021,1.797533,35.368568,1,28180.7556526567,-304.751776523301,627.870208919041,49.1136283334377,23.7894422505,-4492.8898091025
4361,12,2021,1.966667,35.2,1,27847.5316069629,390.870188735668,653.510787391678,53.2813515618066,20.8736065537963,-3742.35157520053
4362,12,2021,1.518026,34.92861,1,31008.8790185071,265.071049170979,1033.00136113167,51.9661468733802,22.7842994672523,-5502.71700943222
4363,12,2021,1.536662,35.631419,1,29836.28126776,223.581626919023,539.020861625671,54.7103496615904,25.9959689432084,-5071.44870992411
4364,12,2021,1.536662,35.631419,1,29836.6192030984,223.123206952032,539.020861625671,54.7103496615904,25.9959689432084,-5071.71784424383
4365,9,2021,1.60508,34.983731,1,31199.544062116,43.6660808797466,1020.24008989334,55.1650251205994,22.7372193445354,-5788.0179379
4366,12,2021,1.739282,35.467237,1,29644.0908109804,-786.152179916502,610.667229175568,49.6875305997847,24.7974966615303,-5514.63506700236
4367,12,2021,1.495974,35.472715,1,31567.2127407202,202.336718826578,716.8179745644,58.0970257647645,24.6364126771552,-5706.52785340693
4368,5,2021,1.545043,35.192863,1,35749.1832694565,-1159.50232430705,902.570428763527,59.6681217727883,22.0632148585908,-7793.78603490052
4369,12,2021,1.797533,35.368568,1,28183.6424620661,-306.431586828101,627.834663108879,49.1136283334377,23.7894422505,-4495.01218261085
4370,12,2021,1.648451,35.609547,1,32370.8466230681,-624.852466312993,453.42594227119,49.5385321037953,26.8339814101358,-6173.29286933514
4371,12,2021,1.728687,35.58767,1,30554.5140486765,-697.61338505842,414.13606107235,47.6951072603571,26.5991804514846,-5486.47083610043
4373,11,2021,1.442384,35.137879,1,31118.7896844454,-384.726263258596,961.726714351469,61.8462588792662,20.5385165600732,-6058.31227760802
4375,11,2021,1.290104,35.079476,1,30544.1846969088,1447.14922296785,1235.18593215942,68.1252553212205,17.3210639239446,-4294.83393439684
4376,10,2021,1.489864,35.010159,1,34552.665426955,-760.609669682788,830.829116821289,54.3198551591937,22.2355576275691,-7178.78103516522
4377,10,2021,1.648451,35.609547,1,32367.5830442173,-624.505816947961,453.479154168937,49.5407373398749,26.8342622957642,-6171.69482355836
4380,3,2021,1.495974,35.472715,1,31561.4873320924,203.446501258138,716.711109327609,58.0970257647645,24.6364126771552,-5702.06221605699
4381,3,2021,1.567516,35.26978,1,30151.806622082,777.748827175446,828.266170978546,55.5022096743267,19.7228025619298,-4873.71125329086
4382,1,2021,2.306505,35.082859,1,27217.7726500403,1811.32189625807,633.861954092979,51.2512571849098,22.1837677089047,-2148.3595267457
4384,5,2021,2.095168,35.092684,1,29644.8859974061,225.205047203722,608.393461566483,55.1639511943151,22.2145606419812,-5006.16592578006
4385,5,2021,1.966667,35.2,1,27837.3782807697,388.923769136559,653.473822696844,53.2813515618066,20.8736065537963,-3733.97571528493
4386,3,2021,1.966667,35.2,1,27842.6482646271,390.768915331529,653.481592331387,53.2813515618066,20.8736065537963,-3737.63094665536
4387,3,2021,1.966667,35.2,1,27849.9485342334,391.695147070619,653.514685287682,53.2813515618066,20.8736065537963,-3744.05147603953
4388,2,2021,1.966667,35.2,1,27834.2813130225,388.325890222762,653.462621066559,53.2813515618066,20.8736065537963,-3731.4265555829
4389,2,2021,1.925084,35.156148,1,30709.4914774147,-89.2159235172182,643.092786490917,53.3127936485988,22.5713711621011,-5279.02351872821
4390,2,2021,1.648451,35.609547,1,32362.4580018838,-623.131028381067,453.739132025307,49.5515114819938,26.8356346212524,-6167.32525268027
4391,1,2021,1.648451,35.609547,1,32364.1195988576,-624.147859868307,453.533336135382,49.542982778063,26.834548302021,-6170.02303871413
4392,3,2021,1.728687,35.58767,1,30552.0133343575,-695.67246923063,414.136061072349,47.6951072603571,26.5991804514846,-5485.33373492835
4393,2,2021,1.648451,35.609547,1,32376.1452952038,-625.158808682863,453.393947072062,49.5372061415486,26.8338125194931,-6175.3138667533
4394,7,2021,1.666667,35.466667,1,29232.0539224291,1305.20306863522,620.554700374603,49.6875305997847,24.7974966615303,-3776.77967293662
4395,4,2021,1.489864,35.010159,1,34551.7818926555,-757.936120966161,830.829116821289,54.3198551591937,22.2355576275691,-7176.3094264193
4396,7,2021,1.489864,35.010159,1,34553.038016215,-758.673342329835,830.829116821289,54.3198551591937,22.2355576275691,-7177.83237349534
4397,1,2021,1.797533,35.368568,1,28180.8954985849,-304.8125245079,627.828277174456,49.1136283334377,23.7894422505,-4493.00181831865
4398,6,2021,1.536662,35.631419,1,29835.733870143,223.563895254029,539.020861625671,54.7103496615904,25.9959689432084,-5071.57088291223
4399,1,2021,1.739282,35.467237,1,29647.0351400251,-786.030097926378,610.667229175568,49.6875305997847,24.7974966615303,-5515.96757273384
4400,1,2021,1.501555,35.806497,1,27758.5347481883,-794.899670346267,457.284524306744,46.8344779045899,25.786023835831,-4183.45913976711
4401,1,2021,1.495974,35.472715,1,31567.18185191,200.742081258824,716.698805323074,58.0970257647645,24.6364126771552,-5706.85907932535
4402,1,2021,1.648451,35.609547,1,32372.689536228,-625.017960249047,453.402270055268,49.537551067094,26.8338564533963,-6174.12804404979
4403,1,2021,1.495974,35.472715,1,31571.3768863929,198.08588240844,716.640612984733,58.0970257647645,24.6364126771552,-5710.54012219089
4420,2,2021,1.648451,35.609547,1,32373.1710713141,-624.124463590301,453.596195023902,49.5455878099215,26.8348801104915,-6172.23641827924
4421,1,2021,1.734344,35.324677,1,27415.756324132,1301.26222668743,741.154845476151,52.2057443212015,19.9637321245725,-2905.73179422247
4423,5,2021,1.966667,35.2,1,27844.3225210202,391.557298962183,653.481298641649,53.2813515618066,20.8736065537963,-3738.62494118358
4424,5,2021,1.566004909,35.4014708,1,27632.9565799192,1039.62308732241,807.999623065761,54.9917498743746,20.7173810793385,-3370.88557112992
4425,5,2021,1.739282,35.467237,1,29640.9084919543,-786.151816175571,610.667229175568,49.6875305997847,24.7974966615303,-5513.12581233235
4426,5,2021,1.231195,35.971367,1,29023.0173959897,-314.702209865935,613.122095584869,48.8728800921981,24.9912966044527,-5004.87592532624
4427,3,2021,1.797533,35.368568,1,28186.0887662145,-307.508155054185,627.169634172132,49.1136283334377,23.7894422505,-4496.94971692847
4428,6,2021,1.666667,35.466667,1,29233.0642025553,1310.86505130334,620.554700374603,49.6875305997847,24.7974966615303,-3773.12353479458
4429,2,2021,1.739282,35.467237,1,29642.0120295884,-786.188871089388,610.667229175568,49.6875305997847,24.7974966615303,-5513.66829640265
4430,6,2021,1.966667,35.2,1,27845.1738038807,392.040481791989,653.480018892014,53.2813515618066,20.8736065537963,-3739.06145976653
4431,3,2021,2.057429,35.280762,1,28543.4920752826,-829.468687819604,512.654813528061,50.026516226706,25.1081280381712,-4844.99977194852
4432,3,2021,1.797533,35.368568,1,28182.6403582589,-305.692725268148,627.547362693475,49.1136283334377,23.7894422505,-4494.34336727934
4433,3,2021,1.533855,35.448918,1,30897.4721553739,-60.1566707010709,724.653560435195,58.9670393217805,23.7811338281972,-5094.32284024125
4434,3,2021,1.648451,35.609547,1,32367.5718843799,-624.873075970936,453.400995748093,49.5374982565709,26.8338497268072,-6172.51534218417
4435,5,2021,1.739282,35.467237,1,29645.7504452103,-786.547401945838,610.667229175568,49.6875305997847,24.7974966615303,-5515.62556413037
4436,7,2021,1.438856,34.900732,1,32704.0440898073,-378.674998667506,1009.59686310349,54.8486846442864,21.4269781469754,-6403.16986080118
4437,7,2021,1.797533,35.368568,1,28179.5094456236,-304.04917703651,627.932085196512,49.1136283334377,23.7894422505,-4491.96257949159
4438,5,2021,1.797533,35.368568,1,28180.7436993482,-304.914507864212,628.188327719948,49.1136283334377,23.7894422505,-4492.81021960456
4564,5,2021,1.495974,35.472715,1,31570.0227287704,199.322796912158,716.687492848392,58.0970257647645,24.6364126771552,-5709.26766889308
4565,5,2021,1.589614,34.985221,1,32646.9738305273,-253.007233015143,1041.62790870667,55.1650251205994,22.7372193445354,-6585.00319158123
4566,7,2021,2.079229,35.165971,1,28546.9129456476,537.110349804527,598.337868452072,52.2673144917533,22.3818460211907,-3985.8160973317
4567,1,2021,1.650541,35.115875,1,31733.531153743,-405.631484849829,800.14187400716,56.1112268740582,23.0578831240092,-6203.01426962609
4568,6,2021,1.489864,35.010159,1,34550.4854862056,-758.579325000519,830.829116821289,54.3198551591937,22.2355576275691,-7175.64048257557
4569,6,2021,1.797533,35.368568,1,28185.7503783817,-307.281112067299,627.107341117522,49.1136283334377,23.7894422505,-4496.71728260454
4570,6,2021,1.797533,35.368568,1,28181.3566998026,-305.279682269894,628.191189376636,49.1136283334377,23.7894422505,-4493.2594265082
4571,6,2021,1.797533,35.368568,1,28180.289599931,-304.402664874083,627.720738040501,49.1136283334377,23.7894422505,-4492.58315544386
4572,5,2021,1.551136,35.291743,1,29876.4273226779,908.233759694527,836.90967670865,59.4284543736825,21.2764980220144,-4297.29500402235
4573,6,2021,1.648451,35.609547,1,32362.6262849793,-623.715851775345,453.615669819039,49.5463948948536,26.8349829106227,-6168.68044750508
4574,5,2021,1.734344,35.324677,1,27416.8202714561,1300.92723898445,741.154845476151,52.2057443212015,19.9637321245725,-2906.53919955681
4575,5,2021,1.507382,35.5001,1,32910.9776556704,291.730772479164,683.683594480834,58.0970257647645,24.6364126771552,-5505.3854687373
4576,5,2021,1.495974,35.472715,1,31569.5204283025,200.213616020166,716.736881233213,58.0970257647645,24.6364126771553,-5708.69978744682
4577,6,2021,1.648451,35.609547,1,32370.1832021526,-624.975677357423,453.395543308672,49.5372722936445,26.8338209454268,-6173.40257805635
4578,3,2021,1.589614,34.985221,1,32638.7338551218,-251.96286804711,1041.62790870667,55.1650251205994,22.7372193445354,-6582.0182206076
4579,5,2021,1.489864,35.010159,1,34554.9558838195,-757.219207904473,830.829116821289,54.3198551591937,22.2355576275691,-7178.4885255196
4580,5,2021,1.648451,35.609547,1,32369.0026260136,-624.888707314763,453.406640901718,49.5377322060629,26.8338795254536,-6172.91044159026
4581,5,2021,1.648451,35.609547,1,32372.9987319261,-624.701099221709,453.471817288661,49.5404332809373,26.8342235671281,-6173.493023176
4582,5,2021,1.648451,35.609547,1,32370.5310471044,-624.323598626085,453.536711527005,49.5431226628576,26.834566119446,-6172.02470284211
4583,3,2021,1.648451,35.609547,1,32362.0240013265,-623.186681160497,453.778864383698,49.5531580917551,26.8358443534538,-6167.01445906196
4584,3,2021,1.400963,35.573993,1,31481.1655514498,642.243657041026,803.381547615239,60.5554507989574,22.8881600105599,-5469.26508180857
4585,6,2021,1.728687,35.58767,1,30555.0729491719,-699.190348459657,414.13606107235,47.6951072603571,26.5991804514846,-5486.61007763809
4586,6,2021,1.966667,35.2,1,27844.7009465494,391.183070644383,653.48879915162,53.2813515618066,20.8736065537963,-3739.30933264285
4587,4,2021,1.966667,35.2,1,27846.3133022773,392.595166547289,653.479568142875,53.2813515618066,20.8736065537963,-3739.72252474658
4588,3,2021,1.734344,35.324677,1,27409.696339954,1303.61336161775,741.154845476151,52.2057443212015,19.9637321245725,-2908.70940226741
4591,6,2021,1.533855,35.448918,1,30897.61121455,-60.4011281175724,724.591610328285,58.9651832130813,23.7829585015014,-5094.18738805261
4592,4,2021,1.797533,35.368568,1,28180.7888820023,-304.806563858199,627.938007437594,49.1136283334377,23.7894422505,-4492.89877613518
4593,4,2021,1.797533,35.368568,1,28184.1078273875,-306.355813499388,627.159382686663,49.1136283334377,23.7894422505,-4495.50652689734
4594,4,2021,1.603738,35.456279,1,29330.7264928835,249.253675194712,615.289347410202,52.9770552493942,25.0127776350605,-4690.86345494684
4596,5,2021,1.666667,35.466667,1,29233.7090582189,1305.64094399748,620.554700374603,49.6875305997847,24.7974966615303,-3776.92370615756
4597,4,2021,1.495974,35.472715,1,31569.9385234639,198.47082042934,716.621588475354,58.0970257647645,24.6364126771552,-5709.39474134445
4598,8,2021,1.797533,35.368568,1,28178.0745156902,-303.399557673716,628.318609238027,49.1136283334377,23.7894422505,-4490.82215243144
4600,5,2021,1.300454,35.199375,1,30072.5533836453,1061.60351206066,1302.43344788768,71.9525062402542,18.0784831234309,-4416.68164361588
4601,8,2021,1.603738,35.456279,1,29337.0700918691,248.75873226876,615.289347410202,52.9770552493942,25.0127776350605,-4694.12627492844
4602,8,2021,1.648451,35.609547,1,32366.3313069841,-623.150140782368,453.76030087037,49.5523887726538,26.8357463636371,-6168.33282194979
4603,8,2021,1.495974,35.472715,1,31570.4593222369,198.585055256279,716.647268848364,58.0970257647645,24.6364126771552,-5709.75315714235
4604,8,2021,1.648451,35.609547,1,32368.5119506655,-624.104666034788,453.57052964326,49.5445241714162,26.8347446325838,-6171.02657018312
4605,8,2021,1.728687,35.58767,1,30552.501168728,-696.472361082196,414.13606107235,47.6951072603571,26.5991804514846,-5485.51233892854
4607,10,2021,1.536662,35.631419,1,29834.5126723269,223.754097524513,539.020861625671,54.7103496615904,25.9959689432084,-5071.67630241178
4608,12,2021,1.650541,35.115875,1,31732.7556146704,-405.610878702417,800.167876973261,56.1113213502717,23.0559017548552,-6201.78262996656
4609,10,2021,1.797533,35.368568,1,28182.2832104503,-305.830578497164,628.193537862672,49.1136283334377,23.7894422505,-4493.93881785802
4610,11,2021,1.589614,34.985221,1,32640.6199555583,-252.156347198757,1041.62790870667,55.1650251205994,22.7372193445354,-6582.68584736915
4612,11,2021,1.495931,35.472693,1,31569.2677613116,201.623540360919,716.832908645083,58.0970257647645,24.6364126771553,-5708.20072899477
4613,11,2021,1.797533,35.368568,1,28181.9539146093,-305.331754487888,627.627797650914,49.1136283334377,23.7894422505,-4493.82268279321
4614,10,2021,1.495974,35.472715,1,31563.2891288909,203.711003974638,716.790331480291,58.0970257647645,24.6364126771552,-5703.33115156337
4615,11,2021,1.653096,35.187367,1,28914.3206904013,-719.585421491319,777.029085186784,54.2611378437066,22.3205508459418,-5446.44777357224
4616,10,2021,1.495549,35.707923,1,29559.5147822947,-699.308411728548,469.257076978683,51.4450169240143,25.7688744619013,-5342.56165203356
4617,11,2021,1.495549,35.707923,1,29562.2325988313,-699.265221064668,469.257076978683,51.4450169240143,25.7688744619012,-5343.63871752265
4618,10,2021,1.495974,35.472715,1,31563.7266619491,202.38110204385,716.706123709401,58.0970257647645,24.6364126771552,-5703.94898004731
4619,8,2021,1.739282,35.467237,1,29644.7867419191,-787.069831614968,610.667229175568,49.6875305997847,24.7974966615303,-5515.43866893361
4620,9,2021,1.715365,35.497959,1,31070.6106465368,-913.625737549538,595.236222907902,49.6875305997847,24.7974966615303,-6044.37142332049
4621,8,2021,1.495974,35.472715,1,31565.4959288341,201.8071402718,716.722051924421,58.0970257647645,24.6364126771552,-5705.38020558546
4623,3,2021,3.312248,35.565786,1,37038.1513630066,-3294.71643512546,194.486609458923,43.3479417822924,29.5116786678088,-6471.95053106608
4627,12,2021,1.60508,34.983731,1,31197.5519880793,44.7327382944775,1020.24008989334,55.1650251205994,22.7372193445354,-5786.65049916086
4629,12,2021,1.536662,35.631419,1,29834.5673368121,224.4341876641,539.020861625671,54.7103496615904,25.9959689432084,-5071.16260427339
4630,12,2021,1.60508,34.983731,1,31194.8321200693,45.5011769945035,1020.24008989334,55.1650251205994,22.7372193445354,-5785.13802034373
4631,12,2021,1.489864,35.010159,1,34550.5938609067,-762.258545526559,830.829116821289,54.3198551591937,22.2355576275691,-7178.13043836778
4632,12,2021,1.495965,35.472716,1,31566.7260800037,201.608991992363,716.748004998883,58.0970257647645,24.6364126771552,-5706.33072994735
4633,12,2021,1.966667,35.2,1,27842.2257942814,389.757822967424,653.49275901135,53.2813515618066,20.8736065537963,-3738.05167875722
4634,12,2021,1.589614,34.985221,1,32638.1122757939,-251.827672101108,1041.62790870667,55.1650251205994,22.7372193445354,-6581.77350764851
4635,10,2021,1.728687,35.58767,1,30554.0300639499,-699.594827990041,414.13606107235,47.6951072603571,26.5991804514846,-5486.0130428268
4637,10,2021,1.551136,35.291743,1,29892.6121687302,904.066217574532,836.996052209442,59.4676897675989,21.2920242711584,-4301.58303947303
4638,10,2021,1.58823,35.43436,1,28993.3471711459,381.047774214411,791.219209909439,54.9917498743746,20.7173810793385,-4333.73266983133
4639,10,2021,1.517211,34.97271,1,33761.8510174349,-417.298267234712,993.046794176102,54.3198551591937,22.2355576275691,-7014.12298354501
4640,10,2021,1.650541,35.115875,1,31733.6021514244,-405.614336670437,800.098736184476,56.1110701420097,23.0611701317646,-6203.84814627548
4642,10,2021,2.247306,35.011278,1,31835.8378915761,-234.183814176624,594.533835419968,55.5064118511768,21.4978112580893,-5778.13285980234
4643,10,2021,1.776522,35.502838,1,32403.4050328822,-1155.01848758839,500.041965958273,48.0285557301728,26.5167570157683,-6115.5418163783
4644,10,2021,1.738554,35.619629,1,31041.3918404053,-774.640486305844,358.179074883461,47.6951072603571,26.5991804514846,-5959.78175571814
4645,11,2021,1.648451,35.609547,1,32368.6960891575,-623.34558135092,453.73392744791,49.5512957910987,26.8356071482425,-6169.36230854818
4646,11,2021,1.966667,35.2,1,27845.3665389064,390.358529046069,653.504213014272,53.2813515618066,20.8736065537963,-3740.64384366248
4647,9,2021,1.635839,35.049829,1,32916.2067176987,-373.92448274316,847.53821081032,55.3814674133015,22.7511176400765,-6521.33080465364
4648,10,2021,1.648451,35.609547,1,32369.3011528465,-624.115269533376,453.57331784588,49.5446397216084,26.8347593504585,-6171.24794407414
4649,10,2021,1.58823,35.43436,1,28991.8464397296,381.170340606245,791.219209909439,54.9917498743746,20.7173810793385,-4332.7460975988
4650,10,2021,1.668478,35.412435,1,30614.1588670563,2406.36717158859,834.967978239059,51.9044174095064,20.3157479011849,-3834.86544938898
4651,10,2021,1.966667,35.2,1,27848.1111645336,392.51463687195,653.491980669126,53.2813515618066,20.8736065537963,-3741.56529794828
4652,12,2021,2.057429,35.280762,1,28541.1117353798,-834.315411250969,512.654813528061,50.026516226706,25.1081280381712,-4845.83679042484
4653,12,2021,2.014061,35.028626,1,29511.7925927802,-245.288868063362,653.857349514961,57.9583769974624,24.2102802659823,-5060.91884514564
4654,12,2021,1.648451,35.609547,1,32367.9216311081,-623.172090146324,453.766006556497,49.5526252307664,26.8357764818118,-6168.77799815702
4655,12,2021,1.648451,35.609547,1,32363.4376474284,-623.756854923231,453.612145358195,49.5462488322521,26.8349643063172,-6168.97542074252
4656,12,2021,1.739282,35.467237,1,29646.3532208576,-785.965464966076,610.667229175568,49.6875305997847,24.7974966615303,-5515.61117182678
4657,12,2021,1.58823,35.43436,1,28990.5353652065,381.339708104308,791.219209909439,54.9917498743746,20.7173810793384,-4331.54843543351
4672,10,2021,1.648451,35.609547,1,32369.1179527795,-623.442128262885,453.716011505263,49.5505533089698,26.8355125767083,-6169.68525246697
4673,11,2021,1.797533,35.368568,1,28182.6584882109,-305.839156825755,627.809181627646,49.1136283334377,23.7894422505,-4494.29719785213
4674,11,2021,1.648451,35.609547,1,32371.7803079663,-623.737427086578,453.670087280802,49.5486500925653,26.8352701599708,-6171.01542387504
4675,10,2021,1.666667,35.466667,1,29233.6682660788,1310.29631890583,620.554700374603,49.6875305997847,24.7974966615303,-3773.68125300838
4676,11,2021,1.533855,35.448918,1,30896.4955118077,-59.7779824487353,724.669884228716,58.9675284046356,23.7806530285385,-5093.53547891906
4677,1,2021,1.797533,35.368568,1,28185.1818964085,-307.149805293034,627.495120781137,49.1136283334377,23.7894422505,-4496.21346921081
4678,11,2021,1.790621991,35.30270424,1,27229.9789707165,-719.387415336736,678.173489306918,50.9066262187044,22.6287074206627,-4309.65745988768
4679,11,2021,1.495974,35.472715,1,31561.4215366664,204.45594360167,716.783883884829,58.0970257647645,24.6364126771553,-5701.78942788445
4680,12,2021,1.536662,35.631419,1,29837.9773530444,223.098490126712,539.020861625671,54.7103496615904,25.9959689432084,-5071.46764905495
4681,12,2021,1.536662,35.631419,1,29838.0733194611,222.778036056222,539.020861625671,54.7103496615904,25.9959689432084,-5071.68270118686
4682,12,2021,1.728687,35.58767,1,30550.1550453008,-697.319558922139,414.13606107235,47.6951072603571,26.5991804514846,-5484.17251033152
4683,10,2021,1.728687,35.58767,1,30552.947197942,-698.484974679968,414.13606107235,47.6951072603571,26.5991804514846,-5485.54632846219
4684,10,2021,1.666667,35.466667,1,29233.9800542138,1300.3405144595,620.554700374603,49.6875305997847,24.7974966615303,-3780.67765731379
4685,10,2021,1.734344,35.324677,1,27405.5295828498,1305.11420351084,741.154845476151,52.2057443212015,19.9637321245725,-2908.7992311921
4689,10,2021,1.797533,35.368568,1,28182.6033632253,-305.647160350027,627.499479772749,49.1136283334377,23.7894422505,-4494.32744309827
4690,10,2021,1.507382,35.5001,1,32899.5310759222,289.259803028176,683.662755376899,58.0970257647645,24.6364126771552,-5504.15727064874
4691,10,2021,1.495974,35.472715,1,31564.0291326261,203.182940410361,716.775612914574,58.0970257647645,24.6364126771553,-5703.99375928262
4766,7,2021,1.648451,35.609547,1,32363.6390859678,-623.214475498953,453.729012541024,49.5510921048847,26.8355812042945,-6167.80724207959
4767,3,2021,1.589614,34.985221,1,32646.9210623999,-253.118465706584,1041.62790870667,55.1650251205994,22.7372193445354,-6585.02287694208
4768,1,2021,1.589614,34.985221,1,32638.7619920595,-251.929374734142,1041.62790870667,55.1650251205994,22.7372193445354,-6582.01561021917
4769,1,2021,1.488327,35.022295,1,34781.2984278064,-747.63718821399,830.829116821289,54.3198551591937,22.2355576275691,-7511.83615204055
4770,1,2021,1.210252,35.74825,1,29472.94427366,-337.686370533058,630.903576374054,58.5867945818461,24.9819445692785,-4451.47991315404
4774,7,2021,1.728687,35.58767,1,30557.3630101723,-699.225783801435,414.13606107235,47.6951072603571,26.5991804514846,-5487.82789355847
4775,3,2021,1.210252,35.74825,1,29472.312334867,-339.244350301377,630.903576374054,58.5867945818461,24.9819445692785,-4451.81748714301
4776,4,2021,1.176226,35.814747,1,30456.145512881,-627.656797879997,691.933401584625,54.1931912405751,24.4933108203488,-5111.48607245337
4778,7,2021,1.495974,35.472715,1,31562.7908328243,202.734062425282,716.701355370085,58.0970257647645,24.6364126771552,-5703.1809952437
4779,6,2021,1.312804,35.762769,1,28698.4377262724,-867.531486584611,590.262881755829,53.4214558008109,24.8631892182511,-4567.80043892237
4782,6,2021,1.728687,35.58767,1,30552.5441251268,-699.412759893082,414.13606107235,47.6951072603571,26.5991804514846,-5485.23792339081
4783,6,2021,1.501555,35.806497,1,27758.9955178297,-794.052648086211,457.038846016358,46.8344779045899,25.786023835831,-4185.90292990881
4784,4,2021,1.648451,35.609547,1,32374.1329707635,-625.193750939652,453.373852300964,49.5363733632394,26.8337064467416,-6174.8863178348
4785,4,2021,1.728687,35.58767,1,30551.9167753377,-696.587145962822,414.13606107235,47.6951072603571,26.5991804514846,-5485.18847074647
4786,4,2021,1.728687,35.58767,1,30552.2338405026,-697.379744306777,414.13606107235,47.6951072603571,26.5991804514846,-5485.27714039002
4787,4,2021,1.728687,35.58767,1,30548.5679295285,-697.372021013687,414.13606107235,47.6951072603571,26.5991804514846,-5483.31859834945
4788,4,2021,1.715365,35.497959,1,31070.6844308861,-911.512664338843,594.698077860169,49.6875305997847,24.7974966615303,-6044.23224560107
4789,4,2021,1.495974,35.472715,1,31561.2669758852,203.029016479682,716.672795838503,58.0970257647645,24.6364126771552,-5701.99264753826
4790,4,2021,1.648451,35.609547,1,32367.5654529675,-624.634191090815,453.451733623683,49.5396009628938,26.8341175530016,-6171.97834264657
4791,7,2021,1.648451,35.609547,1,32363.7662793854,-624.245088378941,453.510436202329,49.5420337467237,26.8344274218728,-6170.15221681798
4792,7,2021,1.728687,35.58767,1,30556.7298078789,-697.709267431779,414.13606107235,47.6951072603571,26.5991804514846,-5487.64314508278
4793,7,2021,1.311899,35.582199,1,32074.1543066141,2124.94076056363,1049.71911811829,64.0238853963741,19.225428132706,-4532.49094301055
4794,7,2021,1.648451,35.609547,1,32370.9258247403,-623.5605500064,453.702424446608,49.549990226779,26.8354408557273,-6170.4029653426
4795,4,2021,1.495931,35.472693,1,31562.905638005,204.98318656939,716.87200540802,58.0970257647645,24.6364126771552,-5702.7660204955
4796,7,2021,1.536662,35.631419,1,29832.4312044992,225.857594941129,539.020861625671,54.7103496615904,25.9959689432084,-5070.53461901263
4802,6,2021,1.648451,35.609547,1,32371.771685718,-624.928324308175,453.415602339594,49.5381035907901,26.8339268295193,-6173.69582772748
4810,8,2021,2.130015,35.291743,1,30542.3289330538,-1376.23669113313,425.845488071442,50.026516226706,25.1081280381712,-6209.11904105415
4811,6,2021,1.966667,35.2,1,27848.0135232918,391.866713898962,653.500228744327,53.2813515618066,20.8736065537963,-3742.0063391593
4812,10,2021,1.734344,35.324677,1,27404.3310886247,1305.51408351053,741.154845476151,52.2057443212015,19.9637321245725,-2908.28601769753
4813,6,2021,1.536662,35.631419,1,29833.6847958294,225.35877117808,539.020861625671,54.7103496615904,25.9959689432084,-5070.65369668448
4814,7,2021,1.648451,35.609547,1,32364.5543375151,-623.612011849769,453.650167087072,49.5478245491853,26.8351650087477,-6168.92937127065
4815,6,2021,1.648451,35.609547,1,32367.0909616516,-623.110150156623,453.773826045064,49.5529492902163,26.8358177579559,-6168.43160473538
4817,6,2021,1.495974,35.472715,1,31559.5298687337,205.128614132471,716.77126230277,58.0970257647645,24.6364126771552,-5700.24603851465
4818,6,2021,1.495974,35.472715,1,31564.7012997293,201.524222375975,716.674780848589,58.0970257647645,24.6364126771552,-5704.85750709892
4820,2,2021,1.495931,35.472693,1,31569.7321392788,200.2269989494,716.744857313475,58.0970257647645,24.6364126771552,-5708.8528453256
4821,2,2021,2.484485,35.148879,1,28356.3327213485,-343.099076051522,360.478974749927,47.2172897382907,26.2985675160603,-4411.92444022155
4824,3,2021,1.495974,35.472715,1,31560.6704449976,203.650444629776,716.699206654889,58.0970257647645,24.6364126771552,-5701.41499437437
4826,2,2021,1.728687,35.58767,1,30557.1474487684,-697.799133425134,414.13606107235,47.6951072603571,26.5991804514846,-5487.85673124777
4826,6,2021,1.495974,35.472715,1,31569.3189610531,199.57004197788,716.682562336724,58.0970257647645,24.6364126771552,-5708.69415807738
5104,6,2021,2.804115,40.923687,1,42883.7915802029,-2141.41335002186,268.867749443034,50.8808301706698,28.003886457121,-7110.20989993308
5105,7,2021,2.87462,40.594599,1,36198.8697833368,-924.418638559752,297.67841053009,50.279138208794,27.3581973785679,-9277.67133796647
5106,7,2021,2.87462,40.594599,1,36205.4909814416,-923.910471204465,297.67841053009,50.279138208794,27.3581973785679,-9280.28607990149
5107,7,2021,2.87462,40.594599,1,36199.8641148084,-925.388122432657,297.67841053009,50.279138208794,27.3581973785679,-9279.96050743328
5108,7,2021,2.87462,40.594599,1,36199.30867063,-924.728343640907,297.67841053009,50.279138208794,27.3581973785679,-9278.46871509573
5109,7,2021,2.820242,40.917351,1,45438.5665764476,-2389.34068618514,260.611782550812,50.8808301706697,28.003886457121,-8404.68316972948
5110,7,2021,2.820242,40.917351,1,45438.3275150578,-2389.4863617199,260.611782550812,50.8808301706698,28.003886457121,-8405.66877467439
5111,7,2021,2.87462,40.594599,1,36197.3048144271,-925.150468053998,297.67841053009,50.279138208794,27.3581973785679,-9278.16628007752
5112,7,2021,2.87462,40.594599,1,36200.0548031994,-924.21012613983,297.67841053009,50.279138208794,27.3581973785679,-9277.92421806084
5113,7,2021,2.87462,40.594599,1,36194.0298291714,-925.384003740679,297.67841053009,50.279138208794,27.3581973785679,-9276.84638806083
5114,7,2021,2.87462,40.594599,1,36197.7319036404,-925.355664541844,297.67841053009,50.279138208794,27.3581973785679,-9278.76542992251
5115,10,2021,2.87462,40.594599,1,36201.1845437057,-923.968425971948,297.67841053009,50.279138208794,27.3581973785679,-9278.08716730826
5116,7,2021,2.804115,40.923687,1,42888.9164320024,-2140.96823019442,268.916422959355,50.8808301706698,28.003886457121,-7114.15281533364
5117,6,2021,2.87462,40.594599,1,36198.6198947691,-925.147546643201,297.67841053009,50.279138208794,27.3581973785679,-9278.86180316579
5118,6,2021,2.87462,40.594599,1,36198.3088469504,-924.447507338794,297.67841053009,50.279138208794,27.3581973785679,-9277.42458746463
5119,7,2021,2.87462,40.594599,1,36195.7147367002,-924.896145551048,297.67841053009,50.279138208794,27.3581973785679,-9276.85783071021
5120,7,2021,2.87462,40.594599,1,36200.4614306038,-923.725808666953,297.67841053009,50.279138208794,27.3581973785679,-9277.2574857446
5121,7,2021,3.030839,40.553317,1,35670.9128472914,-1273.84508040065,269.680074981906,50.125007298939,27.2288982911202,-8582.74262789974
5122,7,2021,2.87462,40.594599,1,36197.9471803045,-924.344722952907,297.67841053009,50.279138208794,27.3581973785679,-9277.04442753529
5123,7,2021,3.030839,40.553317,1,35672.8951108271,-1273.35886792471,269.672326032879,50.1248273429067,27.2291598709606,-8582.20200528692
5294,8,2021,2.87462,40.594599,1,36200.0182002712,-924.471261308408,297.67841053009,50.279138208794,27.3581973785679,-9278.38011828652
5295,8,2021,2.87462,40.594599,1,36197.912219669,-924.560988566228,297.67841053009,50.279138208794,27.3581973785679,-9277.41956074749
5303,9,2021,2.87462,40.594599,1,36195.9600588314,-924.271137117446,297.67841053009,50.279138208794,27.3581973785679,-9275.8505819393
5304,9,2021,2.87462,40.594599,1,36200.4568336476,-923.757784666672,297.67841053009,50.279138208794,27.3581973785679,-9277.31348139594
5305,9,2021,2.804115,40.923687,1,42871.0074312332,-2140.71782039382,268.773059161341,50.8808301706698,28.003886457121,-7107.04796521326
5306,9,2021,2.87462,40.594599,1,36203.6511247569,-924.543865707562,297.67841053009,50.279138208794,27.3581973785679,-9280.45329712656
5307,9,2021,2.804115,40.923687,1,42873.0272252501,-2140.07517362268,268.799292782153,50.8808301706698,28.003886457121,-7110.32716936332
5308,9,2021,2.87462,40.594599,1,36200.0711059118,-924.720033303183,297.67841053009,50.279138208794,27.3581973785679,-9278.86049554043
5309,9,2021,2.87462,40.594599,1,36200.2496413209,-925.029206727928,297.67841053009,50.279138208794,27.3581973785679,-9279.51657600915
5310,9,2021,2.896442,40.455896,1,38129.5253551592,-1548.47636950911,288.577406466007,50.2278152620006,27.4958146552517,-9730.04303737462
5567,9,2021,3.022222,34.936389,1,28789.2537967534,-822.023852033042,368.110346913338,50.7090470276142,23.8126971466901,-3788.50031320361
5568,9,2021,3.022222,34.936389,1,28799.1220404531,-825.004477570239,368.110346913338,50.7090470276142,23.8126971466901,-3794.01053963628
5569,10,2021,3.022222,34.936389,1,28789.3356229105,-823.182437923907,368.110346913338,50.7090470276142,23.8126971466901,-3790.79860434633
5570,10,2021,3.146859,35.597256,1,32375.3766031221,-3314.06404207388,105.835056695219,42.9012616524948,29.8443181512563,-4824.69674528938
5571,10,2021,2.841198,35.040193,1,32692.8029427161,-3004.78026938752,220.534314990044,47.8964260111024,27.3749521142272,-6253.32261850202
5572,10,2021,2.841198,35.040193,1,32680.116813738,-3005.08236127225,220.534314990044,47.8964260111024,27.3749521142272,-6251.77681909791
5573,11,2021,2.714609,35.148879,1,37047.355258774,-2647.1403318595,153.523365503192,44.6344051267736,27.4193681902612,-8387.91479101061
5574,11,2021,2.841198,35.040193,1,32700.4543965058,-3004.68070603551,220.534314990044,47.8964260111024,27.3749521142272,-6255.66834446281
5575,11,2021,3.35468,35.346625,1,41071.2055449259,-2750.88996775674,150.058524016759,43.9849166334971,28.1883665732004,-8134.41892643271
5576,11,2021,3.334722,35.221944,1,34964.8830142333,-2148.8319929252,141.369156241417,45.1667001953687,29.0561470432369,-6336.98600174833
5577,11,2021,2.841198,35.040193,1,32686.2040729246,-3004.893260297,220.534314990044,47.8964260111024,27.3749521142272,-6251.72387488185
5578,11,2021,3.022222,34.936389,1,28797.6698439199,-823.471924920968,368.110346913338,50.7090470276142,23.8126971466901,-3791.01884906622
5579,12,2021,3.00315,34.950662,1,27875.8594982658,-1008.34008033328,366.505798891213,50.1342149251961,24.0311022027375,-3644.58085665188
5580,12,2021,2.841198,35.040193,1,32682.5325195103,-3005.0321616018,220.534314990044,47.8964260111024,27.3749521142272,-6252.19051846059
5581,12,2021,2.966667,34.7,1,27739.3389728992,-872.134054180421,357.296790215458,52.0197924401801,25.7147450294669,-4108.00954474101
5582,12,2021,3.00315,34.950662,1,27876.6458780168,-1012.19577808821,366.454622773548,50.126453693874,24.0340510501571,-3643.44340588079
5583,3,2021,3.00315,34.950662,1,27876.0337217484,-1009.64739841554,366.480200770932,50.1303784301874,24.0325598629897,-3644.12947423137
5584,3,2021,3.00315,34.950662,1,27876.3624263854,-1008.02146844041,366.561448966164,50.1422465626815,24.0280506156257,-3645.07700104702
5585,3,2021,3.022222,34.936389,1,28800.269208306,-825.212723748659,368.110346913338,50.7090470276142,23.8126971466901,-3794.3762338478
5754,3,2021,2.056447,35.430011,1,33817.3263649654,-1353.32876323415,261.19732606411,48.1940630357255,27.8068899442072,-7099.49313870087
5755,3,2021,2.056447,35.430011,1,33817.2851382856,-1347.79128762849,261.19732606411,48.1940630357255,27.8068899442072,-7097.02068866694
5757,5,2021,2.056447,35.430011,1,33824.197989808,-1351.99660397274,261.19732606411,48.1940630357255,27.8068899442072,-7102.69380806651
5758,6,2021,2.076213,35.45491,1,34252.3479456505,-1897.1880598431,242.954261064529,46.6722445384168,27.9813954200919,-6879.57598219649
5759,6,2021,2.274269,35.43162,1,35318.704592536,-1177.628172934,203.099285542965,45.2695639405514,28.5104280881142,-6761.92727536073
5760,6,2021,2.563048,35.258796,1,37699.8752149797,-2583.34978444257,152.578865110874,43.6495163184999,28.9429792796096,-8451.2678009895
5761,3,2021,1.966667,35.2,1,27847.4586713693,391.408082813214,653.503009072845,53.2813515618066,20.8736065537963,-3741.8384241938
5762,8,2021,2.127942,35.060841,1,29317.4771927543,-92.5347271428208,560.273412466049,55.1639511943151,22.2145606419812,-4607.30589476032
5763,8,2021,1.495931,35.472693,1,31567.8655305032,201.016232634526,716.74170573789,58.0970257647645,24.6364126771552,-5707.30203909707
5764,8,2021,1.495931,35.472693,1,31569.4175329425,200.313800841019,716.740904187301,58.0970257647645,24.6364126771552,-5708.60172227985
5765,8,2021,2.056447,35.430011,1,33838.4107703661,-1357.58374039928,261.19732606411,48.1940630357255,27.8068899442072,-7113.00461966214
5766,8,2021,2.563048,35.258796,1,37700.0226590238,-2582.52713924528,152.578865110874,43.6495163184999,28.9429792796096,-8453.1037577927
5767,8,2021,2.074883,35.455111,1,34099.1947241306,-1884.10239605827,242.954261064529,46.6722445384168,27.9813954200919,-6839.84456642612
5769,12,2021,2.076213,35.45491,1,34251.2448198158,-1897.14170638319,242.954261064529,46.6722445384168,27.9813954200919,-6879.33424940049
5873,7,2021,1.495974,35.472715,1,31563.7615025043,202.93630551475,716.748473990103,58.0970257647645,24.6364126771552,-5703.85131867548
5874,3,2021,1.648451,35.609547,1,32365.9244100543,-623.840567192177,453.610264151193,49.5461708702599,26.8349543761318,-6169.78543207862
5876,7,2021,1.648451,35.609547,1,32361.85548923,-623.352912745203,453.687949397219,49.5493903439987,26.8353644473766,-6167.67344451134
5877,3,2021,1.648451,35.609547,1,32367.3652531123,-624.594046143285,453.459009365218,49.5399024880869,26.8341559589093,-6171.83801699531
5878,1,2021,1.666667,35.466667,1,29233.660345506,1309.90658442174,620.554700374603,49.6875305997847,24.7974966615303,-3773.94959144221
5879,1,2021,2.383763,35.647819,1,39204.9187815668,-3070.27937453754,123.246719703078,42.0761282700425,27.9814652064076,-7231.68209814968
5881,4,2021,1.488327,35.022295,1,34779.0568468048,-748.073746925826,830.829116821289,54.3198551591937,22.2355576275691,-7512.33171358918
5882,4,2021,2.053781,35.431321,1,33354.7456430074,-1350.26917717592,261.19732606411,48.1940630357255,27.8068899442072,-6844.31588662635
5899,4,2021,1.400963,35.573993,1,31457.601140262,642.39625666989,804.820812345261,60.5554507989574,22.8881600105599,-5458.25604129796
5900,5,2021,1.400963,35.573993,1,31477.3763524601,647.045339185168,803.497917953079,60.5554507989574,22.8881600105599,-5463.91534073049
5901,5,2021,1.400963,35.573993,1,31453.1205114058,650.207851535866,804.91351735143,60.5554507989574,22.8881600105599,-5450.33926486944
5906,3,2021,1.495974,35.472715,1,31567.4064405666,200.777542165458,716.708855552912,58.0970257647645,24.6364126771552,-5707.01670808809
5909,3,2021,1.648451,35.609547,1,32375.4670479715,-625.128875010224,453.396072307853,49.537294216713,26.8338237378148,-6175.07594597761
5912,4,2021,1.397999,35.586864,1,31760.2601256834,186.02968450704,863.846171997848,60.5554507989574,22.8881600105599,-5817.99558433211
5913,3,2021,1.648451,35.609547,1,32368.8554487584,-623.42803357943,453.778864383698,49.5531580917551,26.8358443534538,-6169.2172308683
5914,3,2021,1.495974,35.472715,1,31567.3979920216,199.941804646195,716.646614201371,58.0970257647645,24.6364126771552,-5707.19606246546
5915,4,2021,1.797533,35.368568,1,28185.8350038828,-307.344331074313,627.136029151555,49.1136283334377,23.7894422505,-4496.77232986884
5916,3,2021,1.495974,35.472715,1,31568.894237507,199.140931246012,716.636723323341,58.0970257647645,24.6364126771552,-5708.47644517639
5917,3,2021,1.648760707,35.60491467,1,31822.7416146812,-617.599585756467,452.026835055001,49.480549550214,26.8265960484736,-6013.89290593097
5917,3,2021,1.648760707,35.60491467,1,31821.5931396004,-617.38470887641,452.055637457861,49.4817431948809,26.8267480855437,-6013.22411666732
5919,3,2021,1.536662,35.631419,1,29832.8851803004,224.568484934708,539.020861625671,54.7103496615904,25.9959689432084,-5071.40381025007
5920,7,2021,1.536662,35.631419,1,29836.8519489467,223.252050772415,539.020861625671,54.7103496615904,25.9959689432084,-5071.5772299597
5922,7,2021,1.728687,35.58767,1,30554.3217052833,-699.261212493689,414.13606107235,47.6951072603571,26.5991804514846,-5486.20209114078
5932,4,2021,2.009217,35.204115,1,30004.645300614,680.468320012907,640.892428517342,53.2813515618066,20.8736065537963,-4822.5665688868
5973,5,2021,2.01406,35.028622,1,29506.8586618127,-244.384393505673,653.857349514961,57.9583769974624,24.2102802659823,-5055.71772123358
5974,5,2021,1.400963,35.573993,1,31470.1165780297,648.998517073104,803.898122434795,60.5554507989574,22.8881600105599,-5459.09868794477
5975,5,2021,1.311899,35.582199,1,32072.0760879167,2123.01067555264,1049.71911811829,64.0238853963741,19.225428132706,-4528.20514197895
5976,5,2021,1.536662,35.631419,1,29835.832298866,224.354309913602,539.020861625671,54.7103496615904,25.9959689432084,-5070.96908453255
5977,5,2021,1.648451,35.609547,1,32371.9987367297,-624.211130502175,453.570123320607,49.5445073323743,26.8347424877591,-6172.13879003863
5978,4,2021,1.495974,35.472715,1,31563.3234794296,203.518972818942,716.777222085592,58.0970257647645,24.6364126771552,-5703.399116546
5979,4,2021,1.311899,35.582199,1,32073.7786574411,2123.91758163966,1049.71911811829,64.0238853963741,19.225428132706,-4532.67091857446
5980,3,2021,1.501555,35.806497,1,27759.3173481342,-794.349586724242,457.066178273047,46.8344779045899,25.786023835831,-4185.55906910472
5981,3,2021,1.559501,35.527485,1,31081.0505851312,-21.0442128653703,646.548238277435,52.9770552493942,25.0127776350605,-4903.99536600444
5983,6,2021,1.495974,35.472715,1,31560.6944519876,204.541407013581,716.766182594246,58.0970257647645,24.6364126771552,-5701.23466688364
5984,4,2021,1.648451,35.609547,1,32366.6207954305,-623.740604638638,453.636057141239,49.5472397972229,26.8350905276416,-6169.73476344124
5985,4,2021,1.648451,35.609547,1,32361.3232467707,-623.11051318593,453.736129745236,49.5513870598887,26.8356187733432,-6166.99633330859
5986,5,2021,1.495974,35.472715,1,31562.5322503484,202.242997247666,716.65632348708,58.0970257647645,24.6364126771552,-5703.09959606542
5987,4,2021,1.728687,35.58767,1,30553.046918502,-699.495271870979,414.136061072349,47.6951072603571,26.5991804514846,-5485.4981524657
5988,3,2021,1.535821,35.675145,1,27722.9039340239,-35.6251078817111,509.936170816422,51.4450169240143,25.7688744619012,-4277.91801814996
5990,5,2021,1.648451,35.609547,1,32371.8023697106,-624.916101058626,453.418400148017,49.5382195390712,26.8339415980995,-6173.67607896821
5991,10,2021,1.648451,35.609547,1,32367.0157002212,-623.428521235198,453.705248643194,49.5501072686525,26.8354557636006,-6169.13072965981
5992,4,2021,1.400963,35.573993,1,31473.1514510558,650.720264205908,803.669311287592,60.5554507989574,22.8881600105599,-5459.20989704912
5993,3,2021,1.648451,35.609547,1,32365.8981327712,-623.94628340869,453.587569043282,49.5452303273943,26.8348345771786,-6170.01636773374
5994,3,2021,1.535821,35.675145,1,27731.225926087,-33.5478429881796,509.936170816422,51.4450169240143,25.7688744619012,-4280.74577967373
5995,5,2021,1.648451,35.609547,1,32362.2957328275,-623.468701318049,453.666138608217,49.5484864495528,26.8352493164109,-6168.04329558525
5996,5,2021,1.507382,35.5001,1,32898.417224011,290.216506649338,683.945138610664,58.0970257647645,24.6364126771552,-5500.61271902458
5997,3,2021,1.648451,35.609547,1,32365.6083006217,-624.255869496193,453.519820882336,49.5424226716788,26.8344769600748,-6170.63857529387
5998,3,2021,1.648451,35.609547,1,32370.9060817144,-623.47976620902,453.71960509669,49.5507022365181,26.8355315459281,-6170.21554989675
6000,3,2021,1.666667,35.466667,1,29231.7843898695,1302.08585365493,620.554700374603,49.6875305997847,24.7974966615303,-3778.87097225027
6001,1,2021,1.728687,35.58767,1,30553.7780498898,-696.185766641642,414.13606107235,47.6951072603571,26.5991804514846,-5486.22345486063
6002,3,2021,1.648451,35.609547,1,32373.2846703631,-624.058906681375,453.610963391226,49.5461998485414,26.8349580671574,-6172.11680612099
6004,5,2021,1.536662,35.631419,1,29834.1701233586,224.018083237355,539.020861625671,54.7103496615904,25.9959689432084,-5071.55057206083
6005,5,2021,1.648451,35.609547,1,32375.1767303685,-624.749291680211,453.475340002255,49.5405792711283,26.8342421622104,-6174.14794414222
6009,4,2021,1.507382,35.5001,1,32913.390934243,292.598981951402,683.771496624601,58.0970257647645,24.6364126771552,-5504.62224394753
6122,2,2021,1.797533,35.368568,1,28182.9656054231,-305.712764457959,627.198899673064,49.1136283334377,23.7894422505,-4494.66343213021
6123,5,2021,1.734344,35.324677,1,27409.0442184231,1303.99396978216,741.154845476151,52.2057443212015,19.9637321245725,-2911.19667649654
6125,6,2021,1.739282,35.467237,1,29648.0220866519,-786.378767741244,610.667229175568,49.6875305997847,24.7974966615303,-5516.61495478746
6126,6,2021,1.739282,35.467237,1,29637.3893168107,-785.477016698596,610.667229175568,49.6875305997847,24.7974966615303,-5511.10933879436
6128,6,2021,1.491713,35.011236,1,34522.8925336334,-836.58817974896,830.829116821289,54.3198551591937,22.2355576275691,-7217.09435785823
6129,6,2021,1.797533,35.368568,1,28180.3383478149,-304.691184510694,628.219473108473,49.1136283334377,23.7894422505,-4492.50597283393
6130,1,2021,1.728687,35.58767,1,30550.9785274914,-696.781143385229,414.13606107235,47.6951072603571,26.5991804514846,-5484.66739382576
6131,1,2021,1.728687,35.58767,1,30555.0542841389,-700.636464249017,414.13606107235,47.6951072603571,26.5991804514846,-5486.45585122331
6132,6,2021,1.740415778,35.05933935,1,28636.2452799875,-327.917137476856,728.742448806763,56.0711773495058,23.8978076899977,-4275.01223542924
6133,6,2021,1.489864,35.010159,1,34553.3110857718,-758.880751844494,830.829116821289,54.3198551591937,22.2355576275691,-7178.19402375163
6134,1,2021,1.300454,35.199375,1,30071.5326461661,1061.8416306835,1302.83342739062,71.9525062402542,18.0784831234309,-4416.03814385532
6135,5,2021,1.790618,35.051628,1,31695.9057158644,-179.961710873,744.24220343846,57.0570314898939,24.700592796505,-5664.30621092437
6136,6,2021,1.567516,35.26978,1,30145.761130775,778.970668429692,828.266170978546,55.5022096743267,19.7228025619298,-4871.89205475127
6137,5,2021,1.551136,35.291743,1,29878.5503446628,907.971703391887,836.938136845839,59.4413821678292,21.2816138149954,-4297.08893184008
6138,1,2021,1.966667,35.2,1,27845.2413856732,390.712022749257,653.498616737297,53.2813515618066,20.8736065537963,-3740.23050682346
6139,1,2021,1.536662,35.379537,1,28750.2301523837,-135.052837640065,780.927027702332,60.6291162420811,22.1472061453345,-4889.60251931069
6140,3,2021,1.511485,35.280762,1,30916.3658406665,484.955922589048,838.759960174561,60.2689311289691,21.6090918919812,-5478.44925195062
6141,1,2021,1.559501,35.527485,1,31075.6381981082,-18.7725354571665,646.548238277435,52.9770552493942,25.0127776350605,-4901.6925603261
6142,1,2021,1.715365,35.497959,1,31070.4954519979,-910.464086553427,594.631196296106,49.6875305997847,24.7974966615303,-6043.55289582736
6143,1,2021,1.734344,35.324677,1,27409.160016026,1303.73878224191,741.154845476151,52.2057443212015,19.9637321245725,-2907.56651775684
6144,2,2021,1.915272479,35.36266662,1,31632.3846525517,-1411.74344650969,413.570632219315,48.5579400834062,26.527430085831,-5937.79734579514
6145,2,2021,1.966667,35.2,1,27848.9221013285,391.123486650286,653.516035967744,53.2813515618066,20.8736065537963,-3743.51030357144
6146,2,2021,1.966667,35.2,1,27837.2374962967,389.417920275647,653.466173120936,53.2813515618066,20.8736065537963,-3733.42607019426
6147,2,2021,1.966667,35.2,1,27839.8811424391,390.985708325902,653.461230777662,53.2813515618066,20.8736065537963,-3734.7194006723
6148,1,2021,1.966667,35.2,1,27846.3752430297,391.912498202703,653.489323394216,53.2813515618066,20.8736065537963,-3740.35379422715
6149,1,2021,1.489864,35.010159,1,34552.0964144863,-759.887856727685,830.829116821289,54.3198551591937,22.2355576275691,-7177.83522850878
6150,5,2021,1.797533,35.368568,1,28183.6939170769,-306.228363526132,627.390153255533,49.1136283334377,23.7894422505,-4495.14992740838
6151,4,2021,1.231195,35.971367,1,29016.3695615539,-313.802687494273,613.122095584869,48.8728800921981,24.9912966044527,-5001.03975489482
6153,2,2021,1.734344,35.324677,1,27415.1239537826,1301.53703540359,741.154845476151,52.2057443212015,19.9637321245725,-2906.54468756958
6167,1,2021,1.30811,35.206604,1,30430.8998770757,813.237035287812,1075.85249090195,71.9525062402542,18.0784831234309,-4570.3330676454
6168,6,2021,1.442384,35.137879,1,31125.0792157496,-386.218910546695,961.658669230667,61.8336110874579,20.5431384926545,-6061.91302441331
6169,7,2021,1.309221,35.207071,1,30524.2098139915,827.908177272519,1075.85249090195,71.9525062402542,18.0784831234309,-4662.00234184317
6170,1,2021,1.39074,35.132379,1,32573.7108004167,-563.799926855848,1028.71410012245,62.2060646876587,20.4070313005143,-6697.41903525738
6171,6,2021,1.437513,35.356226,1,30340.9751703029,895.521352858758,829.309853553772,66.658673122949,19.2812609755285,-4414.49141930255
6172,2,2021,1.668478,35.412435,1,30617.8726454086,2402.48474873424,834.967978239059,51.9044174095064,20.3157479011849,-3843.03211017399
6173,2,2021,1.495974,35.472715,1,31566.9536187408,202.316668925022,716.807944731754,58.0970257647645,24.6364126771553,-5706.34132807029
6174,3,2021,1.567516,35.26978,1,30152.7856238027,777.633820040547,828.266170978546,55.5022096743267,19.7228025619298,-4873.84012159042
6175,3,2021,2.306505,35.082859,1,27210.5656137601,1807.20699931695,633.861954092979,51.2512571849098,22.1837677089047,-2145.93443502095
6177,7,2021,2.095168,35.092684,1,29646.1352062965,224.93411977375,608.428979711518,55.1639511943151,22.2145606419812,-5006.81766288872
6178,5,2021,1.966667,35.2,1,27849.1848790237,392.652433371949,653.496839645886,53.2813515618066,20.8736065537963,-3742.51009347589
6179,5,2021,1.966667,35.2,1,27844.9648980977,390.180464726835,653.504125065204,53.2813515618066,20.8736065537963,-3740.39525967592
6180,3,2021,1.966667,35.2,1,27845.9886314912,390.489943633943,653.506313566175,53.2813515618066,20.8736065537963,-3741.14721881796
6181,3,2021,1.966667,35.2,1,27846.2802130357,390.918475330608,653.502304244264,53.2813515618066,20.8736065537963,-3741.08214693464
6182,2,2021,1.925084,35.156148,1,30707.5586834251,-90.6360540770869,643.092786490917,53.3127936485988,22.5713711621011,-5278.73419429638
6183,2,2021,1.648451,35.609547,1,32366.9374377779,-623.838569953342,453.617195649489,49.5464581291396,26.8349909649087,-6170.03424293135
6184,2,2021,1.648451,35.609547,1,32372.4470010259,-624.552144123668,453.500120137375,49.5416062228127,26.8343729672394,-6173.01930039442
6185,1,2021,1.728687,35.58767,1,30551.7963658279,-698.070214964098,414.13606107235,47.6951072603571,26.5991804514846,-5484.97353298164
6186,3,2021,1.648451,35.609547,1,32366.2649089755,-623.574622433507,453.669180481803,49.5486125125136,26.8352653733194,-6169.27244491536
6187,2,2021,1.666667,35.466667,1,29231.9812753567,1299.95469735235,620.554700374603,49.6875305997847,24.7974966615303,-3780.40492156799
6188,7,2021,1.489864,35.010159,1,34553.4237558707,-756.545701543785,830.829116821289,54.3198551591937,22.2355576275691,-7176.78483928396
6189,4,2021,1.489864,35.010159,1,34549.9721694707,-759.458584315274,830.829116821289,54.3198551591937,22.2355576275691,-7175.77921030685
6190,7,2021,1.797533,35.368568,1,28181.1352703991,-305.160288832872,628.212535411029,49.1136283334377,23.7894422505,-4493.09234625099
6191,1,2021,1.536662,35.631419,1,29836.8006489357,223.328932315244,539.020861625671,54.7103496615904,25.9959689432084,-5071.53105294788
6192,6,2021,1.739282,35.467237,1,29644.3742199679,-788.149258108576,610.667229175568,49.6875305997847,24.7974966615303,-5515.80253435608
6193,1,2021,1.501555,35.806497,1,27757.7572399841,-794.058365787564,457.193981314257,46.8344779045899,25.786023835831,-4184.55706745646
6194,1,2021,1.495974,35.472715,1,31561.6230151327,204.544210053087,716.797095207695,58.0970257647645,24.6364126771552,-5701.91828712338
6195,1,2021,1.648451,35.609547,1,32369.9547006576,-623.854502619454,453.633221995293,49.5471223015801,26.8350755619707,-6170.8240157082
6196,1,2021,1.495974,35.472715,1,31562.2093050492,202.904223325915,716.694739024522,58.0970257647645,24.6364126771552,-5702.71469587342
6197,1,2021,1.786263,35.055296,1,32207.6808569613,-470.240123192072,732.797950075927,56.2507368718313,24.83668138058,-6104.5170738142
6214,2,2021,1.734344,35.324677,1,27410.4738768854,1303.32058765436,741.154845476151,52.2057443212015,19.9637321245725,-2908.47782686366
6215,1,2021,1.734344,35.324677,1,27412.4017558355,1302.47051276449,741.154845476151,52.2057443212015,19.9637321245725,-2905.78760630758
6217,5,2021,1.566004909,35.4014708,1,27630.6608357313,1038.98190391946,808.121905866995,54.9917498743746,20.7173810793385,-3370.00730730908
6218,5,2021,1.739282,35.467237,1,29635.6944625559,-785.824234631891,610.667229175568,49.6875305997847,24.7974966615303,-5510.48304791219
6219,5,2021,1.231195,35.971367,1,29021.1104283518,-313.21464507946,613.122095584869,48.8728800921981,24.9912966044527,-5002.67331064076
6220,5,2021,1.797533,35.368568,1,28181.7162509052,-305.409201603027,628.040951689598,49.1136283334377,23.7894422505,-4493.55568552763
6221,3,2021,1.666667,35.466667,1,29232.9854173899,1307.00014953754,620.554700374603,49.6875305997847,24.7974966615303,-3775.78474000423
6222,6,2021,1.739282,35.467237,1,29637.7549241063,-787.278415854842,610.667229175568,49.6875305997847,24.7974966615303,-5512.21042872169
6223,2,2021,1.966667,35.2,1,27843.0045881672,389.752617205643,653.497697669422,53.2813515618066,20.8736065537963,-3738.82096154626
6224,6,2021,2.057429,35.280762,1,28542.5332391696,-827.728647380722,512.654813528061,50.026516226706,25.1081280381712,-4840.66608227807
6225,3,2021,1.797533,35.368568,1,28183.9580917679,-306.39959537757,627.424672618543,49.1136283334377,23.7894422505,-4495.33496789293
6226,3,2021,1.715365,35.497959,1,31070.5802604019,-913.567661778936,595.25065506339,49.6875305997847,24.7974966615303,-6044.27907247194
6227,3,2021,1.648451,35.609547,1,32362.9983938182,-623.365008094067,453.692761535135,49.5495897712058,26.8353898488458,-6167.98587052552
6228,3,2021,1.739282,35.467237,1,29643.4001658847,-786.256678249674,610.667229175568,49.6875305997847,24.7974966615303,-5514.36147300974
6229,5,2021,1.438856,34.900732,1,32709.2431546455,-379.755227430379,1009.63894705186,54.8486846442864,21.4269781469754,-6404.90505517893
6230,7,2021,1.797533,35.368568,1,28182.6925713968,-305.605971234189,627.308254751838,49.1136283334377,23.7894422505,-4494.43779468431
6231,7,2021,1.797533,35.368568,1,28181.3658285853,-304.917341449787,627.483785048011,49.1136283334377,23.7894422505,-4493.42647576013
6232,5,2021,1.438856,34.900732,1,32709.1863318006,-379.687160965257,1009.59629948503,54.8486846442864,21.4269781469754,-6405.19097373749
6233,5,2021,1.589614,34.985221,1,32638.2345327538,-251.749785080779,1041.62790870667,55.1650251205994,22.7372193445354,-6581.78541069538
6234,5,2021,2.079229,35.165971,1,28540.075204688,537.080328169719,598.337868452072,52.2673144917533,22.3818460211907,-3983.30703843891
6235,7,2021,1.650541,35.115875,1,31735.4620365277,-405.697842834247,800.111683397112,56.1111171829365,23.0601835824744,-6205.46259449794
6236,1,2021,1.489864,35.010159,1,34550.4989645772,-762.539399978659,830.829116821289,54.3198551591937,22.2355576275691,-7178.23605320661
6237,6,2021,1.797533,35.368568,1,28180.7809225119,-304.706684661244,627.752308592297,49.1136283334377,23.7894422505,-4492.93542980805
6238,6,2021,1.797533,35.368568,1,28183.341548083,-305.972780824665,627.286986994085,49.1136283334377,23.7894422505,-4494.91678960089
6239,6,2021,1.797533,35.368568,1,28184.791277734,-306.71859853033,627.091205126041,49.1136283334377,23.7894422505,-4496.02142750932
6240,6,2021,1.551136,35.291743,1,29880.8154659256,906.576509680096,836.901392373867,59.4246912795698,21.2750088885837,-4299.88825240755
6241,5,2021,1.648451,35.609547,1,32361.8028435676,-622.969964643506,453.769211191321,49.5527580389659,26.8357933978757,-6166.79993431578
6242,6,2021,1.734344,35.324677,1,27406.4510645537,1304.77081218844,741.154845476151,52.2057443212015,19.9637321245725,-2908.58293564386
6243,5,2021,1.507382,35.5001,1,32899.6255840434,290.114169250445,683.861503975171,58.0970257647645,24.6364126771552,-5501.76870665259
6244,5,2021,1.495974,35.472715,1,31561.6889923128,203.061183966498,716.689166521247,58.0970257647645,24.6364126771552,-5702.2964383699
6245,5,2021,1.648451,35.609547,1,32363.0075063514,-623.940899635891,453.570252376407,49.5445126807741,26.8347431689962,-6169.28044128691
6246,6,2021,1.589614,34.985221,1,32642.3688745509,-252.516622093013,1041.62790870667,55.1650251205994,22.7372193445354,-6583.366439219
6247,3,2021,1.489864,35.010159,1,34550.3127153542,-759.682180735914,830.829116821289,54.3198551591937,22.2355576275691,-7176.20965681065
6248,5,2021,1.648451,35.609547,1,32365.9453915471,-623.960376517532,453.584869140093,49.5451184365545,26.8348203254034,-6170.05985072752
6249,5,2021,1.648451,35.609547,1,32368.15980551,-624.662339942723,453.449491801986,49.5395080561136,26.8341057192666,-6172.19083560966
6250,5,2021,1.648451,35.609547,1,32368.1089316364,-624.841634545699,453.411043581437,49.5379146642832,26.8339027655467,-6172.58004975567
6251,5,2021,1.648451,35.609547,1,32372.7216161101,-625.330512885115,453.335892698913,49.5348002209996,26.8335060722553,-6174.83808597966
6252,3,2021,1.400963,35.573993,1,31470.4023421765,639.384279994805,804.110175684612,60.5554507989574,22.8881600105599,-5466.43218887023
6253,3,2021,1.728687,35.58767,1,30550.3777572152,-698.108605454329,414.13606107235,47.6951072603571,26.5991804514846,-5484.21164923014
6254,6,2021,1.966667,35.2,1,27843.1032925876,390.575170841049,653.487095699386,53.2813515618066,20.8736065537963,-3738.23988326762
6255,6,2021,1.966667,35.2,1,27844.5061924248,391.82159141289,653.478826450973,53.2813515618066,20.8736065537963,-3738.58541475782
6256,4,2021,1.734344,35.324677,1,27408.9289133818,1304.03794526516,741.154845476151,52.2057443212015,19.9637321245725,-2911.24045687686
6257,3,2021,1.599022,35.291743,1,29185.3173473953,1152.70056975254,821.552398286497,55.5022096743267,19.7228025619298,-4014.5532109262
6260,6,2021,1.797533,35.368568,1,28184.2070459611,-306.482267905697,627.300728913941,49.1136283334377,23.7894422505,-4495.54558684277
6261,4,2021,1.797533,35.368568,1,28183.1483845947,-306.201961298015,627.945494598564,49.1136283334377,23.7894422505,-4494.62618870886
6262,4,2021,1.715365,35.497959,1,31070.3171085702,-911.686285087978,595.065926815015,49.6875305997847,24.7974966615303,-6043.26077708273
6264,3,2021,1.666667,35.466667,1,29232.1870087881,1301.26004379907,620.554700374603,49.6875305997847,24.7974966615303,-3779.55413870307
6265,5,2021,1.495974,35.472715,1,31562.1834604203,202.134184038798,716.636680171402,58.0970257647645,24.6364126771552,-5702.86680015525
6266,4,2021,1.797533,35.368568,1,28179.5890736707,-304.344744985054,628.39792295593,49.1136283334377,23.7894422505,-4491.91721026576
6267,7,2021,1.648451,35.609547,1,32370.0502781615,-625.272114610221,453.331679323612,49.5346256080347,26.8334838314291,-6174.03369238792
6268,3,2021,1.589614,34.985221,1,32644.2316577508,-252.497974733527,1041.62790870666,55.1650251205994,22.7372193445354,-6583.95556093963
6269,1,2021,1.589614,34.985221,1,32641.6683109302,-252.097493516146,1041.62790870667,55.1650251205994,22.7372193445354,-6583.00039037887
6270,1,2021,1.488327,35.022295,1,34776.0845579675,-746.518359417311,830.829116821289,54.3198551591937,22.2355576275691,-7510.99245370697
6271,1,2021,1.210252,35.74825,1,29474.8471139643,-336.475174561255,630.903576374054,58.5867945818461,24.9819445692785,-4451.8719309755
6275,7,2021,1.728687,35.58767,1,30555.5298164372,-699.248804753328,414.13606107235,47.6951072603571,26.5991804514846,-5486.84796066002
6276,3,2021,1.210252,35.74825,1,29473.2126898584,-333.928706935183,630.903576374054,58.5867945818461,24.9819445692785,-4450.07952069548
6277,4,2021,1.176226,35.814747,1,30448.7223216066,-631.264232892146,691.933401584625,54.1931912405751,24.4933108203488,-5110.28789763477
6279,7,2021,1.495974,35.472715,1,31567.1044211427,201.616747704139,716.761071348782,58.0970257647645,24.6364126771552,-5706.60782781981
6280,6,2021,1.312804,35.762769,1,28702.915799399,-868.449696856462,590.262881755829,53.4214558008109,24.8631892182511,-4569.34215939454
6283,6,2021,1.728687,35.58767,1,30553.8271273411,-698.610060262868,414.13606107235,47.6951072603571,26.5991804514846,-5486.00351190872
6284,6,2021,1.501555,35.806497,1,27758.4686706268,-794.324432483905,457.164603063049,46.8344779045899,25.786023835831,-4184.71185754669
6285,4,2021,1.648451,35.609547,1,32365.4626105952,-623.192560848651,453.74556253375,49.5517779785825,26.8356685654919,-6168.2121818276
6286,4,2021,1.728687,35.58767,1,30557.8598935309,-699.648916647653,414.13606107235,47.6951072603571,26.5991804514846,-5488.05040159255
6287,4,2021,1.728687,35.58767,1,30551.6610173566,-697.396034204735,414.13606107235,47.6951072603571,26.5991804514846,-5484.96949939669
6288,4,2021,1.728687,35.58767,1,30552.9670471128,-696.341370059281,414.13606107235,47.6951072603571,26.5991804514846,-5485.7745253487
6289,4,2021,1.715365,35.497959,1,31070.2384860267,-909.319744195286,594.60276749374,49.6875305997847,24.7974966615303,-6042.67508423082
6290,4,2021,1.495974,35.472715,1,31569.7677891746,199.511715538281,716.693066319852,58.0970257647645,24.6364126771552,-5709.03786189404
6291,4,2021,1.648451,35.609547,1,32365.917856141,-623.303519970403,453.724820963577,49.5509183952783,26.835559078531,-6168.57552548373
6292,7,2021,1.648451,35.609547,1,32365.5124816123,-623.615245730836,453.655654318209,49.5480519539686,26.8351939737805,-6169.17597069371
6293,7,2021,1.728687,35.58767,1,30555.7894955445,-697.670642394457,414.13606107235,47.6951072603571,26.5991804514846,-5487.14555255588
6294,7,2021,1.311899,35.582199,1,32074.7547984441,2125.61688573481,1049.71911811829,64.0238853963741,19.225428132706,-4533.54284899929
6295,7,2021,1.648451,35.609547,1,32361.9711195021,-623.715914490076,453.611460241529,49.5462204392788,26.8349606898436,-6168.51665028223
6296,4,2021,1.495931,35.472693,1,31564.0521138302,203.877912007011,716.827900971447,58.0970257647645,24.6364126771552,-5703.85636797471
6297,7,2021,1.536662,35.631419,1,29833.7636456126,225.120710267774,539.020861625671,54.7103496615904,25.9959689432084,-5070.81496217499
6303,6,2021,1.648451,35.609547,1,32365.6363005359,-623.979795748181,453.57875638679,49.5448651085452,26.8347880584739,-6170.026085891
6311,8,2021,2.130015,35.291743,1,30546.7641556811,-1375.63310662175,425.845488071442,50.026516226706,25.1081280381712,-6210.60760944862
6312,6,2021,1.966667,35.2,1,27842.8034389985,390.030359213263,653.492656273118,53.2813515618066,20.8736065537963,-3738.39497153055
6313,10,2021,1.734344,35.324677,1,27409.8716662649,1303.3472397901,741.154845476151,52.2057443212015,19.9637321245725,-2905.24377320805
6314,6,2021,1.536662,35.631419,1,29832.6769882593,224.535835217,539.020861625671,54.7103496615904,25.9959689432084,-5071.47069213385
6315,7,2021,1.648451,35.609547,1,32364.7536511187,-623.967447497299,453.575746257808,49.5447403611613,26.8347721691333,-6169.77735882437
6316,6,2021,1.648451,35.609547,1,32374.6078002193,-624.484825922095,453.528283357661,49.5427733781317,26.8345216303046,-6173.40896220201
6318,6,2021,1.495974,35.472715,1,31569.0846302196,200.314096845828,716.729939640297,58.0970257647645,24.6364126771552,-5708.35631604534
6319,6,2021,1.495974,35.472715,1,31564.6095937483,201.80838248995,716.692833464523,58.0970257647645,24.6364126771552,-5704.72680717394
6321,2,2021,1.495931,35.472693,1,31568.4839485772,201.4760250968,716.79616080732,58.0970257647645,24.6364126771553,-5707.65575769488
6322,2,2021,2.484485,35.148879,1,28356.7701566358,-344.536480400194,360.221930573162,47.2093271675656,26.3033396408659,-4413.23885098648
6325,3,2021,1.495974,35.472715,1,31566.4515800015,200.618856635859,716.665521207048,58.0970257647645,24.6364126771552,-5706.34831723455
6327,2,2021,1.728687,35.58767,1,30556.6921370768,-700.12715413176,414.13606107235,47.6951072603571,26.5991804514846,-5487.38011214766
6328,6,2021,1.495974,35.472715,1,31566.1406977586,200.836076852069,716.671349599718,58.0970257647645,24.6364126771552,-5706.07099349556
6329,6,2021,1.495974,35.472715,1,31570.0476012594,200.005138372836,716.738839677734,58.0970257647645,24.6364126771552,-5709.13456954288
6330,6,2021,1.495931,35.472693,1,31564.3844703248,205.448787777258,716.955226531903,58.0970257647645,24.6364126771552,-5703.75263538479
6333,5,2021,1.728687,35.58767,1,30554.2789967845,-698.342514113196,414.136061072349,47.6951072603571,26.5991804514846,-5486.27165922783
6347,6,2021,1.739282,35.467237,1,29645.4486838036,-786.418182375237,610.667229175568,49.6875305997847,24.7974966615303,-5515.415856296
6348,6,2021,1.739282,35.467237,1,29635.0859244031,-786.397110447821,610.667229175568,49.6875305997847,24.7974966615303,-5510.48860981674
6349,6,2021,1.489864,35.010159,1,34552.0293965012,-760.972452889342,830.829116821289,54.3198551591937,22.2355576275691,-7178.48732107004
6350,6,2021,1.739282,35.467237,1,29638.3114743172,-786.194030834996,610.667229175568,49.6875305997847,24.7974966615303,-5511.91536081325
6351,6,2021,1.567516,35.26978,1,30152.5195605396,776.682182312235,828.266170978546,55.5022096743267,19.7228025619298,-4875.77833090236
6352,3,2021,1.511485,35.280762,1,30916.7759987696,485.453596499609,838.759960174561,60.2689311289691,21.6090918919812,-5478.6527947337
6353,5,2021,1.734344,35.324677,1,27409.0776920228,1303.81349854053,741.154845476151,52.2057443212015,19.9637321245725,-2908.33571505935
6354,5,2021,1.797533,35.368568,1,28182.3231835244,-305.540493660232,627.613165910649,49.1136283334377,23.7894422505,-4494.09619468378
6355,1,2021,1.489864,35.010159,1,34553.0063760883,-757.776290316651,830.829116821289,54.3198551591937,22.2355576275691,-7177.22717055778
6356,2,2021,1.966667,35.2,1,27847.7391080283,392.219000267133,653.493691464439,53.2813515618066,20.8736065537963,-3741.44407161281
6368,7,2021,1.797533,35.368568,1,28180.170158395,-304.681285116379,628.38067797003,49.1136283334377,23.7894422505,-4492.34777232555
6369,1,2021,1.489864,35.010159,1,34552.7811421611,-757.721210524468,830.829116821289,54.3198551591937,22.2355576275691,-7177.00418369715
6392,1,2021,2.383763,35.647819,1,39207.5742313837,-3068.15676853035,123.246719703078,42.0761282700425,27.9814652064076,-7231.10238489017
6397,3,2021,2.144745,36.134171,1,31827.9471072669,-2897.79459454048,89.4437457257796,40.56219301405,30.458422709959,-4358.99291908526
6398,4,2021,3.085175,36.090699,1,37184.2634163849,-2665.28784954199,71.9384679794312,46.6743669227925,30.0379198832055,-7688.73870627226
6399,3,2021,3.123311,36.063517,1,34561.2878246268,-861.719966804069,77.1368195936084,46.6743669227925,30.0379198832055,-5663.58935265468
6402,6,2021,3.189715,35.718846,1,40227.8569720716,-3243.26848542896,121.837653279305,43.4094196488938,29.8432715794811,-8502.37596274594
6404,7,2021,3.526905,35.857986,1,35495.4089104705,-3335.56372748232,178.632711529732,47.5986524020151,30.2645147123293,-5512.10790985335
6405,1,2021,3.115517,35.604079,1,33909.0457595835,-2220.36514297517,123.006593501157,42.9012616524948,29.8443181512563,-5253.71961767858
6411,4,2021,2.841198,35.040193,1,32681.2007802659,-3004.85967939925,220.534314990044,47.8964260111024,27.3749521142272,-6248.40696003958
6435,8,2021,2.841198,35.040193,1,32672.6800376237,-3005.05340901617,220.534314990044,47.8964260111024,27.3749521142272,-6247.06968975952
6437,3,2021,3.916191,35.836858,1,31429.4125549137,-3309.37288493693,226.472959041595,47.2570075554322,30.0691484790959,-3960.73519483728
6439,5,2021,3.526905,35.857986,1,35491.0454132616,-3333.01751889977,178.632711529732,47.5986524020151,30.2645147123293,-5510.17304152909
6443,1,2021,4.2758,35.746148,1,27167.4933707004,-2568.22613053599,306.936787843704,45.1140427614205,28.6840394965046,-2600.61505686229
6444,1,2021,2.383763,35.647819,1,39204.6046424116,-3070.04752690101,123.246719703078,42.0761282700425,27.9814652064076,-7230.56584906942
6445,1,2021,3.135406,35.730495,1,34959.8655440026,-2334.14429114152,129.682147145271,42.8052401749374,30.0150226140132,-5747.10296979882
6446,7,2021,2.91825,35.404212,1,33760.5946907626,-1705.25296811609,114.335612769486,42.3058491099237,29.2263514078916,-5567.0850494049
6450,6,2021,3.526905,35.857986,1,35502.0679380252,-3335.10570145229,178.632711529732,47.5986524020151,30.2645147123293,-5514.98754379057
6454,4,2021,3.101128,35.601344,1,37927.7828917898,-2943.51893503549,113.116485959838,42.9012616524948,29.8443181512563,-7294.43185810583
6455,6,2021,4.138652,35.913845,1,29591.3760479648,-3494.27784704793,330.610576272011,52.2216105831859,30.0751826543242,-3259.03682719489
6470,9,2021,3.747678,35.833449,1,32076.7659955394,-3508.8757430084,226.699905524836,46.2781792004902,30.0156458519346,-3828.13279703952
6480,1,2021,2.056447,35.430011,1,33834.4696770454,-1360.53766233861,261.19732606411,48.1940630357255,27.8068899442072,-7112.13618757394
6494,5,2021,2.998898,36.062158,1,37592.8872196342,-2981.92155983038,88.4423445152147,45.7787963057213,30.3226991087334,-6308.30174649511
6500,3,2021,3.709066,34.862484,1,31528.8020626192,-1721.75281973688,153.657741963863,43.8888381993162,28.6773545025691,-4431.92918751491
6503,4,2021,4.863304,35.391533,1,30889.5184470749,-2105.65899394516,486.395090341568,43.2371191819822,28.0634090562934,-5780.82884476603
6505,5,2021,3.526905,35.857986,1,35489.0283369014,-3332.78571126596,178.632711529732,47.5986524020151,30.2645147123293,-5509.29389325493
6506,3,2021,3.207173,35.696998,1,40514.7325931487,-3397.95018907519,141.199986361815,43.4094196488938,29.8432715794812,-8426.85967963626
6507,4,2021,2.274269,35.43162,1,35335.1513527536,-1183.46988211386,203.099285542965,45.2695639405514,28.5104280881142,-6770.70701633081
6508,4,2021,2.998898,36.062158,1,37590.8039997857,-2980.26379526983,88.442344925782,45.7787963057213,30.3226991087334,-6306.75876847807
6509,7,2021,3.526905,35.857986,1,35501.3097420838,-3335.80938314645,178.632711529732,47.5986524020151,30.2645147123293,-5514.66870079937
6510,5,2021,3.526905,35.857986,1,35492.8737940761,-3333.50914759747,178.632711529732,47.5986524020151,30.2645147123293,-5510.97426689158
6511,2,2021,2.274269,35.43162,1,35340.9312736411,-1188.63874538755,203.099285542965,45.2695639405514,28.5104280881142,-6775.76977966899
6512,10,2021,4.517828,35.420658,1,29717.248263081,-3229.35830883808,239.33641564846,43.397806762756,29.6612996367015,-3573.01443487276
6513,5,2021,2.998898,36.062158,1,37588.4729537728,-2977.18894642922,88.4423330068859,45.7787963057213,30.3226991087334,-6304.84054913088
6514,11,2021,3.101127,35.601344,1,37925.2710448924,-2942.82400084576,113.10568631836,42.9012616524948,29.8443181512563,-7293.74834530879
6515,12,2021,2.742378,35.784354,1,40025.785795102,-3350.11826541369,77.9505167156458,41.7380967986527,29.6941747883139,-8672.58818199226
6516,4,2021,3.115511,35.604176,1,33914.7962613086,-2225.51597643937,123.189309223644,42.9012616524948,29.8443181512563,-5257.71394011832
6517,1,2021,3.526905,35.857986,1,35502.1565606179,-3335.46598784564,178.632711529732,47.5986524020151,30.2645147123293,-5515.03092925947
6518,6,2021,2.91825,35.404212,1,33760.866981108,-1705.56502729069,114.342582367759,42.3058491099237,29.2263514078916,-5567.34388833251
6520,9,2021,2.841198,35.040193,1,32690.2449893205,-3004.91428524086,220.534314990044,47.8964260111024,27.3749521142272,-6254.26387240314
6521,9,2021,2.876673,35.256246,1,35374.0775249706,-2476.05132983574,105.538185536861,42.7294206158828,28.7776806922809,-7644.95348541586
6522,6,2021,2.870214,34.950663,1,28604.5465116281,-1993.17175229698,270.308052115611,50.2856299401746,25.594150868868,-4280.54595071394
6524,7,2021,2.998898,36.062158,1,37596.8836748054,-2982.74557166675,88.4423198764536,45.7787963057213,30.3226991087334,-6310.88832541432
6525,9,2021,2.998898,36.062158,1,37586.9750938197,-2977.65659572372,88.4423501451503,45.7787963057213,30.3226991087334,-6303.9917598388
6528,11,2021,2.572518,34.990619,1,33428.8104956509,-1329.30844722257,301.06227850914,48.5384250116497,27.4085237912392,-7064.27766768646
6529,9,2021,3.355235,35.439726,1,40396.7546636929,-3446.39481771936,166.027251720428,43.3742871584378,28.8437025601461,-6700.73473983392
6532,12,2021,2.97263,35.554842,1,40083.0736678793,-3739.66452559572,95.8704078197479,42.9461889429618,29.6904027599178,-7491.78737998444
6533,8,2021,2.998898,36.062158,1,37587.115809248,-2975.25078459704,88.4423245553074,45.7787963057213,30.3226991087334,-6303.7011029913
6534,1,2021,4.690067,35.52045,1,29480.5056265994,-2425.37025950043,389.377104282379,42.9796946338384,28.5608704397123,-5041.58974615641
6536,5,2021,2.998898,36.062158,1,37595.7789409541,-2981.32983078373,88.4423146493376,45.7787963057213,30.3226991087335,-6309.98573622764
6537,12,2021,2.825622,36.203595,1,37281.0556024879,-3699.80707524401,75.0302578470995,43.1893321609642,30.3467958999007,-6357.20661490305
6538,7,2021,3.085175,36.090699,1,37177.7214255743,-2660.51716305886,71.9384679794312,46.6743669227925,30.0379198832055,-7681.91987376818
6540,9,2021,3.747678,35.833449,1,32105.3092427211,-3504.91003519962,226.69294111486,46.2782589391863,30.0156585767292,-3839.94645976006
6541,8,2021,4.406781,34.283832,1,32107.4636990502,-216.199217202591,452.56169962883,44.3754892145922,28.1157646231455,-5130.0540299
6542,4,2021,2.383763,35.647819,1,39208.8897649012,-3067.33837557308,123.246719703078,42.0761282700425,27.9814652064076,-7231.38349046102
6543,8,2021,3.152044,35.859349,1,34264.3145259562,-1672.88910390305,101.576917939728,43.7737962180463,29.9664137968604,-4981.40812509724
6544,6,2021,3.526905,35.857986,1,35502.2936026451,-3336.98213636779,178.632711529732,47.5986524020151,30.2645147123293,-5515.11375167797
6545,10,2021,2.91825,35.404212,1,33764.4996658852,-1709.762632085,114.440619196131,42.3058491099237,29.2263514078916,-5570.83392646785
6546,10,2021,4.0338522,35.751607,1,27673.7947323684,-2959.86829155369,199.907288649591,46.3182500042589,29.3243844784448,-2883.49293517531
6548,9,2021,3.334722,35.221944,1,34971.8126327013,-2147.03899954408,141.369156241417,45.1667001953687,29.0561470432369,-6336.65775718125
6550,9,2021,3.123311,36.063517,1,34574.7661103831,-869.125153847587,77.1368195936084,46.6743669227925,30.0379198832055,-5672.96469442833
6551,7,2021,3.526905,35.857986,1,35498.4385144756,-3336.98627123133,178.632711529732,47.5986524020151,30.2645147123293,-5513.44557299649
6553,2,2021,3.768127,34.622171,1,29542.5852340804,-1412.45734572461,222.616921186447,42.9973768315575,28.5689718951918,-3520.2979037705
6554,11,2021,3.189715,35.718846,1,40227.9199432261,-3242.86997945103,121.837653279305,43.4094196488938,29.8432715794812,-8503.22867850848
6555,10,2021,2.383763,35.647819,1,39207.298736041,-3068.47892738923,123.246719703078,42.0761282700425,27.9814652064076,-7231.4084241787
6556,10,2021,3.768127,34.622171,1,29538.4673097451,-1430.05967929923,222.616921186447,42.9973768315575,28.5689718951918,-3521.95653530347
6557,8,2021,4.170489,34.386539,1,27318.3497191237,-1033.82827098179,298.602802097797,43.9753761851356,28.4848874113875,-3407.42689265566
6558,3,2021,3.196633,35.9588777,1,40165.2106503841,-3546.30086346818,97.9786742287026,45.6244255425061,30.0454728583767,-8450.85375915845
6559,11,2021,2.133727,35.495993,1,36702.3452405974,-2167.04685298338,198.751336097717,46.6722445384168,27.9813954200919,-7693.14802820615
6560,5,2021,4.062134,35.881152,1,31299.3379442722,-3533.97247557267,266.984444022179,52.2216105831859,30.0751826543242,-4150.52883677707
6561,8,2021,3.084758,35.43436,1,38557.3085278212,-2707.56270405191,74.721922814846,43.0989011892633,29.2932205217614,-8681.35104391873
6562,7,2021,3.085175,36.090699,1,37196.537740636,-2665.91555475149,71.9384679794312,46.6743669227925,30.0379198832055,-7690.8367575216
6563,11,2021,2.998898,36.062158,1,37597.376522906,-2985.59176853292,88.4423446213596,45.7787963057213,30.3226991087334,-6311.64225514618
6564,9,2021,3.085175,36.090699,1,37191.3541039129,-2664.96527616799,71.9384679794312,46.6743669227925,30.0379198832055,-7689.06621280833
6565,11,2021,2.998898,36.062158,1,37588.299003654,-2974.30301090251,88.4423051440548,45.7787963057213,30.3226991087334,-6304.2809506801
6567,11,2021,3.085175,36.090699,1,37158.1153588369,-2654.3606212041,71.9384679794311,46.6743669227925,30.0379198832055,-7671.96200142654
6568,7,2021,4.0338522,35.751607,1,27680.3974465668,-2960.20529817514,199.631269777219,46.3344189898627,29.3308012847384,-2887.65997796493
6569,11,2021,3.495904,36.040405,1,24753.5378546566,-3880.1620425622,410.685104131699,56.342882348381,29.7883849766701,-1748.07482186531
6570,11,2021,3.495904,36.040405,1,24759.1615878693,-3880.02701814709,410.685104131699,56.342882348381,29.7883849766701,-1749.77389030163
6571,3,2021,2.998898,36.062158,1,37593.7870113497,-2982.35517836917,88.4423414772367,45.7787963057213,30.3226991087334,-6308.92354061296
6573,10,2021,3.495904,36.040405,1,24760.4978717116,-3879.84552462787,410.685104131699,56.342882348381,29.7883849766701,-1750.21821286888
6574,10,2021,2.998898,36.062158,1,37598.7612466996,-2986.5382437632,88.4423427768618,45.7787963057213,30.3226991087334,-6312.64313298961
6575,10,2021,2.998898,36.062158,1,37597.1695904633,-2982.06810231636,88.4423106579683,45.7787963057213,30.3226991087334,-6310.95672433124
6576,10,2021,2.998898,36.062158,1,37588.0045091045,-2973.78038436786,88.4423022702311,45.7787963057213,30.3226991087334,-6304.01789810557
6577,10,2021,2.998898,36.062158,1,37583.9646568442,-2974.80833457801,88.4423461462116,45.7787963057213,30.3226991087334,-6301.69084741016
6578,10,2021,3.495904,36.040405,1,24750.6720858518,-3880.66839435383,410.685104131699,56.342882348381,29.7883849766701,-1747.0899979233
6579,10,2021,3.085175,36.090699,1,37184.5773832223,-2664.75717873764,71.9384679794312,46.6743669227925,30.0379198832055,-7688.08801623226
6581,9,2021,2.998898,36.062158,1,37589.5341849348,-2974.90538144836,88.4423010514542,45.7787963057213,30.3226991087334,-6305.13532998238
6582,9,2021,3.123311,36.063517,1,34559.9212593712,-859.758558126388,77.1368195936084,46.6743669227925,30.0379198832055,-5662.83632006675
6583,9,2021,3.123311,36.063517,1,34553.2033401624,-855.510765236354,77.1368195936084,46.6743669227925,30.0379198832055,-5658.25401625888
6584,6,2021,2.998898,36.062158,1,37591.2893619642,-2977.77281931106,88.4423156519034,45.7787963057213,30.3226991087334,-6306.66518313437
6585,7,2021,3.085175,36.090699,1,37153.6084084201,-2653.80994447773,71.9384679794312,46.6743669227925,30.0379198832055,-7670.79611338906
6586,9,2021,3.085175,36.090699,1,37194.7508659319,-2666.34817993594,71.9384679794311,46.6743669227925,30.0379198832055,-7691.19917497505
6587,5,2021,3.526905,35.857986,1,35497.218222481,-3335.40227631214,178.632711529732,47.5986524020151,30.2645147123293,-5512.88883999621
6588,9,2021,3.526905,35.857986,1,35504.3823894629,-3337.23068197137,178.632711529732,47.5986524020151,30.2645147123293,-5516.02228058913
6589,6,2021,2.870214,34.950663,1,28604.4845346589,-1993.84592503673,270.462549520963,50.3039233537998,25.5845508802836,-4281.39234300935
6590,9,2021,3.916191,35.836858,1,31429.1142876064,-3310.71839256504,226.472959041595,47.2570075554322,30.0691484790959,-3961.47145652618
6591,8,2021,2.563048,35.258796,1,37700.6711993748,-2583.29674538481,152.578865110874,43.6495163184999,28.9429792796096,-8451.81437585166
6592,6,2021,3.526905,35.857986,1,35495.7821497964,-3335.45731057738,178.632711529732,47.5986524020151,30.2645147123293,-5512.26764501779
6593,12,2021,2.757978,36.721852,1,28010.3292542761,-3346.89282795382,151.151762008667,46.9212865394979,30.0898908449635,-2393.89519797711
6594,10,2021,4.138652,35.913845,1,29589.5981964253,-3495.99993645625,330.610576272011,52.2216105831859,30.0751826543242,-3257.95349199999
6595,9,2021,2.144745,36.134171,1,31836.6007152668,-2904.21103245936,89.4836708121308,40.5647149735634,30.457288665922,-4361.40170648363
6598,5,2021,4.138652,35.913845,1,29591.2536085559,-3492.97532507636,330.610576272011,52.2216105831859,30.0751826543242,-3258.21823685012
6599,4,2021,2.998898,36.062158,1,37592.5579743016,-2982.15713864378,88.4423496219793,45.7787963057213,30.3226991087335,-6308.13647085253
6600,8,2021,3.189715,35.718846,1,40224.4382717637,-3241.77295969621,121.837653279304,43.4094196488938,29.8432715794812,-8503.45748156747
6601,8,2021,3.709066,34.862484,1,31527.6043010592,-1723.55898715437,153.657741963863,43.8888381993162,28.6773545025691,-4430.7904938626
6602,1,2021,3.526905,35.857986,1,35502.2729529143,-3336.21208488909,178.632711529732,47.5986524020151,30.2645147123293,-5515.09237227724
6603,8,2021,3.121573,35.554842,1,37852.8627685074,-2988.2801231772,102.07683108747,42.9012616524948,29.8443181512563,-6865.9397107068
6604,5,2021,4.0338522,35.751607,1,27672.3814024882,-2961.57546465503,200.088188776068,46.3076530058885,29.3201789650315,-2883.31288591116
6605,9,2021,2.3729,35.6422,1,38738.9922154307,-3584.0959035653,123.246719703078,42.0761282700425,27.9814652064076,-7081.11907580113
6606,6,2021,3.196633,35.9588777,1,40164.4765615621,-3545.85801158799,97.9778738454349,45.6244255425061,30.0454728583767,-8450.12301832783
6607,2,2021,2.97263,35.554842,1,40087.8106669483,-3740.15027022172,95.8704078197479,42.9461889429618,29.6904027599178,-7491.40347336173
6609,12,2021,2.841198,35.040193,1,32696.5034800502,-3004.79265717453,220.534314990044,47.8964260111024,27.3749521142272,-6255.47794784774
6610,3,2021,2.91825,35.404212,1,33762.709632884,-1708.08973536478,114.449477724057,42.3058491099237,29.2263514078916,-5569.49367818193
6611,6,2021,3.526905,35.857986,1,35505.6566603424,-3337.57598606067,178.632711529732,47.5986524020151,30.2645147123293,-5516.57960488827
6612,1,2021,4.138652,35.913845,1,29589.6302475852,-3492.20926598171,330.610576272011,52.2216105831859,30.0751826543242,-3256.00318078444
6613,2,2021,4.2758,35.746148,1,27172.6803999682,-2566.80145486703,306.936787843704,45.1140427614205,28.6840394965046,-2602.31440696245
6614,2,2021,2.998898,36.062158,1,37593.3003995324,-2980.80054273654,88.4423297428284,45.7787963057213,30.3226991087334,-6308.37881828748
6615,1,2021,3.526905,35.857986,1,35496.0744973799,-3334.52206463306,178.632711529732,47.5986524020151,30.2645147123293,-5512.37871370003
6616,6,2021,3.526905,35.857986,1,35495.7161000961,-3333.10120364561,178.632711529732,47.5986524020151,30.2645147123293,-5512.20261382491
6617,7,2021,4.517828,35.420658,1,29723.7381950877,-3229.66009957785,239.33641564846,43.397806762756,29.6612996367015,-3578.38762351996
6618,8,2021,2.998898,36.062158,1,37584.4832447155,-2975.38216694325,88.4423476806304,45.7787963057213,30.3226991087335,-6302.10019847784
6619,5,2021,3.115517,35.604079,1,33908.6282444227,-2223.55477462355,123.111328422332,42.9012616524948,29.8443181512563,-5255.12836463583
6620,6,2021,2.91825,35.404212,1,33760.4676511272,-1705.24578711834,114.352356379374,42.3058491099237,29.2263514078916,-5567.09661021648
6621,9,2021,2.144745,36.134171,1,31835.9901831163,-2898.86707751852,89.4678889124211,40.5637180737255,30.4577369396991,-4361.41848706013
6623,4,2021,3.101127,35.601344,1,37918.8017183495,-2942.76984412939,113.205785281721,42.9012616524948,29.8443181512563,-7290.22924551992
6842,12,2021,2.106037,35.893414,1,35142.3532542944,-2849.35100926272,99.7355451894356,42.8849039912204,28.9840773996153,-6549.98004877649
6858,2,2021,2.133727,35.495993,1,36698.3706789885,-2168.39895034498,198.751336097717,46.6722445384168,27.9813954200919,-7690.72032267917
6859,8,2021,2.890109,35.267034,1,35034.7400000993,-2882.53968826604,105.538185536861,42.7294206158828,28.7776806922809,-6607.68459361963
6965,8,2021,2.91825,35.404212,1,33763.5411779397,-1708.49042281091,114.390926731855,42.3058491099237,29.2263514078916,-5569.75402015801
7050,3,2021,2.056447,35.430011,1,33813.6376678073,-1350.51419785346,261.19732606411,48.1940630357256,27.8068899442072,-7096.21391131206
7060,12,2021,2.094923,36.159971,1,35679.6869514681,-2529.27550913358,85.1453737169504,39.5155777291909,30.241200063,-6395.19310781138
7061,8,2021,2.094923,36.159971,1,35680.1979701277,-2526.06425283274,85.1453737169504,39.5155777291909,30.241200063,-6391.88157081
7062,7,2021,2.094923,36.159971,1,35675.5827147866,-2524.40516302933,85.1453737169504,39.5155777291909,30.241200063,-6388.37727847801
7072,3,2021,2.076213,35.45491,1,34245.5285559763,-1896.53041480508,242.954261064529,46.6722445384168,27.9813954200919,-6877.7961891086
7073,12,2021,2.076213,35.45491,1,34245.4901116239,-1895.01065240671,242.954261064529,46.6722445384168,27.9813954200919,-6876.63605640029
7088,2,2021,2.383763,35.647819,1,39206.592875098,-3069.08793213079,123.246719703078,42.0761282700425,27.9814652064076,-7231.67221245637
7089,6,2021,2.383763,35.647819,1,39204.7636730064,-3069.97846464367,123.246719703078,42.0761282700425,27.9814652064076,-7230.67292596887
7090,8,2021,2.383763,35.647819,1,39201.974724728,-3071.85755117614,123.246719703078,42.0761282700425,27.9814652064076,-7230.41446446813
7091,9,2021,2.383763,35.647819,1,39206.3925591973,-3068.8510029155,123.246719703078,42.0761282700425,27.9814652064076,-7230.74963379556
7092,12,2021,2.383763,35.647819,1,39206.2827920128,-3069.08716825523,123.246719703078,42.0761282700425,27.9814652064076,-7231.1323030863
26376,2,2021,3.739169,34.812856,1,32532.4878540397,-2785.94934652728,150.388615623116,43.9542409141554,28.7306821727318,-4892.32937965526
26377,3,2021,3.739169,34.812856,1,32532.2669525301,-2788.8326950994,150.388615623116,43.9542409141554,28.7306821727317,-4891.1535298533
26378,9,2021,3.739169,34.812856,1,32529.1869866394,-2787.42919982482,150.388615623116,43.9542409141554,28.7306821727317,-4892.50763136333
26379,8,2021,3.739169,34.812856,1,32534.0218264058,-2786.89745744211,150.388615623116,43.9542409141554,28.7306821727317,-4891.56513023475
26380,8,2021,3.739169,34.812856,1,32529.5184661129,-2787.54349246468,150.388615623116,43.9542409141554,28.7306821727318,-4892.37636869077
26381,5,2021,3.739169,34.812856,1,32530.7020184852,-2787.99637186749,150.388615623116,43.9542409141554,28.7306821727317,-4891.89116084867
26382,8,2021,3.739169,34.812856,1,32534.6122509481,-2786.95381561553,150.388615623116,43.9542409141554,28.7306821727318,-4891.40345477046
26383,5,2021,3.739169,34.812856,1,32530.5176128432,-2787.36757774879,150.388615623116,43.9542409141554,28.7306821727317,-4892.20477608009
26384,6,2021,3.739169,34.812856,1,32531.723564622,-2787.82275873009,150.388615623116,43.9542409141554,28.7306821727317,-4891.71722980134
26386,11,2021,3.739169,34.812856,1,32533.6551137593,-2785.6764550915,150.388615623116,43.9542409141554,28.7306821727317,-4892.1677509767
26388,4,2021,3.739169,34.812856,1,32530.9855330776,-2784.02158412186,150.388615623116,43.9542409141554,28.7306821727317,-4893.50008352552
26440,10,2021,3.115511,35.604176,1,33919.026202635,-2225.4674498411,123.195983535142,42.9012616524948,29.8443181512563,-5258.82554320261
26442,1,2021,4.269531,34.641403,1,30757.8731733488,-1949.16950755193,214.968259751797,42.3856622368519,30.3655423325491,-5129.49642392187
26443,3,2021,4.269531,34.641403,1,30759.3692434464,-1952.79700727095,214.968259751797,42.3856622368519,30.3655423325491,-5130.82605828372
26444,3,2021,4.269531,34.641403,1,30756.6521954542,-1954.64648779603,214.968259751797,42.3856622368519,30.3655423325491,-5130.62997986286
26445,6,2021,4.269531,34.641403,1,30766.3863488831,-1945.28058801151,214.968259751797,42.3856622368519,30.3655423325491,-5130.61333320756
26446,4,2021,4.269531,34.641403,1,30767.1805988879,-1947.52061418357,214.968259751797,42.3856622368519,30.3655423325491,-5131.40153778085
26447,5,2021,4.269531,34.641403,1,30765.666158888,-1945.34779121053,214.968259751797,42.3856622368519,30.3655423325491,-5130.45000573287
26448,3,2021,3.411912,34.774079,1,30112.3610436159,-2155.13219196411,235.741508483887,47.1639947639881,27.3503360504429,-4195.88097051793
26449,5,2021,3.411912,34.774079,1,30118.5057922677,-2148.59571323221,235.741508483887,47.1639947639881,27.3503360504429,-4199.77664990893
26450,1,2021,3.798133,34.840341,1,31040.3875485737,-280.035410041911,152.199542938155,43.3346076821676,29.3783397604886,-3982.7078205048
26451,2,2021,3.115511,35.604176,1,33920.108695714,-2223.29967061182,123.126499470254,42.9012616524948,29.8443181512563,-5258.08183375631
26452,7,2021,3.798133,34.840341,1,31039.9754818329,-279.450408955796,152.144737210419,43.3346076821676,29.3783397604886,-3980.93972829719
26453,1,2021,4.269531,34.641403,1,30763.2415334703,-1947.72520342407,214.968259751797,42.3856622368519,30.3655423325491,-5130.4655419354
26454,5,2021,4.269531,34.641403,1,30761.2415786447,-1943.27343198879,214.968259751797,42.3856622368519,30.3655423325491,-5128.79289036007
26455,4,2021,4.269531,34.641403,1,30754.2085930737,-1941.57841979258,214.968259751797,42.3856622368519,30.3655423325491,-5126.57967292722
26456,3,2021,3.411912,34.774079,1,30117.529564667,-2148.85125851664,235.741508483887,47.1639947639881,27.3503360504429,-4198.95122801696
26457,8,2021,4.269531,34.641403,1,30766.34150787,-1944.50974035016,214.968259751797,42.3856622368519,30.3655423325491,-5130.39951237234
26458,9,2021,4.269531,34.641403,1,30760.1176412738,-1947.21100689307,214.968259751797,42.3856622368519,30.3655423325491,-5129.54545089598
26459,10,2021,4.269531,34.641403,1,30767.1432277431,-1941.84207798535,214.968259751797,42.3856622368519,30.3655423325491,-5129.90010468784
26460,8,2021,4.269531,34.641403,1,30758.1545743655,-1952.42458925124,214.968259751797,42.3856622368519,30.3655423325491,-5130.42302193711
26461,7,2021,4.269531,34.641403,1,30765.9433268989,-1945.3841113183,214.968259751797,42.3856622368519,30.3655423325491,-5130.52920303117
26462,9,2021,3.115511,35.604176,1,33917.344374112,-2227.93066386955,123.275168198158,42.9012616524948,29.8443181512563,-5259.54481519124
26463,12,2021,4.269531,34.641403,1,30769.4891932527,-1954.87635053304,214.968259751797,42.3856622368519,30.3655423325491,-5133.91455300307
26464,6,2021,4.269531,34.641403,1,30761.5790370462,-1947.63598386052,214.968259751797,42.3856622368519,30.3655423325491,-5130.02436450774
26465,10,2021,3.709066,34.862484,1,31526.0939413547,-1724.98819665761,153.657741963863,43.8888381993162,28.6773545025691,-4430.65356419013
26466,11,2021,4.269531,34.641403,1,30769.8326876265,-1955.03169062338,214.968259751797,42.3856622368519,30.3655423325491,-5134.04165175434
26473,11,2021,3.115511,35.604176,1,33923.9913609981,-2226.77438351155,123.24889495765,42.9012616524948,29.8443181512563,-5260.78087009498
26485,11,2021,3.115511,35.604176,1,33928.6139786745,-2227.97495274491,123.297264496126,42.9012616524948,29.8443181512563,-5262.59503981057
26507,12,2021,3.115511,35.604176,1,33926.9529641694,-2226.544333008,123.246805110314,42.9012616524948,29.8443181512563,-5261.46680607468
26518,6,2021,3.115511,35.604176,1,33921.0022477205,-2229.2152375765,123.325108313948,42.9012616524948,29.8443181512563,-5261.13743601577
26550,1,2021,4.20468,34.35986,1,31526.2824287578,-631.122490735237,322.670135720958,43.9753761851356,28.4848874113875,-4335.07908726038
26552,5,2021,4.20468,34.35986,1,31526.4513251693,-631.691491018087,322.65860325038,43.9753761851356,28.4848874113875,-4335.32805963767
26553,2,2021,4.20468,34.35986,1,31526.1707509336,-633.264940831931,322.63437285488,43.9753761851356,28.4848874113875,-4335.69174703839
26554,5,2021,4.20468,34.35986,1,31525.5654453816,-630.643330307862,322.685749083936,43.9753761851356,28.4848874113875,-4334.61906700018
26555,6,2021,4.20468,34.35986,1,31523.3043574134,-630.988666045947,322.703045309806,43.9753761851356,28.4848874113875,-4333.7392912013
26556,6,2021,4.20468,34.35986,1,31523.062591931,-630.237717673985,322.718457849124,43.9753761851356,28.4848874113875,-4333.40255835805
26557,2,2021,4.20468,34.35986,1,31530.6332799232,-635.129778241397,322.556426676879,43.9753761851356,28.4848874113875,-4338.21102303427
26558,5,2021,4.20468,34.35986,1,31524.7218337715,-632.266376345884,322.666467289896,43.9753761851356,28.4848874113875,-4334.75168472673
26559,10,2021,4.20468,34.35986,1,31529.7723564433,-634.447815202276,322.577017698706,43.9753761851356,28.4848874113875,-4337.62540287222
26560,10,2021,4.20468,34.35986,1,31536.3508012438,-637.804145218427,322.451723407729,43.9753761851356,28.4848874113875,-4341.52288420154
26561,9,2021,4.20468,34.35986,1,31524.4131256247,-631.203477654359,322.687947432149,43.9753761851356,28.4848874113875,-4334.28919018549
26563,6,2021,4.20468,34.35986,1,31531.1671264579,-635.587862760953,322.54305029108,43.9753761851356,28.4848874113875,-4338.58510972368
26593,3,2021,2.998898,36.062158,1,37586.2582091186,-2974.72812483731,88.4423263425265,45.7787963057213,30.3226991087335,-6303.09119373603
26596,7,2021,2.998898,36.062158,1,37588.2642584965,-2975.79813193379,88.4423206143146,45.7787963057213,30.3226991087334,-6304.49385724796
26597,8,2021,2.998898,36.062158,1,37589.791738236,-2975.46989644983,88.442304654658,45.7787963057213,30.3226991087335,-6305.38229175132
26598,12,2021,2.998898,36.062158,1,37590.8053048582,-2980.78300713091,88.4423501788868,45.7787963057213,30.3226991087334,-6306.841416015
26620,4,2021,1.984274,36.105646,1,33984.6569933957,-1437.05183887663,107.501297321027,41.281272989533,30.1988587209623,-4723.14784801157
26632,6,2021,2.998898,36.062158,1,37599.4222661447,-2986.36671955156,88.4423355928372,45.7787963057213,30.3226991087334,-6313.02177118197
26633,2,2021,2.998898,36.062158,1,37601.2023492487,-2985.13302984001,88.4423084484681,45.7787963057213,30.3226991087335,-6313.91830445849
26634,11,2021,2.998898,36.062158,1,37593.5491991679,-2981.45403994953,88.4423343108969,45.7787963057213,30.3226991087334,-6308.63495308508
26635,12,2021,2.998898,36.062158,1,37593.727194984,-2981.46586571204,88.442332961012,45.7787963057213,30.3226991087334,-6308.7462525298
26636,6,2021,2.998898,36.062158,1,37596.5680560064,-2984.66264787246,88.4423418881491,45.7787963057213,30.3226991087334,-6310.99814591101
26661,3,2021,1.984274,36.105648,1,33983.7191668458,-1450.77964135983,107.502194987995,41.281272989533,30.1988587209623,-4725.04480420221
26662,3,2021,1.984274,36.105648,1,33985.1662175392,-1445.03119126048,107.501162811158,41.281272989533,30.1988587209623,-4724.43907343489
26663,6,2021,2.094923,36.159971,1,35675.605911919,-2523.58058902567,85.1453737169504,39.5155777291909,30.241200063,-6387.48488103875
26665,10,2021,2.094923,36.159971,1,35679.9742549074,-2523.98089998297,85.1453737169504,39.5155777291909,30.241200063,-6389.51610620046
26666,6,2021,2.094923,36.159971,1,35680.9130553216,-2525.20406609067,85.1453737169504,39.5155777291909,30.241200063,-6391.20296199107
26667,11,2021,2.094923,36.159971,1,35679.4107145545,-2523.262012055,85.1453737169504,39.5155777291909,30.241200063,-6388.52052191443
4,2,2022,2.87462,40.594599,1,37392.1752506454,-1674.21562122119,260.627042173408,49.6161641083344,27.3642201828631,-9576.99960956099
5,2,2022,2.87462,40.594599,1,37405.0564261087,-1675.90982444897,260.627042173408,49.6161641083343,27.3642201828631,-9576.37717813396
7,7,2022,-0.994936,38.473758,1,35137.3643406229,0.82482603133117,485.91177129502,58.3972987173477,25.7068232793242,-7025.48258177994
16,4,2022,2.442898,40.647455,1,37479.7748013971,-1669.49068727835,243.648339485523,51.6631272678154,27.8743445315848,-9179.88302378675
61,2,2022,3.384413,40.225019,1,34318.5553975424,-1169.58818202499,288.830577393412,50.0111122642812,26.4504359362877,-7307.90479569848
149,12,2022,3.00315,34.950662,1,27962.7579202806,-1838.54773592801,379.766686241638,49.9588470610634,23.8917197073704,-3846.89088204349
231,1,2022,-0.572033,38.138473,1,32549.6194315376,38.4217709304089,734.506404964253,59.3135357452726,23.0233954111735,-6223.91989801749
232,1,2022,-0.620734,38.471123,1,33867.1372793938,200.457291019648,488.741277456284,57.9417908412627,25.3355148193499,-6560.85413856874
233,12,2022,-1.315489,38.521848,1,33364.1396006268,570.42116794546,535.592431540252,59.0045510614526,25.3923632425805,-5903.6222180712
244,8,2022,-1.040509,38.449367,1,35636.0741834428,-76.9462461465935,476.744029110803,58.3857576549117,25.4520083550332,-7554.0752491141
253,4,2022,-0.279872,38.211053,1,33123.6379083867,-924.026279786796,501.851265708916,57.0439913837576,25.7384371491872,-7283.68999687034
254,3,2022,-0.85717,38.613665,1,32114.5697549408,-402.623290620647,428.312342565471,58.3656924183721,25.7119016511101,-6488.909476781
256,2,2022,-1.103676,38.358804,1,33320.6357514513,246.863121478899,564.02803170681,58.4701622811546,25.0723751486165,-6345.37755252156
268,4,2022,-0.802647,38.312985,1,35126.2686728311,-141.923377178626,430.75171826484,59.4609808387283,24.6115455610023,-6804.59128156663
269,5,2022,-0.85717,38.613665,1,32114.9658248009,-403.375315036941,428.358912013818,58.3667525319855,25.7127217981356,-6489.33584320159
270,6,2022,-0.879944,38.39279,1,35019.5641379156,403.007417445659,442.654527962208,58.4583991482174,24.875153446633,-6559.00304421214
271,6,2022,-0.85717,38.613665,1,32120.6665068183,-398.759929834546,428.241424587341,58.3640780313283,25.7106526956063,-6489.08964960975
272,7,2022,-0.967647,38.523981,1,33773.3714269317,-200.213930064505,526.707793772221,58.3972987173477,25.7068232793242,-6428.30613033165
273,6,2022,-0.501401,38.442778,1,32849.7450093488,-429.491224566213,550.687131603606,57.9562934504891,25.1017808278402,-6696.54315340742
274,7,2022,-1.147413,38.640735,1,31223.2724532583,13.4793690684893,459.960045181573,58.5252294977892,25.9546067297255,-5239.06109917361
275,8,2022,-0.967647,38.523981,1,33772.9511276363,-199.830433869686,526.707793772221,58.3972987173477,25.7068232793242,-6428.10653348292
285,10,2022,-0.802647,38.312985,1,35127.5632535616,-143.605855520775,430.440544559576,59.4609808387283,24.6115455610023,-6806.34312618089
289,4,2022,-0.501401,38.442778,1,32852.9399096358,-429.35422523354,550.678705364428,57.9562934504891,25.1017808278402,-6697.9828496832
291,7,2022,-0.994936,38.473758,1,35141.8133583085,3.31493351190349,485.928493434682,58.3972987173477,25.7068232793242,-7024.21317742756
295,1,2022,-0.85717,38.613665,1,32115.789858785,-402.518121006507,428.332628433182,58.3661542087794,25.7122589109586,-6489.22177611209
325,12,2022,2.274222,35.431648,1,35762.1574730061,-1666.66750615321,232.724190781853,43.8852048676446,28.5558333392557,-6961.17786446367
326,11,2022,2.367952,35.426139,1,36061.5180283114,-1853.18291459006,202.548754454649,42.276256912433,28.767292564427,-6993.43857795278
327,11,2022,2.133727,35.495993,1,37392.3642031438,-2483.5270994238,207.93417381372,44.7800362902072,28.0774452470753,-7964.56614617904
328,7,2022,2.274397,35.425993,1,32623.7303762181,-89.5869933026669,232.724190781853,43.8852048676446,28.5558333392557,-4905.33281263348
329,7,2022,2.274397,35.425993,1,32623.489577102,-93.6317332938065,232.724190781853,43.8852048676446,28.5558333392557,-4906.7849534151
330,7,2022,2.133727,35.495993,1,37394.0748134291,-2483.42022410173,207.93417381372,44.7800362902072,28.0774452470753,-7965.67574065478
331,7,2022,2.274397,35.425993,1,32629.8468280567,-93.1586583726292,232.724190781853,43.8852048676446,28.5558333392557,-4909.53812469196
332,6,2022,2.133727,35.495993,1,37384.9736882523,-2483.99954052581,207.93417381372,44.7800362902072,28.0774452470753,-7959.7649812277
334,6,2022,2.133727,35.495993,1,37385.2838470612,-2481.65176636886,207.93417381372,44.7800362902072,28.0774452470753,-7960.92811794916
335,3,2022,2.133727,35.495993,1,37379.0957516013,-2480.40092709882,207.93417381372,44.7800362902072,28.0774452470753,-7957.58845950284
336,3,2022,2.274397,35.425993,1,32663.8985142502,-107.53731954883,232.724190781853,43.8852048676446,28.5558333392557,-4930.81351560087
337,3,2022,2.274397,35.425993,1,32664.1387556325,-114.709908515155,232.724190781853,43.8852048676446,28.5558333392557,-4933.71580809133
338,2,2022,2.3729,35.6422,1,38776.9332060464,-3753.12253848973,140.754585623741,40.8477087366033,27.9986491390559,-7118.42948189019
339,2,2022,2.274269,35.43162,1,35722.036266526,-1649.02609249421,232.724190781853,43.8852048676446,28.5558333392557,-6936.7289998954
340,2,2022,2.133727,35.495993,1,37391.4785314767,-2482.75777254827,207.93417381372,44.7800362902072,28.0774452470753,-7964.33139576214
341,1,2022,2.115287,35.543897,1,36731.8819107523,-2150.59092419728,206.911707906878,44.5577718885076,27.7886236021332,-8241.09920787317
342,1,2022,2.274397,35.425993,1,32656.0562831646,-110.451106076325,232.724190781853,43.8852048676446,28.5558333392557,-4928.33448001556
343,1,2022,2.02592,35.528844,1,37463.7781285452,-2449.36896010671,295.030980467796,45.2226825845202,28.45622641681,-8449.8731263872
345,1,2022,2.274397,35.425993,1,32666.3198067759,-114.83696017436,232.724190781853,43.8852048676446,28.5558333392557,-4934.77024470557
346,1,2022,2.274397,35.425993,1,32657.0552684354,-107.285466879412,232.724190781853,43.8852048676446,28.5558333392557,-4927.56474953556
347,1,2022,2.367952,35.426139,1,36048.6829939916,-1843.22481375053,202.548754454649,42.276256912433,28.767292564427,-6984.73582292596
348,1,2022,2.367952,35.426139,1,36057.4098262447,-1849.49827278911,202.548754454649,42.276256912433,28.767292564427,-6990.55593246053
349,1,2022,2.27427,35.431647,1,35740.306018854,-1659.75976499145,232.724190781853,43.8852048676446,28.5558333392557,-6949.77357730918
392,6,2022,2.1376,35.4976,1,37160.4601414713,-2286.38953140663,207.319204132442,44.7800362902072,28.0774452470753,-7939.07269108967
393,1,2022,2.274397,35.425993,1,32653.4997755092,-102.094984995499,232.724190781853,43.8852048676446,28.5558333392557,-4923.90905718795
394,2,2022,2.115287,35.543897,1,36726.530901714,-2150.17478962065,206.929881300248,44.5571778307368,27.7878516533136,-8238.53024516319
405,9,2022,-1.315489,38.521848,1,33359.6612614289,570.194466145033,535.592431540252,59.0045510614526,25.3923632425805,-5904.1352870445
406,7,2022,-1.036326,38.695003,1,29176.7678135692,-843.901985991469,420.980032949339,58.3971265031481,26.0911621598893,-5767.99071999528
407,7,2022,-0.651697,38.348507,1,34168.3332591659,314.127731526158,537.001579262353,59.756811920919,24.531666416466,-6397.84296583902
457,4,2022,-0.520005,38.442735,1,34332.0448184366,-546.244039121135,545.447590112686,57.9562934504891,25.1017808278402,-7778.18628858974
483,5,2022,-0.644254,38.4128,1,34881.7847106547,226.782109737955,472.272626158154,58.7501372491509,24.8846755495242,-6154.9659349439
484,6,2022,-0.501401,38.442778,1,32851.1439081787,-429.362328899628,550.68477641252,57.9562934504891,25.1017808278402,-6697.10750685056
518,7,2022,3.122434,35.601158,1,33924.7535949996,-2582.98747455347,128.691008358642,42.3106910670208,29.7587057261707,-5212.27893776085
535,9,2022,-0.519739,38.583808,1,33888.6694085325,-500.756252988056,487.457436561584,57.1579759313846,25.8540275904686,-6801.854536436
541,12,2022,-0.292375,38.521822,1,33749.780992503,-157.330811271951,631.997357229364,55.2167131903491,26.2252435222609,-6291.85974485004
543,11,2022,-0.211023,38.338365,1,36264.1088720363,-1031.52848644036,564.300612449646,54.5522671584646,26.4350245314646,-7483.93190442948
544,11,2022,-0.519739,38.583808,1,33893.0383422672,-501.73196010901,487.457436561584,57.1579759313846,25.8540275904686,-6804.11477172383
545,9,2022,-0.501401,38.442778,1,32851.9869387802,-430.790067511582,550.654319235534,57.9562934504891,25.1017808278402,-6698.87444677521
546,8,2022,-1.315489,38.521848,1,33361.1626678565,570.38870347553,535.592431540252,59.0045510614526,25.3923632425805,-5905.18482362741
547,8,2022,-0.279872,38.211053,1,33131.9729843733,-925.81172548403,501.851265708916,57.0439913837576,25.7384371491872,-7285.80481889752
548,8,2022,-0.520005,38.442735,1,34333.7654153864,-545.821135749249,545.447590112686,57.9562934504891,25.1017808278402,-7778.98285573198
549,8,2022,-0.644254,38.4128,1,34883.9782559672,225.579854984973,472.247922263155,58.7498450207025,24.8847813931574,-6155.60730385733
550,8,2022,-0.638477,38.465509,1,34044.7711549731,327.622327969908,488.741277456284,57.9417908412626,25.3355148193499,-6199.03198326246
551,7,2022,-0.644254,38.4128,1,34880.5452571264,227.532566632656,472.308440012723,58.7505609000428,24.8845221053614,-6154.66765702859
552,7,2022,-0.644254,38.4128,1,34879.9384318672,228.149499700739,472.403660524088,58.7516872868855,24.8841141338704,-6154.74864788082
553,7,2022,-0.644254,38.4128,1,34884.1892464896,225.724607387105,472.327930948878,58.7507914631192,24.8844385966071,-6155.9085887685
554,7,2022,-0.523133,38.290539,1,33687.0565936992,-545.501977184385,634.182703422382,58.5407141847307,24.730049413742,-7467.7503121647
555,6,2022,-0.519739,38.583808,1,33890.7589617215,-501.200886371365,487.457436561584,57.1579759313846,25.8540275904686,-6802.78798867184
556,5,2022,-0.494594,38.138855,1,33387.4574613993,-344.749250641735,662.171153582632,57.9452050047612,24.1071844736735,-6900.13602074521
557,6,2022,-0.644254,38.4128,1,34882.8279108926,226.089211592464,472.223087101361,58.7495512394669,24.8848877992021,-6155.160586554
558,6,2022,-0.638477,38.465509,1,34044.3356812343,326.805479013409,488.741277456284,57.9417908412627,25.3355148193499,-6198.08871448465
561,6,2022,-0.638477,38.465509,1,34045.2711481153,326.794119799315,488.741277456284,57.9417908412626,25.3355148193499,-6198.76721629531
563,4,2022,-0.519739,38.583808,1,33878.8691424332,-498.982070204279,487.457436561585,57.1579759313846,25.8540275904686,-6799.67653120832
564,6,2022,-0.501401,38.442778,1,32851.6009112342,-430.615922224302,550.659012537677,57.9562934504891,25.1017808278402,-6698.52019350136
565,6,2022,-0.648565,38.40593,1,34794.9660209051,61.461168088796,495.184603415327,59.0161773499031,24.7883172004513,-6193.16176719217
566,6,2022,-0.520005,38.442735,1,34328.6206381966,-546.968205979711,545.447590112686,57.9562934504891,25.1017808278402,-7776.5004432439
567,5,2022,-0.648565,38.40593,1,34798.0236724071,61.9412898992592,495.414021279609,59.0187999485455,24.7873673087818,-6194.22073895992
568,4,2022,-1.315489,38.521848,1,33363.3551281503,570.461513069794,535.592431540252,59.0045510614526,25.3923632425805,-5904.51797127191
569,5,2022,-0.399032,38.366116,1,35473.7337192656,-151.73058483847,518.283166766167,57.2514354137967,25.1688526118727,-7422.23611244718
570,4,2022,0.006677,37.990075,1,29903.2108629787,424.231484416315,787.87794065848,57.3198663782029,24.8692639721039,-4329.2824690039
571,5,2022,-0.501401,38.442778,1,32851.684365089,-429.439194019234,550.681418506102,57.9562934504891,25.1017808278402,-6697.44626478821
572,4,2022,-0.13214,38.295398,1,34235.426725934,-1047.2225149822,648.616159027853,53.3680088710202,27.1818975248294,-7139.60556746959
573,5,2022,-0.13214,38.295398,1,34227.4236212283,-1046.08463798324,648.616159027853,53.3680088710202,27.1818975248294,-7137.90567578101
575,9,2022,-0.155855,37.979128,1,31449.4499137844,407.734798024306,727.515063234106,54.7074576180809,25.4556484261955,-5257.40136273906
576,4,2022,-0.279872,38.211053,1,33137.4199444291,-927.461192286218,501.851265708916,57.0439913837576,25.7384371491872,-7288.13947945445
577,4,2022,-0.091571,38.311664,1,33980.097748483,-1249.69029788458,657.382233381271,53.3680088710202,27.1818975248294,-7094.75437449025
579,3,2022,-0.399032,38.366116,1,35483.2683555889,-152.370059724744,518.283166766167,57.2514354137967,25.1688526118728,-7420.27798465491
580,8,2022,-0.073296,38.211762,1,34768.4576061606,-1681.21607492813,569.673869294114,53.1626762305984,26.8764245385993,-7909.80079040795
581,5,2022,-0.644254,38.4128,1,34884.5513315246,225.084288489888,472.184308236227,58.7490925147359,24.8850539469281,-6155.60840879008
582,4,2022,-0.4558,38.465963,1,32440.6955805507,-345.175729744902,536.442364096642,57.3096047753614,25.5741338529543,-6403.69265552539
583,3,2022,-0.457575,38.253829,1,34532.1973402553,-556.600333291023,567.137973276894,58.572222797494,24.6902945942645,-7849.55446356915
585,3,2022,-0.279872,38.211053,1,33129.1506994659,-925.960367653102,501.851265708916,57.0439913837576,25.7384371491872,-7286.58731817595
587,3,2022,-0.644254,38.4128,1,34880.1885246672,228.284952463361,472.486904790872,58.7526720037862,24.8837574744999,-6155.07219792307
588,1,2022,-0.644254,38.4128,1,34880.3724746485,227.479623086385,472.26456946605,58.7500419445589,24.8847100683547,-6154.48311195394
589,2,2022,-0.648565,38.40593,1,34803.3607692817,63.0507026696677,495.008834052056,59.0143642791522,24.7889738853037,-6194.63199149286
590,2,2022,-0.073296,38.211762,1,34770.7504693264,-1680.31925607758,569.673869294114,53.1626762305984,26.8764245385993,-7909.95616856327
591,3,2022,-0.457575,38.253829,1,34526.4576827366,-557.814242046632,567.336971111481,58.5711120447479,24.6916960452021,-7847.36043704776
592,3,2022,-0.155855,37.979128,1,31436.1442559392,408.173382478835,727.243213157904,54.7054263033635,25.4562191071441,-5245.79895232402
593,7,2022,-0.052728,38.074358,1,33887.3364543381,-445.52186133282,723.814177452423,54.2288236064285,26.1867626989352,-6742.95790151988
594,3,2022,-0.091571,38.311664,1,33974.0145901875,-1247.45997704903,657.382233381271,53.3680088710202,27.1818975248294,-7093.71026953812
595,3,2022,-0.091571,38.311664,1,33973.9532481529,-1247.09573235751,657.382233381271,53.3680088710202,27.1818975248294,-7094.16228698397
596,3,2022,-0.279872,38.211053,1,33131.9915329113,-925.59417156763,501.851265708916,57.0439913837576,25.7384371491872,-7285.37116208377
597,3,2022,-0.648565,38.40593,1,34792.6700850468,60.929192826687,495.478968776526,59.0194230648934,24.7871416192621,-6193.20389227422
598,2,2022,-0.519739,38.583808,1,33878.703843452,-498.900787815798,487.457436561584,57.1579759313846,25.8540275904686,-6799.25959362349
599,2,2022,-0.399032,38.366116,1,35489.5601403635,-152.699397441077,518.283166766167,57.2514354137967,25.1688526118728,-7419.2055960443
600,3,2022,-0.279872,38.211053,1,33123.2456440023,-923.974004495549,501.851265708916,57.0439913837576,25.7384371491872,-7283.6532989623
601,3,2022,-0.399032,38.366116,1,35476.6959607699,-154.665339460938,518.283166766167,57.2514354137967,25.1688526118728,-7415.42395516945
602,2,2022,-0.584581,38.306808,1,33549.1124080245,-102.507025391802,549.132805134312,59.500393485146,24.4968086085908,-7247.96166462604
603,2,2022,-0.648565,38.40593,1,34795.4179117114,61.4730191507806,495.380033102996,59.0183702014163,24.7875229609702,-6193.60801605592
604,2,2022,-0.4558,38.465963,1,32430.4593259155,-343.416593230004,536.442364096642,57.3096047753614,25.5741338529543,-6402.65201711512
605,2,2022,-0.279872,38.211053,1,33131.0420517572,-926.312681356632,501.851265708916,57.0439913837576,25.7384371491872,-7286.9607371223
606,1,2022,-0.279872,38.211053,1,33135.9709916596,-926.68852539435,501.851265708916,57.0439913837576,25.7384371491872,-7286.85681723445
607,1,2022,-0.450145,38.329197,1,33023.9215217296,250.065825998019,553.807934665098,58.3737993187082,24.7783290830073,-6630.52420243785
608,2,2022,-0.351406,38.221294,1,33520.9170202278,-1130.17974093447,444.5580330509,57.9121932183133,25.3037357043865,-7283.74489301946
609,1,2022,-0.279872,38.211053,1,33130.3166560279,-926.348683602197,501.851265708916,57.0439913837576,25.7384371491872,-7287.15902575147
610,1,2022,-0.644254,38.4128,1,34881.8941654647,226.984577959052,472.353657666385,58.7510957907866,24.8843283706994,-6155.2378557733
611,6,2022,-0.648565,38.40593,1,34795.5716379528,61.5102981349195,495.355256021956,59.0180961672169,24.7876222147405,-6193.59617135614
612,5,2022,-0.13214,38.295398,1,34240.0020496,-1047.44181222431,648.616159027853,53.3680088710202,27.1818975248294,-7139.91558751935
613,6,2022,-0.519739,38.583808,1,33889.1303490079,-500.868870256469,487.457436561584,57.1579759313846,25.8540275904686,-6802.16234474059
643,2,2022,-0.644254,38.4128,1,34884.0151760334,225.636879994993,472.271855949483,58.7501281381631,24.8846788494769,-6155.68899509135
653,2,2022,-0.519739,38.583808,1,33894.2593349803,-501.976023508907,487.457436561584,57.1579759313846,25.8540275904686,-6804.54412218839
661,2,2022,-0.279872,38.211053,1,33136.0225854978,-927.556860134198,501.851265708916,57.0439913837576,25.7384371491872,-7288.5729026822
662,2,2022,-0.4558,38.465963,1,32439.245230163,-345.029357536475,536.442364096642,57.3096047753614,25.5741338529543,-6404.94649697271
663,2,2022,-0.279872,38.211053,1,33130.2539711842,-926.315843740522,501.851265708916,57.0439913837576,25.7384371491872,-7287.10440092306
664,2,2022,-0.4558,38.465963,1,32432.9951629551,-343.936378143424,536.442364096642,57.3096047753614,25.5741338529543,-6404.06852306909
665,5,2022,-0.310087,38.084524,1,33203.9848128381,18.0373954820544,702.289674488827,56.8640276205272,25.8956240249007,-6208.38488434909
666,6,2022,-0.501401,38.442778,1,32848.8443735571,-430.819101334769,550.664659563832,57.9562934504891,25.1017808278402,-6697.35632935442
672,4,2022,-1.315489,38.521848,1,33356.5852526608,570.058094562655,535.592431540252,59.0045510614526,25.3923632425805,-5904.78508370417
700,10,2022,-0.85717,38.613665,1,32116.9951100488,-400.833815770415,428.271590206391,58.3647647258146,25.7111839504013,-6488.87680279722
706,2,2022,3.705416,34.874998,1,30399.6747566541,-2988.42684715824,156.140752344301,43.7867167681527,28.5163191233596,-4071.22496137377
730,1,2022,-1.782745,36.342784,1,33228.4440384435,-2430.98554981175,511.620537992706,47.1231776568404,26.7374073011086,-6060.81686840464
735,2,2022,-1.50842,36.307219,1,29857.9176311217,-1466.00637176816,427.388245929033,49.6926304962494,24.0673674788105,-5110.53082644343
736,3,2022,-1.50842,36.307219,1,29855.7294402395,-1466.43317742743,427.388245929033,49.6926304962494,24.0673674788105,-5110.24623052051
737,3,2022,-1.507843,36.306459,1,29951.270464433,-1443.27358391399,427.388245929033,49.6926304962494,24.0673674788105,-5143.45396138177
738,3,2022,-2.091583,36.117728,1,32004.8417841384,-120.26505698476,409.23980842717,47.1123277538556,26.9668711710194,-4612.59063253291
739,3,2022,-1.903692,36.287051,1,31118.8239660813,-3361.84310464047,359.287711250233,46.9313854473131,26.702968087044,-2671.11567031495
740,3,2022,-1.356374,36.270554,1,33184.0127158472,-1770.7729866325,489.57851690799,52.2094210397112,23.2230012188219,-6353.25646247036
744,2,2022,-1.758825,36.191548,1,33010.7401376314,-1946.67853877911,367.080099001527,47.770465171814,27.5410020749863,-5692.70979427459
752,1,2022,-1.902874,36.286178,1,30737.099316344,-3446.12740604146,356.282088553979,46.9313854473131,26.702968087044,-2391.19380800773
753,1,2022,-1.782745,36.342784,1,33223.2182408163,-2430.55093942648,511.678487886165,47.1205122564571,26.7391164900321,-6058.77345134449
754,1,2022,-1.76574,36.189927,1,33307.6197923646,-2962.75816438011,367.080099001527,47.770465171814,27.5410020749863,-5264.71079443621
755,2,2022,-1.903692,36.287051,1,31104.4307519476,-3363.30040101037,359.288718467895,46.9313854473131,26.702968087044,-2664.94215010434
766,4,2022,-1.76574,36.189927,1,33297.4611937725,-2964.18910207201,367.080099001527,47.770465171814,27.5410020749863,-5262.41386818148
767,7,2022,-1.758825,36.191548,1,33011.2464649491,-1950.56529199833,367.080099001527,47.770465171814,27.5410020749863,-5690.33047343509
768,10,2022,-1.483391,36.100246,1,29449.7980549507,-1534.65348924962,554.32456338177,54.6102448892179,21.5132438433225,-5280.74839743936
769,9,2022,-1.507843,36.306459,1,29953.2943322557,-1443.13875412013,427.388245929033,49.6926304962494,24.0673674788105,-5143.14868650601
770,11,2022,-1.507843,36.306459,1,29951.8600939859,-1443.95192646674,427.388245929033,49.6926304962494,24.0673674788105,-5141.09673456313
773,5,2022,-1.356374,36.270554,1,33190.9341140058,-1769.29330788153,489.57851690799,52.2094210397112,23.2230012188219,-6354.5691297881
774,7,2022,-2.093724,36.119694,1,31522.4154510585,-680.772885399971,409.23980842717,47.1123277538556,26.9668711710194,-4681.76641975209
775,7,2022,-2.009846,36.309655,1,28855.0055649035,-2531.89882821434,409.9662867398,48.4372706720124,26.088749738371,-4319.769105341
776,8,2022,-2.130583,37.31737,1,30916.7903931548,-824.20297902219,453.01061809808,63.4630201960177,21.1898163764989,-5970.82276193953
777,9,2022,-1.903692,36.287051,1,31125.212378462,-3358.8331360879,359.439763769382,46.9313854473131,26.702968087044,-2679.94531909294
780,12,2022,-1.782745,36.342784,1,33212.2515988279,-2429.76028683037,511.636727162666,47.1224330373556,26.7378847886124,-6055.68425235141
781,11,2022,-2.204719,36.393135,1,29550.7218688782,-1537.57676397189,488.513557582973,53.5976887547885,23.8146973161393,-5113.46338343236
801,10,2022,-1.742422,36.094382,1,32562.1929399124,-1832.08341659327,556.107277989388,51.2596655983064,24.6875392913819,-5101.19528334448
826,7,2022,-1.507843,36.306459,1,29948.9397594931,-1443.5776724846,427.388245929033,49.6926304962494,24.0673674788105,-5143.34364666253
828,1,2022,-1.903692,36.287051,1,31117.2963966943,-3358.71527185375,359.499727264615,46.9313854473131,26.702968087044,-2678.91773688629
1053,1,2022,3.329941,39.228072,1,33278.968921912,-1954.68526553245,352.173366998206,51.6446338784701,25.9995113233453,-7437.92124725411
1054,3,2022,3.449481,39.176087,1,30628.4238616515,-1781.84963045805,424.188528005192,53.6715718041599,24.9216898070896,-5399.19522312865
1056,3,2022,3.083289,39.267433,1,32791.6720422715,-1593.55597510168,354.657804965973,50.0133877174668,26.2669563415388,-7208.8148271397
1057,5,2022,3.330514,39.228208,1,33270.0056269037,-1944.71150671528,352.173366998206,51.6446338784701,25.9995113233453,-7428.45997264959
1058,5,2022,3.449481,39.176087,1,30626.0624786092,-1778.06486978919,424.515568333239,53.6840850605073,24.907359462184,-5403.46855488993
1059,3,2022,3.364300835,39.06241003,1,32045.6941062563,-1072.4258890201,459.703219413757,52.8206283788453,25.5179890898265,-6793.51686410164
1060,3,2022,3.364300835,39.06241003,1,32032.9418282512,-1069.83356185873,459.703219413757,52.8206283788453,25.5179890898265,-6791.79607030939
1061,3,2022,3.083289,39.267433,1,32784.2418357107,-1593.30319359971,354.657804965973,50.0133877174668,26.2669563415388,-7207.36090310948
1062,3,2022,3.083289,39.267433,1,32789.8078467613,-1592.89207924312,354.657804965973,50.0133877174668,26.2669563415388,-7214.10426998292
1065,10,2022,3.452714,38.512995,1,30732.9416463626,-2361.95507014319,449.448867192626,49.4097701357581,26.3081718193453,-5764.75224362337
1066,6,2022,3.589983,38.628205,1,32458.4339213482,-518.447752753582,506.326714545488,51.9644726733615,24.9293419633282,-7575.97911535207
1067,12,2022,3.083289,39.267433,1,32784.9762439329,-1593.25750809199,354.657804965973,50.0133877174668,26.2669563415388,-7208.17710482874
1206,9,2022,2.996756,39.316857,1,38911.5230330605,-2088.05729166004,386.248748377708,49.6770052130867,26.7380099588333,-8172.20239579784
1207,7,2022,3.195266,39.448464,1,35092.9569050935,-1415.94761210954,364.203699959881,50.9802404130241,26.2993650619298,-7588.63851346809
1243,4,2022,2.442898,40.647455,1,37483.1095845379,-1670.23993908205,243.652143962009,51.6632653168061,27.8741512148124,-9179.85950208661
1249,2,2022,1.142865,39.085895,1,39519.2747219297,-3363.22293487543,103.672221207592,50.4102305068158,28.5368329557654,-7325.94814719003
1250,3,2022,1.249148,38.823889,1,35861.4183109392,-2451.53180149878,175.517595867837,48.9202010600811,28.6432530586737,-6387.88676637086
1251,4,2022,1.215247,38.794569,1,40790.6330304636,-3106.65825352529,170.495200184822,49.1072998692837,28.6170713886278,-7797.22122194836
1252,5,2022,1.062953,38.666687,1,35642.6735731161,-1837.36061051481,193.945966482162,49.6564893528878,28.357699287101,-5977.44528311188
1253,6,2022,0.989946,38.660203,1,35683.1389074911,-2218.45684521106,208.430911302566,50.1550727449637,28.3364481277118,-6535.40241522862
1255,6,2022,1.301502,38.96877,1,40176.8065561972,-3708.44807506985,140.605295895092,49.6326362406342,28.660287177726,-8432.01568491143
1256,7,2022,1.232158,38.805632,1,41464.6565966647,-3220.65864643116,238.342048943803,49.1072998692837,28.6170713886278,-8452.01695307619
1257,7,2022,1.060832,38.666165,1,35108.9872351074,-1571.96202995943,193.945966482162,49.6564893528878,28.357699287101,-5766.89194504553
1258,8,2022,1.215247,38.794569,1,40803.1807387422,-3112.77243178362,170.407495134039,49.1072998692837,28.6170713886278,-7802.14983542101
1259,8,2022,1.232158,38.805632,1,41469.0763803604,-3223.39117057963,238.342048943803,49.1072998692837,28.6170713886278,-8454.02566113539
1260,6,2022,3.321065,37.072678,1,40584.6172076427,-3376.33569160445,131.595805302262,39.2306599523471,30.2622275940359,-6022.72699205897
1345,12,2022,1.062953,38.666687,1,35651.9952960763,-1835.96468114517,193.945966482162,49.6564893528879,28.357699287101,-5978.52564588036
1346,11,2022,1.062953,38.666687,1,35657.2094190659,-1842.51851014172,193.945966482162,49.6564893528879,28.357699287101,-5982.38766309706
1450,3,2022,2.996756,39.316857,1,38916.8385341281,-2091.65867373072,386.339707074863,49.6770052130867,26.7380099588333,-8170.55079680067
1451,5,2022,2.996756,39.316857,1,38910.3884811919,-2091.08753007703,386.24910556805,49.6770052130867,26.7380099588333,-8173.905251797
1452,11,2022,2.996756,39.316857,1,38917.0418515276,-2091.15094819875,386.340009145081,49.6770052130867,26.7380099588333,-8170.25554098617
1453,1,2022,2.996756,39.316857,1,38913.0355150936,-2089.83986969135,386.278684973216,49.6770052130867,26.7380099588333,-8172.00021147788
1454,7,2022,3.195266,39.448464,1,35079.0867922962,-1410.97275427205,364.217445935364,50.9802404130241,26.2993650619298,-7582.60508870284
1455,11,2022,3.364383,39.567412,1,39693.4493609611,-1224.39721354289,432.114075422287,53.4983643131596,24.4070154703916,-9719.75018099946
1482,10,2022,-0.85717,38.613665,1,32115.2466416842,-403.063830979893,428.348994888687,58.3665267771242,25.7125471449893,-6489.28897057015
1493,11,2022,-0.937097,38.061497,1,33067.6924463457,-622.728791397488,518.443795221392,60.2104811485937,23.5607114696068,-6077.44848824782
1504,5,2022,-0.802647,38.312985,1,35132.2252559704,-143.571238727316,430.481302522249,59.4609808387283,24.6115455610023,-6807.50021628474
1507,11,2022,-0.937097,38.061497,1,33067.1930204935,-622.448058647642,518.443795221392,60.2104811485937,23.5607114696068,-6077.22210463041
1508,10,2022,-0.468117,39.662927,1,37756.1624791502,-2332.80632923864,179.442906889599,59.8852718260546,27.5243904793099,-6037.88074935825
1509,10,2022,-0.532748,38.199485,1,33951.9386956671,-412.393683197678,679.786705797708,58.8396846673158,24.3528345343185,-7095.87866474181
1510,10,2022,-0.472553,39.602767,1,38754.617672684,-2335.27701217743,191.561041956273,59.6466034214696,27.4702855724178,-6412.34861655893
1511,9,2022,-0.937097,38.061497,1,33059.2505859576,-621.953183267951,518.443795221392,60.2104811485937,23.5607114696068,-6073.99469691525
1512,8,2022,-0.648565,38.40593,1,34792.8977653078,61.0152115690421,495.363521029961,59.0181378354143,24.7876071227348,-6193.0444078822
1513,7,2022,-0.448431,39.638548,1,33208.8836103955,-1103.13306269038,198.625028945769,59.4605267903129,27.5094500577985,-3945.02542606741
1515,7,2022,-0.532748,38.199485,1,33946.5509432685,-411.534995937261,680.072233323194,58.8396846673158,24.3528345343185,-7094.51793234573
1516,3,2022,0.080726,39.123466,1,35834.5215948404,-1387.60946665981,237.1723814405,55.3386463406472,27.1770996598893,-8565.65950505238
1519,4,2022,0.549376,39.200527,1,38917.1972852959,-2288.0762767821,184.997571707196,53.0315149273939,27.8398089729626,-8002.33262212535
1520,4,2022,0.080726,39.123466,1,35842.4768218546,-1388.83437839851,237.1723814405,55.3386463406472,27.1770996598893,-8565.57417258319
1522,4,2022,-0.532748,38.199485,1,33946.6856156036,-412.53593719198,679.30014162255,58.8396846673158,24.3528345343185,-7094.92476246968
1523,7,2022,-0.648565,38.40593,1,34801.4446229303,62.6399293037055,495.204061974051,59.0165151613244,24.788194846901,-6194.57163994877
1524,4,2022,-0.435793,39.642582,1,34852.2314873812,-1492.35454728823,203.692128087743,59.3270513550555,27.5375433046524,-5050.52367482527
1526,4,2022,-0.532748,38.199485,1,33951.5910806606,-413.024953411467,679.267676088617,58.8396846673158,24.3528345343185,-7096.0497550915
1527,3,2022,-1.380659,38.018206,1,32244.7452308928,798.341274990554,573.860962257721,64.1524354880575,22.0859935133425,-5324.75415591916
1528,2,2022,-0.85717,38.613665,1,32116.0726376701,-401.201832063663,428.271156542757,58.3647548538333,25.7111763130349,-6488.75999792359
1529,2,2022,-1.380659,38.018206,1,32240.6556841661,798.156723912466,573.860962257721,64.1524354880575,22.0859935133425,-5319.13486945545
1530,2,2022,0.080726,39.123466,1,35835.982880082,-1387.78028631972,237.1723814405,55.3386463406472,27.1770996598893,-8568.09539570691
1531,2,2022,-0.452824,39.646405,1,35359.2662393628,-1439.28639343481,192.63425187845,59.618333368433,27.4762357128088,-4778.75421449463
1532,1,2022,-0.85717,38.613665,1,32117.6987786168,-402.030017337425,428.348097585403,58.3665063507833,25.7125313423408,-6489.57667195787
1533,1,2022,-0.458287,39.64418,1,34859.3971061548,-1240.84680474483,191.561041956273,59.6466034214695,27.4702855724178,-4617.10632470682
1534,12,2022,-1.179615,39.842002,1,38352.3494165617,-410.36819461363,209.80544757843,61.7668311968797,27.6400585104886,-6340.23424335927
1535,12,2022,1.016707,39.493522,1,41213.9579076318,-2921.81449636048,141.557438174076,52.5624499532209,28.4026178177089,-7571.94290630659
1537,10,2022,-0.937097,38.061497,1,33057.2717399184,-619.087193998846,518.443795221392,60.2104811485937,23.5607114696068,-6072.93234135236
1538,10,2022,-0.937097,38.061497,1,33062.2105782576,-621.472375928218,518.443795221392,60.2104811485937,23.5607114696068,-6075.13488691505
1558,12,2022,-0.516221,40.390803,1,34909.2290421707,-745.416806481385,287.837283371016,62.1975779045128,27.6002892289532,-6081.16138143093
1569,11,2022,-1.380659,38.018206,1,32242.7056686136,798.295677565341,573.860962257721,64.1524354880575,22.0859935133425,-5322.23626482077
1580,11,2022,-0.802647,38.312985,1,35134.5073201165,-142.322486620666,430.73818518656,59.4609808387283,24.6115455610023,-6806.99158637614
1591,11,2022,-1.099201,38.036182,1,33311.536514361,317.688720966581,578.926635253018,63.6689728343884,21.513057672161,-6287.77684745728
1804,3,2022,2.491563,39.566979,1,36840.7114765802,-2019.32176318345,195.09537983156,50.5519539634894,27.3817662016987,-7675.03979836691
1805,3,2022,2.000359,39.757585,1,42742.5912451238,-2141.65954816812,171.406974225182,51.1497684663389,28.08103534054,-8827.55176121782
1806,2,2022,2.065769,39.011855,1,36051.3753367916,-2364.4310717247,129.576207406353,48.883847391134,28.2108624131712,-7023.50172296183
1807,2,2022,1.744256,40.033865,1,37607.3692869331,-1443.33863211521,159.694236504013,51.7784461958738,28.3984058902689,-9695.67383933175
1912,5,2022,2.032894,35.291743,1,28406.3935530521,-691.052688410787,541.8368029017,48.6843222600065,23.7536409787392,-4750.20725321429
2059,9,2022,0.356323,37.597877,1,29856.2500520871,-1055.88565051955,511.374071162194,53.0853753637023,23.146646740012,-4193.95726947142
2061,9,2022,0.348575,37.574025,1,29147.933041971,-1318.79685205132,472.965002820858,55.0365869307472,22.4713712193238,-4411.74311539032
2062,9,2022,1.249148,38.823889,1,35850.9070152418,-2446.4363313865,176.717609366442,48.9237748452177,28.6427529610854,-6383.17455546122
2063,9,2022,1.215247,38.794569,1,40794.2049454876,-3108.40482719616,170.475775012165,49.1072998692837,28.6170713886278,-7798.6378366139
2064,9,2022,0.356323,37.597877,1,29852.4976502785,-1055.19507526047,511.374071162194,53.0853753637023,23.146646740012,-4192.02270101628
2065,9,2022,0.356323,37.597877,1,29858.5511687237,-1056.48677568991,511.374071162194,53.0853753637023,23.146646740012,-4194.07053458171
2066,4,2022,1.249148,38.823889,1,35846.0778864091,-2448.12430387249,176.090824861966,48.9219082052603,28.6430141693297,-6382.48127591886
2067,9,2022,1.249148,38.823889,1,35864.605432988,-2448.78728204917,176.410897036456,48.9228614188543,28.6428807813947,-6387.74522208971
2068,10,2022,1.249148,38.823889,1,35859.9111779632,-2450.09445188161,175.896777101568,48.9213303075927,28.6430950374342,-6386.95240186988
2069,4,2022,1.301502,38.96877,1,40188.6692008467,-3709.07654025924,140.362318187293,49.6326362406342,28.660287177726,-8434.87562726876
2070,9,2022,1.15879,38.708551,1,38190.966719035,-3015.01982942473,159.037897411734,49.0825002147942,28.4505989196638,-7459.48819269394
2071,10,2022,1.062953,38.666687,1,35645.6767377777,-1837.91899330749,193.945966482162,49.6564893528879,28.357699287101,-5978.24095242418
2072,10,2022,1.062953,38.666687,1,35642.0207488014,-1837.37870307174,193.945966482162,49.6564893528879,28.357699287101,-5977.33417913489
2073,10,2022,1.062953,38.666687,1,35660.3646388572,-1837.32951754639,193.945966482162,49.6564893528879,28.357699287101,-5980.65921646901
2074,10,2022,1.062953,38.666687,1,35670.3528323013,-1844.66982627474,193.945966482162,49.6564893528879,28.357699287101,-5985.74774536553
2075,10,2022,1.062953,38.666687,1,35634.9676466289,-1836.25959203177,193.945966482162,49.6564893528878,28.357699287101,-5975.55161737715
2076,10,2022,1.301502,38.96877,1,40178.6750191672,-3709.18587055168,140.576915088573,49.6326362406342,28.660287177726,-8431.91462384255
2077,10,2022,1.301502,38.96877,1,40171.2015445688,-3707.88850285113,140.716076645669,49.6326362406342,28.660287177726,-8430.8914158098
2078,10,2022,1.215247,38.794569,1,40800.957110192,-3111.3218440824,170.179157753411,49.1072998692837,28.6170713886278,-7800.7129076855
2079,10,2022,0.356323,37.597877,1,29854.8185365442,-1055.61786462024,511.374071162194,53.0853753637023,23.146646740012,-4193.24568452645
2080,6,2022,1.232158,38.805632,1,41465.1153501412,-3220.68560007323,238.342048943803,49.1072998692837,28.6170713886278,-8452.12019118297
2081,10,2022,1.062953,38.666687,1,35658.2657657631,-1836.99093650315,193.945966482162,49.6564893528879,28.357699287101,-5980.12565581652
2082,10,2022,1.062953,38.666687,1,35636.9590050693,-1835.45966290686,193.945966482162,49.6564893528879,28.357699287101,-5975.56024280216
2083,10,2022,0.356323,37.597877,1,29852.1248832323,-1055.42993173814,511.374071162194,53.0853753637023,23.146646740012,-4189.93739543809
2084,10,2022,1.062953,38.666687,1,35632.1257121573,-1835.78234441584,193.945966482162,49.6564893528879,28.357699287101,-5974.82202072951
2085,10,2022,1.06117,38.66609,1,35145.5853461939,-1607.89618118208,193.945966482162,49.6564893528878,28.357699287101,-5789.35480702213
2086,11,2022,1.215247,38.794569,1,40804.3252035324,-3113.09408436659,170.236250503046,49.1072998692837,28.6170713886278,-7802.21876921326
2087,11,2022,0.989946,38.660203,1,35693.944441229,-2219.26757745022,208.430911302567,50.1550727449637,28.3364481277118,-6539.26914229283
2088,11,2022,1.15879,38.708551,1,38192.9860837181,-3014.53616568488,159.037897411734,49.0825002147942,28.4505989196638,-7460.35593545372
2089,11,2022,1.062953,38.666687,1,35665.6299081332,-1840.55594143103,193.945966482162,49.6564893528879,28.357699287101,-5983.05602738305
2090,11,2022,1.249148,38.823889,1,35848.4639691103,-2448.82776994154,175.951603816698,48.9214935881724,28.6430721887679,-6383.38459942243
2091,3,2022,1.232158,38.805632,1,41469.5095414868,-3222.39176424025,238.342048943803,49.1072998692837,28.6170713886278,-8453.70114574746
2092,11,2022,1.232158,38.805632,1,41469.7287623181,-3223.02599669989,238.342048943803,49.1072998692837,28.6170713886278,-8454.006236981
2093,12,2022,1.070968,38.660479,1,38678.907824125,-2609.63067509607,193.945966482163,49.6564893528879,28.357699287101,-7128.23882395661
2095,12,2022,0.354462,37.582362,1,30126.6534647322,-976.385115852966,508.926082965435,53.2097351331988,23.1036082968632,-4146.48481597665
2096,12,2022,1.249148,38.823889,1,35842.8400691855,-2445.93169198188,176.63989897555,48.9235434142878,28.6427853463703,-6380.8055861772
2097,12,2022,1.249148,38.823889,1,35866.6681339938,-2450.45260792748,175.978580940648,48.9215739293058,28.6430609462321,-6388.91576564679
2098,12,2022,1.232158,38.805632,1,41464.4753085904,-3221.36116253471,238.342048943803,49.1072998692837,28.6170713886278,-8452.2666558683
2099,12,2022,0.354462,37.582362,1,30126.9674020927,-976.547413661407,508.900232869092,53.2110483388862,23.1031538224898,-4146.63415915721
2102,6,2022,1.215247,38.794569,1,40806.8110170219,-3113.91897098448,169.955812526892,49.1072998692837,28.6170713886278,-7802.58397924836
2113,6,2022,1.215247,38.794569,1,40792.7102243818,-3107.84992407516,170.599892925618,49.1072998692837,28.6170713886278,-7798.312545955
2124,6,2022,1.301502,38.96877,1,40182.7013929509,-3709.55495434739,140.497235090563,49.6326362406342,28.660287177726,-8432.75347343452
2135,7,2022,1.301502,38.96877,1,40183.105771779,-3709.02001297043,140.480140887482,49.6326362406342,28.660287177726,-8433.32994028313
2146,6,2022,1.215247,38.794569,1,40791.2581199193,-3107.31324511539,170.722441169583,49.1072998692837,28.6170713886278,-7798.00127674933
2157,6,2022,1.249148,38.823889,1,35861.2720205571,-2448.15928636176,176.502304756409,48.9231336420845,28.6428426878396,-6386.6120392101
2162,6,2022,1.301502,38.96877,1,40173.4044054695,-3708.11270991995,140.672576763879,49.6326362406342,28.660287177726,-8431.32938000831
2163,6,2022,1.232158,38.805632,1,41461.6910027489,-3222.06200213401,238.342048943803,49.1072998692837,28.6170713886278,-8451.99142002428
2164,6,2022,1.301502,38.96877,1,40169.4947195834,-3708.377794271,140.759383764196,49.6326362406342,28.660287177726,-8429.97505398199
2165,6,2022,1.215247,38.794569,1,40799.3259334521,-3110.86540507113,170.416716232806,49.1072998692837,28.6170713886278,-7800.59546037023
2166,6,2022,1.232158,38.805632,1,41466.3613356413,-3221.86597716022,238.342048943803,49.1072998692837,28.6170713886278,-8452.85256671233
2167,6,2022,1.232158,38.805632,1,41469.8580668102,-3221.49472216249,238.342048943803,49.1072998692837,28.6170713886278,-8453.4031209704
2168,6,2022,1.070968,38.660479,1,38637.9203152687,-2603.71495625853,193.945966482163,49.6564893528879,28.357699287101,-7115.90524695377
2169,6,2022,1.301502,38.96877,1,40173.6792386523,-3708.75412931272,140.67628515121,49.6326362406342,28.660287177726,-8430.85188039411
2170,6,2022,1.249148,38.823889,1,35864.9952769425,-2449.0774104608,176.336425347284,48.9226396331692,28.6429118169724,-6387.95741449318
2171,6,2022,1.232158,38.805632,1,41471.4878445325,-3222.17031634422,238.342048943803,49.1072998692837,28.6170713886278,-8454.00720396087
2173,6,2022,1.301502,38.96877,1,40176.0219233055,-3708.26481428146,140.619196677787,49.6326362406342,28.660287177726,-8431.94901236841
2174,6,2022,1.215247,38.794569,1,40802.4111541088,-3111.82290744022,170.031828362789,49.1072998692837,28.6170713886278,-7800.96745837668
2175,6,2022,1.301502,38.96877,1,40172.0335826845,-3708.56063859581,140.708288496483,49.6326362406342,28.660287177726,-8430.54651081475
2176,6,2022,0.354462,37.582362,1,30122.8810727648,-975.366837781458,509.156648881091,53.198022199222,23.107661910384,-4144.76392719452
2177,6,2022,1.075977,38.659853,1,40494.5618729477,-2910.37156360862,193.945966482162,49.6564893528878,28.357699287101,-7500.85059864037
2178,6,2022,1.215247,38.794569,1,40801.1194769857,-3111.83804664688,170.471271766916,49.1072998692837,28.6170713886278,-7801.45577325774
2179,6,2022,1.215247,38.794569,1,40793.1256891607,-3108.04817735528,170.594662751804,49.1072998692837,28.6170713886278,-7798.47060435437
2180,6,2022,1.062953,38.666687,1,35632.8943480003,-1835.41104627597,193.945966482162,49.6564893528879,28.357699287101,-5974.79772422409
2181,6,2022,1.215247,38.794569,1,40796.2932268053,-3109.19714663667,170.313956989796,49.1072998692837,28.6170713886278,-7799.11920926445
2182,6,2022,1.232158,38.805632,1,41463.7404329736,-3221.9403740942,238.342048943803,49.1072998692837,28.6170713886278,-8452.35516554366
2184,6,2022,1.062953,38.666687,1,35645.4666315553,-1838.24474490931,193.945966482163,49.6564893528879,28.357699287101,-5978.34704464967
2185,6,2022,1.062953,38.666687,1,35665.0572576769,-1846.45586083784,193.945966482162,49.6564893528879,28.357699287101,-5985.56927130308
2186,6,2022,1.062953,38.666687,1,35653.0208870148,-1841.77209066468,193.945966482162,49.6564893528879,28.357699287101,-5981.29071157886
2187,7,2022,1.062953,38.666687,1,35642.2610869261,-1838.76897155149,193.945966482162,49.6564893528878,28.357699287101,-5977.99404527566
2188,7,2022,1.062953,38.666687,1,35644.7900235714,-1837.13581273668,193.945966482162,49.6564893528878,28.357699287101,-5977.73175476104
2189,7,2022,1.15879,38.708551,1,38189.8152923524,-3014.42895918715,159.037897411734,49.0825002147942,28.4505989196638,-7459.09174594307
2190,7,2022,1.301502,38.96877,1,40183.9730381447,-3709.7455359765,140.473267292222,49.6326362406342,28.660287177726,-8432.95486232125
2191,7,2022,1.301502,38.96877,1,40169.5316130167,-3707.87387586157,140.751326624783,49.6326362406342,28.660287177726,-8430.42438275255
2192,7,2022,1.232158,38.805632,1,41469.0891200571,-3223.0760214883,238.342048943803,49.1072998692837,28.6170713886278,-8453.89825609616
2193,7,2022,0.356323,37.597877,1,29857.6315998847,-1056.32539265809,511.374071162194,53.0853753637023,23.146646740012,-4193.5434600466
2195,7,2022,1.062953,38.666687,1,35645.8005010926,-1834.23555008722,193.945966482162,49.6564893528879,28.357699287101,-5976.62785695359
2196,7,2022,1.301502,38.96877,1,40176.9965833538,-3708.47374941933,140.601646285849,49.6326362406342,28.660287177726,-8432.04803061916
2197,7,2022,1.249148,38.823889,1,35845.0085911354,-2447.47676803945,176.249872586614,48.9223818685941,28.6429478872557,-6381.95571509646
2198,7,2022,1.301502,38.96877,1,40180.6294152625,-3709.01145550072,140.532706822888,49.6326362406342,28.660287177726,-8432.62665902467
2199,7,2022,1.232158,38.805632,1,41471.9163557476,-3221.71482448982,238.342048943803,49.1072998692837,28.6170713886278,-8453.90603930364
2200,7,2022,0.354462,37.582362,1,30122.2838202931,-974.136523155104,509.28556321888,53.1914732471668,23.1099283724549,-4144.40518370603
2201,7,2022,0.354462,37.582362,1,30126.6746840434,-977.739694675776,508.807082131068,53.215780471306,23.1015161255646,-4146.60681466211
2202,7,2022,1.062953,38.666687,1,35654.3893417992,-1838.63579408729,193.945966482162,49.6564893528878,28.357699287101,-5980.14954867174
2203,7,2022,1.215247,38.794569,1,40791.7070228158,-3107.03575461292,170.394936733914,49.1072998692837,28.6170713886278,-7797.43093812981
2205,7,2022,1.062953,38.666687,1,35651.7092831001,-1835.940525691,193.945966482162,49.6564893528879,28.357699287101,-5978.46276072804
2206,7,2022,1.062953,38.666687,1,35640.8894440696,-1840.97833528153,193.945966482162,49.6564893528878,28.357699287101,-5978.7209566147
2208,7,2022,1.249148,38.823889,1,35865.0180018233,-2449.61120862556,176.180065854975,48.922173975716,28.6429769787435,-6388.15966386045
2209,7,2022,1.232158,38.805632,1,41467.4057057914,-3221.91553354487,238.342048943803,49.1072998692837,28.6170713886278,-8453.08291927913
2210,7,2022,1.301502,38.96877,1,40184.2438509971,-3709.31300753985,140.460596160988,49.6326362406342,28.660287177726,-8433.40454433284
2212,7,2022,1.215247,38.794569,1,40796.6471812802,-3110.00453554716,170.740624511245,49.1072998692837,28.6170713886278,-7800.25367940971
2213,7,2022,1.215247,38.794569,1,40806.6319353856,-3113.90891701958,170.008130910444,49.1072998692837,28.6170713886278,-7802.63151065404
2214,7,2022,1.062953,38.666687,1,35657.4322051267,-1842.67951512082,193.945966482162,49.6564893528878,28.357699287101,-5982.49978510155
2216,7,2022,1.249148,38.823889,1,35842.6287826294,-2446.43736768479,176.486702975239,48.9230871780958,28.6428491897774,-6380.93236930648
2217,7,2022,1.215247,38.794569,1,40792.3738293346,-3107.26221803447,170.327935716255,49.1072998692837,28.6170713886278,-7797.55043560055
2218,7,2022,1.215247,38.794569,1,40805.933695908,-3113.70516161523,170.105404241991,49.1072998692837,28.6170713886278,-7802.5716405219
2219,7,2022,1.215247,38.794569,1,40798.3053950436,-3110.19537342362,170.309648157561,49.1072998692837,28.6170713886278,-7799.93103255377
2220,7,2022,1.301502,38.96877,1,40189.8208533378,-3710.36948070549,140.359237172368,49.6326362406342,28.660287177726,-8434.09962249651
2222,7,2022,1.301502,38.96877,1,40183.5325773111,-3708.6138814908,140.464531993784,49.6326362406342,28.660287177726,-8433.80141305261
2223,7,2022,0.356323,37.597877,1,29854.9592316025,-1055.65144195522,511.374071162194,53.0853753637023,23.146646740012,-4193.27091118518
2224,7,2022,1.062953,38.666687,1,35664.9106635479,-1844.58535845647,193.945966482162,49.6564893528879,28.357699287101,-5984.71360644881
2225,8,2022,0.356323,37.597877,1,29858.1180932188,-1056.37117115737,511.374071162194,53.0853753637023,23.146646740012,-4194.06222401606
2227,8,2022,1.062953,38.666687,1,35648.7907206693,-1839.80003117436,193.945966482162,49.6564893528879,28.357699287101,-5979.6435669811
2228,8,2022,1.062953,38.666687,1,35653.4007160452,-1839.39593535417,193.945966482162,49.6564893528878,28.357699287101,-5980.30649555582
2229,8,2022,1.062953,38.666687,1,35648.4950761414,-1842.40957470451,193.945966482162,49.6564893528879,28.357699287101,-5980.74501431915
2230,8,2022,1.061163,38.666146,1,35168.0841542717,-1617.94476904689,193.945966482162,49.6564893528879,28.357699287101,-5797.44721859391
2231,8,2022,1.061163,38.666146,1,35159.0338637389,-1619.33084485441,193.945966482162,49.6564893528879,28.357699287101,-5796.73549661146
2232,8,2022,0.966472,38.531399,1,42128.2100579978,-2899.4685045705,296.011916935444,50.2239758442425,27.7298505338904,-8583.17476653001
2233,8,2022,0.354462,37.582362,1,30122.9729737257,-975.17280414951,509.169951358268,53.1973464226812,23.107895783206,-4144.78817731712
2234,8,2022,1.215247,38.794569,1,40802.0391766453,-3112.32770717397,170.493735022975,49.1072998692837,28.6170713886278,-7801.88447226342
2235,8,2022,1.215247,38.794569,1,40797.1866736808,-3110.10321130551,170.622622835716,49.1072998692837,28.6170713886278,-7800.19892850925
2236,8,2022,1.215247,38.794569,1,40796.1463973819,-3108.66956916083,170.029578426873,49.1072998692837,28.6170713886278,-7798.41138290899
2238,8,2022,1.062953,38.666687,1,35658.8398598089,-1840.16111930696,193.945966482162,49.6564893528879,28.357699287101,-5981.63985261361
2239,8,2022,1.301502,38.96877,1,40186.0733425465,-3708.95959855043,140.415868439069,49.6326362406342,28.660287177726,-8434.23245383556
2240,8,2022,1.215247,38.794569,1,40789.4438290112,-3106.38095121374,170.699225737959,49.1072998692837,28.6170713886278,-7797.20366163321
2241,8,2022,1.301502,38.96877,1,40183.211722874,-3708.77319797908,140.47393757364,49.6326362406342,28.660287177726,-8433.57255499437
2242,8,2022,1.301502,38.96877,1,40170.4915417478,-3708.48791611147,140.739877658306,49.6326362406342,28.660287177726,-8430.1660619221
2244,9,2022,1.301502,38.96877,1,40181.70986638,-3709.24413694193,140.513391689128,49.6326362406342,28.660287177726,-8432.7363603706
2246,8,2022,1.215247,38.794569,1,40795.4760464239,-3108.87878458558,170.371847587868,49.1072998692837,28.6170713886278,-7798.91833841094
2246,8,2022,1.215247,38.794569,1,40803.8572447238,-3112.89817104164,170.262062885338,49.1072998692836,28.6170713886278,-7802.08768274934
2247,9,2022,1.249148,38.823889,1,35852.4530017711,-2450.64845704794,175.530582328924,48.9202397353307,28.643247646653,-6385.12995184366
2386,6,2022,1.738554,35.619629,1,31964.4484901981,-1616.54164105873,380.475368976593,46.0396150528272,26.7375078540959,-6432.15477645766
2388,5,2022,1.648451,35.609547,1,32734.2915278699,-1884.65565955486,468.906152389731,47.6701155259221,26.9658540852401,-7247.33835296354
2388,6,2022,1.495974,35.472715,1,32640.7969943205,-256.603025368575,737.354925147705,56.0528430534777,24.7983508192785,-6268.05051376263
2389,5,2022,1.966667,35.2,1,28656.267472758,-176.346057130504,588.086870399551,51.6563385136268,21.0023886153687,-4621.94846980621
2390,6,2022,1.648451,35.609547,1,32722.9939952191,-1884.07525140657,469.233869211694,47.6847936960907,26.9679097147191,-7242.5459765446
2391,6,2022,1.738554,35.619629,1,31965.4303529308,-1617.550678184,380.475368976593,46.0396150528272,26.7375078540959,-6432.77205965749
2392,5,2022,1.648451,35.609547,1,32730.3829346162,-1884.26304597677,468.965982966908,47.6727952888584,26.9662293772299,-7245.08860231305
2393,5,2022,1.536662,35.631419,1,30335.3052547763,-600.590144918547,561.852558016777,52.6836291061027,26.112710747218,-5582.04558034231
2394,5,2022,1.495974,35.472715,1,32642.2427474606,-258.230559474329,737.217246060078,56.0528430534777,24.7983508192785,-6270.07014409151
2395,5,2022,1.495974,35.472715,1,32643.1236273673,-259.288678231983,737.251530590912,56.0528430534777,24.7983508192785,-6271.77831103552
2396,5,2022,1.507382,35.5001,1,33130.2039281313,384.006977778865,706.877211819632,56.0528430534777,24.7983508192785,-5661.09430421283
2399,9,2022,1.533855,35.448918,1,31290.7207055521,-699.688859628766,752.217196304855,56.8763562555377,23.9343640533461,-5673.15302736606
2409,10,2022,1.495974,35.472715,1,32646.2594552317,-263.095752946764,737.412773819142,56.0528430534777,24.7983508192785,-6278.06336958859
2446,3,2022,1.648451,35.609547,1,32720.0568392129,-1883.53363769129,469.211342301563,47.6837847340902,26.9677684129078,-7240.08880325872
2447,8,2022,1.495974,35.472715,1,32640.8349344939,-256.675187521039,737.401438860685,56.0528430534777,24.7983508192785,-6268.30925671276
2448,7,2022,1.536662,35.631419,1,30330.3690689308,-599.194185019602,561.852558016777,52.6836291061027,26.112710747218,-5582.84777490525
2449,2,2022,1.966667,35.2,1,28646.6391685126,-179.80079421622,588.092721390414,51.6563385136268,21.0023886153687,-4619.00779629429
2450,6,2022,1.495974,35.472715,1,32641.4342585669,-257.283279003939,737.227482304396,56.0528430534777,24.7983508192785,-6268.67196698134
2452,2,2022,1.648451,35.609547,1,32734.9798853232,-1884.67911512277,468.882805010105,47.6690698157596,26.9657076369695,-7247.59385239897
2453,2,2022,1.648451,35.609547,1,32732.201515945,-1884.91205129482,469.068012470654,47.6773651074268,26.9668693652975,-7247.57539613736
2454,8,2022,1.495974,35.472715,1,32648.9407609217,-266.143502011008,737.244506452083,56.0528430534777,24.7983508192785,-6282.11157966585
2455,8,2022,1.601116,35.58767,1,31029.1968191864,-1371.52486588744,554.719800608875,47.6854782827311,26.9680055888276,-6270.62679281027
2456,8,2022,1.507382,35.5001,1,33119.0697774624,379.330605389081,706.7681236502,56.0528430534777,24.7983508192785,-5659.04244704181
2457,3,2022,1.648451,35.609547,1,32725.2667915467,-1883.98015931218,469.109291927369,47.6792139807514,26.9671282939286,-7242.85435064891
2458,7,2022,1.495974,35.472715,1,32648.4058640136,-265.579091521068,737.338593216755,56.0528430534777,24.7983508192785,-6281.57253862175
2459,8,2022,1.495549,35.707923,1,29982.0099090781,-868.227617210219,478.590559363365,49.4271931843313,25.9004849873722,-5743.96148546728
2460,8,2022,1.507382,35.5001,1,33118.9591481674,379.267333216053,706.767412978495,56.0528430534777,24.7983508192785,-5659.03460311798
2461,8,2022,1.495974,35.472715,1,32643.3416419313,-259.621214774667,737.374467431262,56.0528430534777,24.7983508192785,-6272.67939222766
2462,3,2022,1.648451,35.609547,1,32732.8597602388,-1884.77714705421,469.002194790161,47.6744171869978,26.9664565187325,-7247.33246454039
2463,2,2022,1.601116,35.58767,1,31028.6618699651,-1370.99431305594,554.495866235786,47.6854782827311,26.9680055888276,-6271.73054574386
2464,2,2022,1.495974,35.472715,1,32647.8838959599,-264.860188135162,737.188824966301,56.0528430534777,24.7983508192785,-6279.989263147
2465,2,2022,1.728687,35.58767,1,30985.8258754728,-1439.66825313118,421.092267990112,46.0396150528272,26.7375078540959,-5791.72335144366
2466,12,2022,1.728687,35.58767,1,30988.7422692446,-1439.92214128322,421.092267990112,46.0396150528272,26.7375078540959,-5788.02071770654
2467,9,2022,1.507382,35.5001,1,33125.5928882632,387.819747543827,706.704140480143,56.0528430534777,24.7983508192785,-5655.94821251472
2468,2,2022,1.495974,35.472715,1,32645.7427884256,-262.315726603196,737.152421901789,56.0528430534777,24.7983508192785,-6276.02962960382
2469,6,2022,1.648451,35.609547,1,32734.1646079036,-1884.53425949461,468.877520213465,47.6688331140123,26.9656744876679,-7246.93115948986
2470,8,2022,1.507382,35.5001,1,33138.3729482234,390.460756627576,706.89164491842,56.0528430534777,24.7983508192785,-5660.38220881921
2471,6,2022,1.495974,35.472715,1,32648.5877308681,-265.668565947828,737.157653238023,56.0528430534777,24.7983508192785,-6281.10705121525
2472,6,2022,1.536662,35.631419,1,30337.3607862159,-597.965108490596,561.852558016777,52.6836291061027,26.112710747218,-5581.10511813637
2473,10,2022,1.536662,35.631419,1,30335.8406127871,-601.721219925317,561.852558016777,52.6836291061027,26.112710747218,-5582.14746160652
2474,10,2022,1.666667,35.466667,1,29884.7873677614,-168.951199344397,637.461884975433,48.0245215892435,24.8765059188077,-5068.34564498572
2475,10,2022,1.536662,35.631419,1,30338.2322169365,-599.920685639661,561.852558016777,52.6836291061027,26.112710747218,-5581.2787790783
2486,4,2022,1.58823,35.43436,1,29500.7816632804,-227.158465215949,798.776225447655,52.7149524999043,20.9034951632426,-4998.1951866654
2487,3,2022,1.536662,35.631419,1,30340.2863029239,-602.123159173606,561.852558016777,52.6836291061027,26.112710747218,-5581.25054784906
2488,3,2022,1.536662,35.631419,1,30331.0900692958,-599.378306802753,561.852558016777,52.6836291061027,26.112710747218,-5582.72747753949
2489,3,2022,1.397999,35.586864,1,33036.5213763678,-613.848463882686,851.859834054192,58.6893282660822,22.9884342507141,-6767.27518632568
2490,3,2022,1.536662,35.631419,1,30337.8027171493,-601.960965580905,561.852558016777,52.6836291061027,26.112710747218,-5581.76514584377
2491,3,2022,1.601116,35.58767,1,31028.8062672009,-1371.3695454357,554.24627896248,47.6854782827311,26.9680055888276,-6271.70920004443
2492,3,2022,1.507382,35.5001,1,33122.1451818313,385.717200459717,706.684761673027,56.0528430534777,24.7983508192785,-5655.79793560695
2493,3,2022,1.495974,35.472715,1,32648.8894114803,-266.091679980687,737.256982927615,56.0528430534777,24.7983508192785,-6282.07481455299
2495,3,2022,1.648451,35.609547,1,32723.8107338828,-1883.97612629037,469.171252695521,47.6819891532105,26.9675169477084,-7242.45517540865
2496,8,2022,1.728687,35.58767,1,30985.6831786543,-1439.52154032941,421.092267990112,46.0396150528272,26.7375078540959,-5791.58420283409
2497,8,2022,1.728687,35.58767,1,30986.5919865913,-1439.40344185781,421.092267990112,46.0396150528272,26.7375078540959,-5789.95382376335
2498,2,2022,1.495974,35.472715,1,32648.1050582092,-265.188717421546,737.288853348053,56.0528430534777,24.7983508192785,-6280.81632464092
2499,2,2022,1.728687,35.58767,1,30986.4908159475,-1439.69614883882,421.092267990112,46.0396150528272,26.7375078540959,-5790.8060927698
2500,2,2022,1.495974,35.472715,1,32644.4772866024,-260.965945728887,737.378765165863,56.0528430534777,24.7983508192785,-6274.72792310204
2501,2,2022,1.536662,35.631419,1,30333.7842436066,-596.860542206706,561.852558016777,52.6836291061027,26.112710747218,-5581.68147437792
2502,2,2022,1.536662,35.631419,1,30335.1711800962,-597.672875444622,561.852558016777,52.6836291061027,26.112710747218,-5581.52853650369
2503,2,2022,1.601116,35.58767,1,31028.7098042218,-1371.17235874499,554.344709039187,47.6854782827311,26.9680055888276,-6271.78042427431
2504,11,2022,1.495974,35.472715,1,32643.9181979588,-260.321653883504,737.403866283461,56.0528430534777,24.7983508192785,-6273.83548900677
2505,11,2022,1.495974,35.472715,1,32643.8085097511,-260.057814615617,737.186228516474,56.0528430534777,24.7983508192785,-6272.73017463782
2506,10,2022,1.495974,35.472715,1,32650.4219318443,-267.838537618574,737.172486468522,56.0528430534777,24.7983508192785,-6284.43159617657
2507,10,2022,1.495974,35.472715,1,32646.8543923029,-263.671311804401,737.225909739505,56.0528430534777,24.7983508192785,-6278.31568309245
2508,10,2022,1.648451,35.609547,1,32733.0099511925,-1884.79556276614,469.000826615636,47.6743559075726,26.9664479367504,-7247.42917755378
2509,10,2022,1.507382,35.5001,1,33132.908055457,388.35077451396,706.833405352288,56.0528430534777,24.7983508192785,-5659.22214767075
2510,9,2022,1.495974,35.472715,1,32644.3390692373,-260.817130080616,737.400744705611,56.0528430534777,24.7983508192785,-6274.57504425679
2511,9,2022,1.495974,35.472715,1,32645.5307865418,-262.129349651788,737.254803732416,56.0528430534777,24.7983508192785,-6276.08083798628
2512,9,2022,1.648451,35.609547,1,32733.6063557129,-1884.47595919139,468.88542408419,47.6691871219598,26.9657240653172,-7246.60306092648
2514,3,2022,1.536662,35.631419,1,30333.0382121909,-601.199365303471,561.852558016777,52.6836291061027,26.112710747218,-5582.65504402922
2515,10,2022,1.501555,35.806497,1,27631.7512922123,-1448.76675054479,474.385126368581,45.1614518653711,25.9476973250577,-4408.71745259291
2517,9,2022,1.495974,35.472715,1,32647.736612759,-264.657689516045,737.143998469933,56.0528430534777,24.7983508192785,-6279.5366469797
2518,7,2022,1.621008,35.390505,1,30706.0069763082,1059.61700777836,838.363153100014,52.7149524999043,20.9034951632426,-5033.44898045691
2519,7,2022,2.484485,35.148879,1,29205.8354681527,-805.615097764129,366.529199397886,46.6198716585889,26.1808696375957,-5094.0906777708
2520,5,2022,2.484485,35.148879,1,29207.9170508863,-803.823505363374,366.730010713433,46.6317185100971,26.1746383105154,-5093.15337774734
2528,8,2022,1.025218,35.725577,1,28858.8198336881,-405.59557400853,755.421510100365,53.4056001054589,24.8893940912535,-4300.72217713244
2529,7,2022,1.495974,35.472715,1,32645.7385354472,-262.372665722606,737.25217397909,56.0528430534777,24.7983508192785,-6276.4398719009
2532,1,2022,1.495974,35.472715,1,32642.7711166923,-258.912171386879,737.317656653977,56.0528430534777,24.7983508192785,-6271.42250675381
2705,10,2022,1.311899,35.582199,1,32529.6364395495,1351.77320175647,1028.04092979431,62.5940287915752,19.1946813522409,-5238.4654977856
2706,10,2022,1.311899,35.582199,1,32544.9144640452,1351.67118541247,1028.04092979431,62.5940287915752,19.1946813522409,-5244.33650341206
2707,10,2022,1.440788,35.4508,1,29849.7900379663,1633.31825396987,878.744724212456,63.4389471731537,19.5131005558183,-4114.3786609618
2709,11,2022,1.309221,35.207071,1,31111.7639806223,732.800935789406,1041.22826969251,70.0923562722139,18.0709531130856,-5211.54787703723
2710,6,2022,1.436433,35.355208,1,30751.9104830832,419.7414253867,841.371321320534,65.0927245793774,19.2412631605314,-5024.51546182225
2711,6,2022,1.442384,35.137879,1,32081.8326188785,-486.208571159137,936.46815089567,59.422592965619,20.7882839345105,-6201.17510494439
2712,10,2022,1.300454,35.199375,1,30800.6018903066,833.739316696372,1292.58572903686,70.0923562722139,18.0709531130856,-4901.73611990398
2713,8,2022,1.30811,35.206604,1,31025.4993770359,727.936016808726,1041.22826969251,70.0923562722139,18.0709531130856,-5125.6955987259
2714,1,2022,1.615541,35.048429,1,31937.8725318385,-200.499258888493,750.999455184423,53.7977759845419,22.907082022317,-6216.61170862793
2715,7,2022,1.555755,35.049829,1,32001.3176419895,-241.483186164406,823.347478949767,53.5071776485987,22.8179531004879,-6353.06073389906
2716,7,2022,1.555755,35.049829,1,32001.0087608037,-241.926290223424,823.210511179982,53.5141100531652,22.8204290044911,-6352.94200538685
2717,7,2022,2.094188682,35.63829967,1,28358.1407386934,-1088.37558133298,274.679071187973,43.8008268827624,26.8050108417528,-4798.84381541337
2718,9,2022,1.589797,34.986013,1,33489.8022463178,-685.994580830497,1034.58070559728,53.7861620628529,22.8956683938362,-7268.18382493407
2719,2,2022,1.60508,34.983731,1,32550.5796860523,-429.347874266975,925.678795534161,53.7861620628529,22.8956683938362,-6638.76719394412
2720,6,2022,1.555755,35.049829,1,32002.5287683656,-242.441165881041,823.319893898055,53.5077198539793,22.8182092504566,-6354.68083325647
2721,7,2022,1.60508,34.983731,1,32550.8153695647,-429.570210297892,925.678795534162,53.7861620628529,22.8956683938362,-6639.30420810506
2722,3,2022,1.589614,34.985221,1,33396.0513279169,-674.554577901435,1034.58070559728,53.7861620628529,22.8956683938362,-7234.622633873
2723,4,2022,1.572605,35.005769,1,33081.7235241218,-448.148710457932,817.279820010066,53.7861620628529,22.8956683938362,-6865.22094678836
2864,7,2022,0.593685,35.558001,1,29897.1033127461,-116.613669022912,1114.64020204544,57.8062805680626,23.3228707875291,-5294.09267201883
2898,11,2022,1.210252,35.74825,1,29742.291300269,-788.577857101935,669.867256863043,56.4035364173396,25.065738982806,-4567.84290682602
2899,9,2022,0.321463,36.017515,1,27140.4830895727,-1032.34689867747,802.151934623718,53.3005654270106,23.5034218095753,-4473.83252923642
2900,9,2022,0.810843,35.659736,1,33766.5075970071,-685.740628805418,858.922714442015,52.9540430479718,24.0465067214617,-6281.48295374392
2914,6,2022,0.632329,35.549281,1,29972.0775752178,602.920174530712,1100.92702972144,58.6105308971787,22.5314464336776,-4698.76767438542
2914,12,2022,0.730096,35.97015,1,28366.8175578145,-1125.84509646828,722.815911591053,56.3971259254106,25.7251059562648,-3654.83345732197
2935,8,2022,1.326812,35.871614,1,28397.4693628267,307.88459469688,670.178437588969,47.2719194967798,22.8901985290388,-3292.48746958329
2938,6,2022,0.632329,35.549281,1,29976.1157449047,601.073752497227,1099.90598818487,58.5849608532408,22.5566086931992,-4701.91283347169
2969,12,2022,1.491713,35.011236,1,34832.7874377968,-720.50846296111,863.573369622231,52.4708178287809,22.5021830467329,-7368.63896151742
2970,7,2022,1.60508,34.983731,1,32551.0668517727,-432.638946010595,925.678795534162,53.7861620628529,22.8956683938362,-6645.8408395113
2971,9,2022,1.400963,35.573993,1,32603.2667170335,-19.9537316574904,800.178856054662,58.6893282660822,22.9884342507141,-6187.71672320286
2972,11,2022,1.648451,35.609547,1,32725.77551222,-1884.07208154766,469.112787225004,47.6793705322923,26.9671502184573,-7243.27359665542
2973,10,2022,1.734344,35.324677,1,27824.4328988272,74.457152209673,685.483251810074,50.0861478568767,20.2003657040531,-4150.63072429041
2974,12,2022,1.645502,35.138161,1,31286.686018537,-292.467742198574,757.128539618105,53.9525210225917,23.0591583339047,-5631.55203746197
2975,11,2022,1.231195,35.971367,1,29581.3052798315,-530.706096999431,607.170071972799,46.5963985691578,25.1618568124292,-5075.55730498833
2976,12,2022,1.760062,35.247811,1,29301.8501418189,-1306.13565366216,627.870010950134,50.9663745333413,23.6586181668555,-5583.01651540455
2977,4,2022,1.797533,35.368568,1,28742.3892721666,-512.477738818546,616.019734571878,47.5748493125824,23.966475194992,-4797.94195077844
2978,9,2022,1.518026,34.92861,1,31539.9204079545,20.8245775691507,1054.94685074298,51.1039907440639,22.9456628198493,-5938.55176881922
2980,9,2022,1.400963,35.573993,1,32614.9932970491,-17.9728247338802,799.532338591732,58.6893282660822,22.9884342507141,-6192.06121135159
2981,11,2022,2.223173,35.148879,1,27789.0559604519,-411.5043650659,477.638627064327,51.6202553495164,23.1994212594201,-4054.02879250609
2983,2,2022,1.734344,35.324677,1,27824.3009254961,73.752579604952,685.483251810074,50.0861478568767,20.2003657040531,-4151.87916285903
2984,10,2022,2.01406,35.028626,1,30928.9020810406,-773.115290438666,645.648923844099,57.4233623504242,24.0814016629572,-5227.24908593894
2985,6,2022,1.491713,35.011236,1,34837.9955316526,-719.976605048969,863.573369622231,52.4708178287809,22.5021830467329,-7371.60594302947
2986,8,2022,1.438856,34.900732,1,33740.5124893341,-312.629423726789,1058.35934838485,53.3401576909142,21.6160948261278,-6814.37834705138
2987,12,2022,1.734344,35.324677,1,27824.4827932879,73.3533934881956,685.483251810074,50.0861478568767,20.2003657040531,-4152.59811553858
2990,6,2022,1.705073,35.192863,1,27009.0177072833,59.432115309771,692.443150313629,51.3157952397973,22.8359734469897,-3638.94719185631
2991,11,2022,1.60508,34.983731,1,32548.9266641784,-429.256580351513,925.678795534161,53.7861620628529,22.8956683938362,-6638.10244746763
2992,10,2022,1.290104,35.079476,1,30764.768980744,924.757257596989,1182.06684299966,66.336096500862,17.4727151618156,-4819.08597330734
2993,2,2022,2.295554,35.181869,1,28790.7065461533,-1201.6365658556,449.84600239445,48.063503825303,25.4870200187648,-5268.488845124
2994,2,2022,2.009217,35.204115,1,30379.8129843848,-162.349598121942,595.813812162727,51.6563385136268,21.0023886153687,-5494.49007647368
2995,5,2022,2.01406,35.028622,1,30928.6614914368,-773.087152167807,645.648923844099,57.4233623504243,24.0814016629572,-5230.30850704413
2996,10,2022,2.124498,35.192863,1,31310.1812548424,-982.052367154042,552.907643982504,50.7020322912028,22.4454398603744,-6500.34778434583
2997,6,2022,1.491713,35.011236,1,34839.5441514418,-719.224149968163,863.573369622231,52.4708178287809,22.5021830467329,-7372.01882374875
2998,5,2022,1.491713,35.011236,1,34839.0451435849,-719.820835456433,863.573369622231,52.4708178287809,22.5021830467329,-7372.16329582511
2999,10,2022,1.999718,35.09057,1,32335.3074309118,-838.076270226165,603.041878360336,54.4761999844059,21.786086264484,-6716.0248231679
3000,10,2022,1.491713,35.011236,1,34840.5674684573,-719.370372858934,863.573369622231,52.4708178287809,22.5021830467329,-7372.79424298047
3037,5,2022,0.321463,36.017515,1,27141.1029988196,-1032.43346581595,802.151934623718,53.3005654270106,23.5034218095753,-4474.0938945413
3060,5,2022,0.321463,36.017515,1,27139.9063340669,-1031.67396967838,802.151934623718,53.3005654270106,23.5034218095753,-4472.52013130632
3061,5,2022,0.321463,36.017515,1,27139.0996954522,-1031.32848603916,802.151934623718,53.3005654270106,23.5034218095753,-4471.7571968779
3062,5,2022,0.765572,35.698459,1,30994.1097148369,-698.367552400078,900.875275999388,52.9540430479718,24.0465067214618,-5506.27139826881
3068,5,2022,0.321463,36.017515,1,27138.444798085,-1030.92201511358,802.151934623718,53.3005654270106,23.5034218095753,-4470.91023252937
3095,8,2022,1.648451,35.609547,1,32736.6025077165,-1885.16561761683,468.948636899291,47.6720183725844,26.9661205726597,-7249.52432679528
3096,2,2022,1.400206,35.044323,1,33715.8425171165,-346.88356201394,915.555248016735,55.206075971461,20.8401826989161,-6937.58055638465
3097,5,2022,1.445109,34.983731,1,33684.210245564,345.093632967015,1101.10893706381,54.1888408924304,21.4582761171497,-6428.67652057891
3098,6,2022,1.648451,35.609547,1,32721.0491596468,-1883.62388598494,469.193311342977,47.6829771421062,26.9676553123054,-7240.63179073033
3099,6,2022,1.490089224,35.01015937,1,34773.4232409364,-637.42594246279,863.573369622231,52.4708178287809,22.5021830467329,-7273.47414082102
3100,6,2022,1.648451,35.609547,1,32731.565509197,-1884.58400855648,469.004404925229,47.6745161771517,26.9664703819781,-7246.39263809366
3101,7,2022,1.442384,35.137879,1,32090.9560356472,-488.765119465197,936.589223447206,59.4370940884667,20.7829261915436,-6206.14501994209
3102,10,2022,1.545043,35.192863,1,36660.2903085378,-1332.77555864776,878.356041646461,56.8015432379414,22.2553281130856,-8075.28838870339
3103,1,2022,1.545043,35.192863,1,36667.0767445065,-1333.71943097171,877.557308757071,56.8015432379414,22.2553281130856,-8080.0918964199
3104,3,2022,1.442384,35.137879,1,32081.2271669956,-484.836919206435,936.831410184437,59.466101320776,20.772208863201,-6200.49755341301
3105,3,2022,1.535821,35.675145,1,28501.2900595222,-734.795077074512,539.710129499435,49.4271931843313,25.9004849873722,-4929.49427032635
3106,3,2022,1.400963,35.573993,1,32590.2844560918,-11.8016687046589,800.701476980672,58.6893282660822,22.9884342507141,-6174.71604188177
3107,10,2022,1.397999,35.586864,1,33056.1610955694,-615.37004261441,852.475140927637,58.6893282660823,22.9884342507141,-6772.83782394491
3108,8,2022,1.400963,35.573993,1,32587.3520335683,-15.6844789009899,800.924441533044,58.6893282660822,22.9884342507141,-6176.3116463128
3109,12,2022,1.400206,35.044323,1,33718.6280568207,-348.488961866157,915.549933409346,55.206075971461,20.8401826989161,-6939.20021740064
3110,3,2022,1.400206,35.044323,1,33710.5849063853,-344.074517157724,915.559285796118,55.206075971461,20.8401826989161,-6934.30545497956
3111,3,2022,1.554077,35.137879,1,31950.6938700324,-364.0087866461,803.701840854159,53.9756193948538,22.9243191687461,-6588.45634169513
3112,3,2022,1.284475,35.07185,1,31405.7078593862,956.372079040011,1182.06684299966,66.336096500862,17.4727151618156,-5026.90815748951
3114,5,2022,1.309221,35.207071,1,31106.7619724244,732.63093044992,1041.22826969251,70.0923562722139,18.0709531130856,-5207.37343191712
3115,5,2022,1.4121,35.032,1,34294.4783197773,-931.498115203084,913.99686282713,55.206075971461,20.8401826989161,-7568.69872369096
3118,5,2022,1.290104,35.079476,1,30773.4002533638,922.911327624544,1182.06684299966,66.336096500862,17.4727151618156,-4822.19124427072
3120,5,2022,1.648451,35.609547,1,32734.1217101988,-1885.02867158046,469.017590102708,47.6751067305374,26.9665530870384,-7248.44424213087
3121,7,2022,1.495974,35.472715,1,32641.9148901186,-257.808449869363,737.151216363755,56.0528430534777,24.7983508192785,-6269.22329205287
3122,11,2022,1.536662,35.631419,1,30339.3277475669,-600.530230483474,561.852558016777,52.6836291061027,26.112710747218,-5581.15405425501
3123,7,2022,1.397999,35.586864,1,33046.8252309291,-614.33898248571,852.430230655914,58.6893282660822,22.9884342507141,-6768.92472431802
3124,7,2022,1.536662,35.631419,1,30331.1954134988,-599.34243863174,561.852558016777,52.6836291061027,26.112710747218,-5582.69805071839
3125,3,2022,1.495974,35.472715,1,32644.1543791119,-260.475958985086,737.20446535766,56.0528430534777,24.7983508192785,-6273.42016498716
3126,3,2022,1.495974,35.472715,1,32647.3768245963,-264.296803170262,737.24050036198,56.0528430534777,24.7983508192785,-6279.3084934849
3127,5,2022,1.648451,35.609547,1,32725.276858893,-1884.26366447278,469.187347893484,47.6827100440491,26.9676179061005,-7243.73449053411
3129,3,2022,1.648451,35.609547,1,32732.3754801328,-1884.41166766141,468.920963705475,47.6707789127193,26.9659469903802,-7246.07710976386
3130,5,2022,1.648451,35.609547,1,32724.388191336,-1884.49308042119,469.249153852463,47.6854782827311,26.9680055888276,-7243.6678142561
3131,9,2022,1.648451,35.609547,1,32736.5782222043,-1885.03341395657,468.912799643663,47.6704132510245,26.9658957806619,-7249.10994452939
3132,8,2022,1.231195,35.971367,1,29585.0409337123,-533.571393348512,607.1700719728,46.5963985691578,25.1618568124292,-5078.37107273485
3133,2,2022,1.797533,35.368568,1,28751.8745633533,-514.773943513464,614.861999931727,47.5748493125824,23.966475194992,-4802.58095297806
3134,1,2022,1.734344,35.324677,1,27825.3645580636,72.1134712247914,685.483251810074,50.0861478568767,20.2003657040531,-4154.85216510843
3135,1,2022,1.735813869,35.30881744,1,26832.0278660808,-398.22443293794,685.483251810074,50.0861478568767,20.2003657040531,-4043.03629883254
3136,1,2022,1.734344,35.324677,1,27824.981988616,72.3490889247097,685.483251810074,50.0861478568767,20.2003657040531,-4154.41002880415
3137,11,2022,1.207741207,35.09009088,1,30927.8241625993,1672.19555727022,1367.25147044592,70.0089024658068,16.3258611200063,-4154.53104036775
3138,11,2022,2.332446,35.840266,1,32991.4511186549,-2960.72153132157,112.785552278649,40.7745521543309,28.9721671274264,-5135.40871256151
3140,5,2022,1.966667,35.2,1,28646.3242111636,-176.986136602693,588.16157662017,51.6563385136268,21.0023886153687,-4616.34992002228
3142,3,2022,1.734344,35.324677,1,27826.0501321134,71.8730524389775,685.483251810074,50.0861478568767,20.2003657040531,-4155.32141441789
3143,9,2022,1.734344,35.324677,1,27824.7223058897,73.3683248696966,685.483251810074,50.0861478568767,20.2003657040531,-4152.58466067038
3144,8,2022,1.300454,35.199375,1,30806.4427494652,832.992738832233,1290.21504809402,70.0923562722139,18.0709531130856,-4904.25523579373
3145,7,2022,1.760062,35.247811,1,29300.1933329709,-1306.71849812992,627.891038701892,50.9735454450777,23.6622246158673,-5583.04238356707
3146,5,2022,1.797533,35.368568,1,28747.6096776488,-512.043496609468,614.987181247389,47.5748493125824,23.966475194992,-4799.40759890973
3147,2,2022,1.489864,35.010159,1,34763.0192837166,-628.320734431635,863.573369622231,52.4708178287809,22.5021830467329,-7261.41558424135
3148,10,2022,1.734344,35.324677,1,27825.533343912,72.9217349896942,685.483251810074,50.0861478568767,20.2003657040531,-4153.42268905112
3149,12,2022,1.495974,35.472715,1,32643.5507325287,-259.807409280293,737.276638268228,56.0528430534777,24.7983508192785,-6272.64312728141
3151,7,2022,1.495974,35.472715,1,32645.5689801901,-262.131785798116,737.186549610007,56.0528430534777,24.7983508192785,-6275.86246731166
3152,4,2022,1.495974,35.472715,1,32645.8277034914,-262.579245671816,737.404131363969,56.0528430534777,24.7983508192785,-6277.25291205835
3153,7,2022,1.489864,35.010159,1,34763.2274196845,-632.881098074194,863.573369622231,52.4708178287809,22.5021830467329,-7264.22006778096
3154,7,2022,1.489864,35.010159,1,34758.0458973517,-631.3123280859,863.573369622231,52.4708178287809,22.5021830467329,-7259.95721178842
3155,6,2022,1.489864,35.010159,1,34764.404684677,-628.708194556247,863.573369622231,52.4708178287809,22.5021830467329,-7262.5302026342
3156,2,2022,1.554851,34.948367,1,32251.7888545546,-130.166259021042,1054.08959000746,51.7202785357127,23.1664543599891,-6398.87191558357
3157,11,2022,1.475214569,34.96738888,1,31931.7733147792,-97.6628789656706,1052.27129569655,52.4708178287809,22.5021830467329,-5868.57351338853
3167,9,2022,1.489864,35.010159,1,34758.4640942815,-630.573991968903,863.573369622231,52.4708178287809,22.5021830467329,-7259.79702210681
3168,9,2022,1.545043,35.192863,1,36668.8291167111,-1334.4273330543,878.168220340049,56.8015432379414,22.2553281130856,-8077.25879379469
3169,2,2022,1.442384,35.137879,1,32094.4410750262,-489.09900543374,936.83593333942,59.4666430688868,20.7720087030367,-6207.86736476699
3170,2,2022,1.4121,35.032,1,34294.1267596656,-930.984454956904,913.99686282713,55.206075971461,20.8401826989161,-7568.11431195152
3171,10,2022,1.554077,35.137879,1,31949.1095530352,-363.982567894772,803.627076660797,53.9755269548675,22.9248587968388,-6586.5396494132
3172,10,2022,1.966667,35.2,1,28658.0387102383,-177.783013564693,588.036928684607,51.6563385136268,21.0023886153687,-4624.31354701424
3175,12,2022,1.925091,35.412436,1,31350.4904932835,-1655.05960540374,349.718997716904,46.9623459113927,26.6612320799806,-6077.37746657445
3176,4,2022,1.925084,35.156148,1,31333.9732441639,-448.718521227465,634.904798090458,51.6806285965372,22.6708052909538,-5786.26675823538
3177,5,2022,1.925084,35.156148,1,31334.7023479128,-451.612271663541,634.904798090458,51.6806285965372,22.6708052909538,-5786.97748315878
3178,5,2022,1.435744,35.511051,1,30571.2808813895,433.04880117779,812.425037622452,63.1795040598515,19.5557461621011,-5129.77754928622
3179,5,2022,1.790621991,35.30270424,1,28099.1139471185,-1348.23929362375,637.221082823231,49.2722602495438,22.8066014346467,-5111.64639477222
3180,5,2022,1.966667,35.2,1,28653.5728137782,-177.840146195034,588.076072711067,51.6563385136268,21.0023886153687,-4621.58968248058
3181,6,2022,1.518026,34.92861,1,31534.5466364984,19.8357066657989,1054.94685074298,51.1039907440639,22.9456628198493,-5938.43173641668
3182,10,2022,1.966667,35.2,1,28660.9056338866,-177.312384639213,588.022112195147,51.6563385136268,21.0023886153687,-4625.67687523468
3183,6,2022,1.734344,35.324677,1,27825.3301143787,73.1045313597672,685.483251810074,50.0861478568767,20.2003657040531,-4153.08617176984
3184,8,2022,1.928229,35.280762,1,29300.2384588162,523.427282994418,590.19837837154,49.1604853891499,23.9110617389418,-4386.358986029
3185,8,2022,1.966667,35.2,1,28647.4595588773,-179.8370336252,588.084385854295,51.6563385136268,21.0023886153687,-4619.55107983917
3186,10,2022,2.160457,35.06084,1,27001.0316440189,-136.088252027856,541.680176340044,52.2773584005045,22.6234101264989,-3709.51796129128
3187,9,2022,1.925084,35.156148,1,31333.0374077443,-449.9480175871,634.904798090458,51.6806285965372,22.6708052909538,-5786.00267202498
3188,10,2022,1.966667,35.2,1,28656.339173448,-178.997955720824,588.023437934172,51.6563385136268,21.0023886153687,-4624.33766954222
3189,6,2022,1.966667,35.2,1,28639.408165959,-180.889625742812,588.132927098799,51.6563385136268,21.0023886153687,-4615.46122838697
3190,11,2022,2.160457,35.06084,1,27001.5949128193,-135.865028076868,541.680176340043,52.2773584005045,22.6234101264989,-3709.46609267786
3191,11,2022,1.966667,35.2,1,28654.7048624816,-177.614708844685,588.07113794082,51.6563385136268,21.0023886153687,-4622.09390267617
3192,4,2022,1.734344,35.324677,1,27825.641911821,73.3649882770546,685.483251810074,50.0861478568767,20.2003657040531,-4152.63534180492
3193,3,2022,1.972084227,35.34214049,1,32153.9833418353,-1654.70716361833,463.31103348732,48.6843222600065,23.7536409787392,-6611.15053421595
3194,3,2022,1.734344,35.324677,1,27824.7808804371,74.5664307558702,685.483251810074,50.0861478568767,20.2003657040531,-4150.44909302119
3195,3,2022,1.790621991,35.30270424,1,28108.1599370294,-1345.91569319071,637.013851237652,49.2722602495438,22.8066014346467,-5113.81393897751
3196,7,2022,1.734344,35.324677,1,27825.3898078017,73.9904364510719,685.483251810074,50.0861478568767,20.2003657040531,-4151.50412289538
3197,7,2022,2.076213,35.45491,1,35543.5617373512,-2247.934347368,245.622587144244,44.7800362902072,28.0774452470753,-7327.37527253617
3198,7,2022,1.966667,35.2,1,28663.4494020209,-177.114175076213,588.003770698569,51.6563385136268,21.0023886153687,-4627.08055295779
3199,3,2022,1.966667,35.2,1,28660.9334255903,-176.49387308291,588.041267277219,51.6563385136268,21.0023886153687,-4624.96924753437
3200,11,2022,1.966667,35.2,1,28648.4485577027,-178.614538967021,588.104284538739,51.6563385136268,21.0023886153687,-4619.08772820333
3201,11,2022,2.009217,35.204115,1,30368.7332274343,-162.970740425608,595.813812162727,51.6563385136268,21.0023886153687,-5488.81200483653
3202,2,2022,1.925084,35.156148,1,31332.1258455469,-449.686677358286,634.904798090458,51.6806285965372,22.6708052909538,-5785.55408364151
3203,5,2022,1.966667,35.2,1,28659.9151053621,-176.222727086125,588.056863293251,51.6563385136268,21.0023886153687,-4624.09927122626
3204,5,2022,2.057429,35.280762,1,28693.9785300723,-671.928111350861,489.322270721721,48.3289170042949,25.1903920578631,-4779.54699045217
3205,7,2022,1.966667,35.2,1,28653.3281364489,-178.292845744047,588.067590796425,51.6563385136268,21.0023886153687,-4621.83723624186
3206,7,2022,1.927243,35.364454,1,32389.7213710604,-1338.30833839402,407.406240701675,46.9623459113927,26.6612320799806,-6180.55151892116
3207,7,2022,1.927243,35.364454,1,32390.6882409433,-1339.18976922872,407.406240701675,46.9623459113927,26.6612320799806,-6181.6201215623
3208,8,2022,1.966667,35.2,1,28636.9529339916,-178.917172545587,588.201408287775,51.6563385136268,21.0023886153687,-4612.21187398495
3209,9,2022,1.790621991,35.30270424,1,28107.2735162221,-1345.55595539781,637.031859710648,49.2722602495437,22.8066014346467,-5113.21387258158
3210,11,2022,2.160457,35.06084,1,27001.5062931047,-136.001893047107,541.680176340044,52.2773584005045,22.6234101264989,-3709.57771301811
3211,5,2022,2.160457,35.06084,1,26999.6352453927,-134.338179064694,541.680176340044,52.2773584005045,22.6234101264989,-3707.19989304368
3212,2,2022,1.966667,35.2,1,28642.6468708793,-177.334276529596,588.186652094989,51.6563385136268,21.0023886153687,-4614.37440758466
3213,9,2022,1.966667,35.2,1,28656.3921408428,-180.033712191448,587.998116663235,51.6563385136268,21.0023886153687,-4625.29957966424
3214,6,2022,2.009217,35.204115,1,30363.6448001403,-162.375135511432,595.813812162727,51.6563385136268,21.0023886153687,-5485.78815101546
3215,9,2022,2.009217,35.204115,1,30375.4607589375,-163.560245521355,595.813812162727,51.6563385136268,21.0023886153687,-5492.71401965295
3216,7,2022,1.966667,35.2,1,28662.6481294798,-176.773087504434,588.019143447642,51.6563385136268,21.0023886153687,-4626.27988782576
3217,7,2022,1.966667,35.2,1,28641.4357273115,-179.257578000598,588.152836229444,51.6563385136268,21.0023886153687,-4615.29205636971
3218,1,2022,1.495974,35.472715,1,32647.3615049323,-264.258148735372,737.20931873197,56.0528430534777,24.7983508192785,-6279.14752581197
3219,1,2022,1.966667,35.2,1,28632.891084614,-180.766920820337,588.19522943687,51.6563385136268,21.0023886153687,-4611.29164197658
3220,1,2022,1.925091,35.412435,1,31350.3699130446,-1654.96280758964,349.718997716904,46.9623459113927,26.6612320799806,-6077.58133548489
3221,5,2022,2.057429,35.280762,1,28688.5231884374,-672.034313382587,489.322270721721,48.3289170042949,25.1903920578631,-4776.76432751866
3222,5,2022,1.495974,35.472715,1,32647.3552667074,-264.363003322412,737.373356211985,56.0528430534777,24.7983508192785,-6279.84940582926
3223,7,2022,1.966667,35.2,1,28638.7844948902,-178.840572284114,588.186603728986,51.6563385136268,21.0023886153687,-4613.28237390986
3225,12,2022,1.668478,35.412435,1,30576.133658875,1114.01575710539,813.214239597321,49.6823247750927,20.5423842007712,-4945.63697446523
3233,8,2022,1.648451,35.609547,1,32724.009169266,-1883.74081348667,469.097243169574,47.67867432668,26.96705271715,-7241.78071208878
3234,2,2022,1.400206,35.044323,1,33714.5924282479,-346.246115853956,915.555366291767,55.206075971461,20.8401826989161,-6936.77083874222
3235,5,2022,1.445109,34.983731,1,33684.5820777319,344.796760806033,1101.27154164987,54.1945610382292,21.454800436314,-6429.72194351086
3236,6,2022,1.648451,35.609547,1,32730.8563079727,-1884.27880526498,468.949793039367,47.672070155159,26.9661278246391,-7245.26329529487
3237,6,2022,1.490089224,35.01015937,1,34776.3192052495,-636.225806939108,863.573369622231,52.4708178287809,22.5021830467329,-7274.60745203993
3238,6,2022,1.648451,35.609547,1,32732.4786565509,-1884.82723981582,469.032577502098,47.675778003978,26.966647096677,-7247.38627477377
3239,7,2022,1.442384,35.137879,1,32078.1360169157,-484.070393012181,936.759241862996,59.4574575639404,20.7754024798526,-6198.84068559526
3240,10,2022,1.545043,35.192863,1,36669.9756836833,-1334.23391478255,877.412162926641,56.8015432379414,22.2553281130856,-8081.16570278476
3241,1,2022,1.545043,35.192863,1,36663.2525638447,-1333.33040536695,878.258863894465,56.8015432379414,22.2553281130856,-8076.13165025116
3242,3,2022,1.442384,35.137879,1,32091.881180135,-488.361922468805,936.807494309824,59.4632368644531,20.7732671964679,-6206.46427633102
3243,3,2022,1.535821,35.675145,1,28500.7100128124,-734.154928665931,539.710129499435,49.4271931843313,25.9004849873722,-4927.59372166891
3244,3,2022,1.400963,35.573993,1,32602.7915822068,-17.4437942913206,800.156637018359,58.6893282660822,22.9884342507141,-6185.48983501192
3245,10,2022,1.397999,35.586864,1,33064.0582649814,-617.095783397594,851.80869658088,58.6893282660822,22.9884342507141,-6779.73022517649
3246,8,2022,1.400963,35.573993,1,32602.2873975703,-9.46216677310031,800.032966167054,58.6893282660822,22.9884342507141,-6178.91591174019
3247,12,2022,1.400206,35.044323,1,33710.9783782661,-344.10633642947,915.563905373846,55.206075971461,20.8401826989161,-6934.73161979817
3248,3,2022,1.400206,35.044323,1,33712.2189725126,-344.728304023995,915.56406541906,55.206075971461,20.8401826989161,-6935.54502497591
3249,3,2022,1.554077,35.137879,1,31948.9883434314,-364.06328112114,803.62743835933,53.975527402079,22.9248561861949,-6586.24038430429
3250,3,2022,1.284475,35.07185,1,31407.8134919161,955.23354792335,1182.06684299966,66.336096500862,17.4727151618156,-5028.69082027592
3252,5,2022,1.309221,35.207071,1,31109.2699696073,732.704104415992,1041.22826969251,70.0923562722139,18.0709531130856,-5209.55497946098
3255,5,2022,1.290104,35.079476,1,30765.9492912919,924.575745723397,1182.06684299966,66.336096500862,17.4727151618156,-4819.7582033457
3257,7,2022,1.648451,35.609547,1,32720.8713082909,-1883.6551909702,469.209693951165,47.6837109058153,26.9677580735006,-7240.68140191888
3258,11,2022,1.536662,35.631419,1,30336.7297954285,-601.912563470099,561.852558016777,52.6836291061027,26.112710747218,-5581.99060753937
3259,7,2022,1.397999,35.586864,1,33056.5110187097,-615.676217119029,852.256376167091,58.6893282660822,22.9884342507141,-6774.10607637795
3260,3,2022,1.495974,35.472715,1,32640.9889200737,-256.789013822701,737.283498486791,56.0528430534777,24.7983508192785,-6268.10337890726
3261,5,2022,1.495974,35.472715,1,32641.362274013,-257.255013567566,737.328025493909,56.0528430534777,24.7983508192785,-6268.95023910694
3263,3,2022,1.648451,35.609547,1,32722.1761865653,-1883.8750541578,469.213999208543,47.683903734795,26.9677850785653,-7241.70860291765
3264,5,2022,1.648451,35.609547,1,32724.7078985754,-1884.23872285172,469.204997156859,47.6835005402147,26.9677286124898,-7243.5065968736
3265,9,2022,1.648451,35.609547,1,32724.2513922943,-1884.14832534609,469.199776783746,47.6832667239448,26.9676958672899,-7243.10543872676
3266,8,2022,1.231195,35.971367,1,29576.0594151904,-529.801628468823,607.170071972799,46.5963985691578,25.1618568124292,-5072.75527471589
3267,2,2022,1.797533,35.368568,1,28747.9578223838,-513.131297156748,615.17782412025,47.5748493125824,23.966475194992,-4800.22016628535
3268,1,2022,1.734344,35.324677,1,27824.6445448167,73.6292042454783,685.483251810074,50.0861478568767,20.2003657040531,-4152.11638793132
3269,1,2022,1.735813869,35.30881744,1,26829.4562500373,-401.226840252973,685.483251810074,50.0861478568767,20.2003657040531,-4044.16469982524
3270,1,2022,1.734344,35.324677,1,27825.7909331381,72.9128411264428,685.483251810074,50.0861478568767,20.2003657040531,-4153.45134154624
3271,11,2022,1.207741207,35.09009088,1,30929.6914887109,1671.24930757168,1367.411358918,70.0089024658068,16.3258611200063,-4157.37691901777
3272,11,2022,2.332446,35.840266,1,33028.6630169101,-2958.54383321765,112.785552278649,40.7745521543309,28.9721671274264,-5150.37974232938
3274,5,2022,1.966667,35.2,1,28634.4255758801,-181.005182940734,588.175670379271,51.6563385136268,21.0023886153687,-4612.45573112438
3276,3,2022,1.734344,35.324677,1,27825.3853381292,73.0079397581554,685.483251810074,50.0861478568767,20.2003657040531,-4153.26130522063
3277,9,2022,1.734344,35.324677,1,27826.0608874135,72.0361051950154,685.483251810074,50.0861478568767,20.2003657040531,-4155.03134016859
3278,8,2022,1.300454,35.199375,1,30808.8746062949,832.165050022682,1289.88485912646,70.0923562722139,18.0709531130856,-4904.89296795048
3279,7,2022,1.760062,35.247811,1,29297.861809815,-1307.45880207316,627.91703063645,50.9824092490033,23.6666824669862,-5583.06289630562
3280,5,2022,1.797533,35.368568,1,28746.146099386,-513.848643560372,615.661673911317,47.5748493125824,23.966475194992,-4800.06930256345
3281,2,2022,1.489864,35.010159,1,34759.6726485327,-632.296212999691,863.573369622231,52.4708178287809,22.5021830467329,-7261.5832888327
3282,10,2022,1.734344,35.324677,1,27825.6168797284,72.8997283163745,685.483251810074,50.0861478568767,20.2003657040531,-4153.46620291161
3283,2,2022,1.495974,35.472715,1,32644.6473005308,-261.102572293303,737.279069976141,56.0528430534777,24.7983508192785,-6274.60838061203
3284,7,2022,1.495974,35.472715,1,32644.6574599941,-261.134335200382,737.310324429392,56.0528430534777,24.7983508192785,-6274.75832339036
3285,4,2022,1.495974,35.472715,1,32643.702366684,-260.027244157035,737.342735406412,56.0528430534777,24.7983508192785,-6273.19006739977
3286,7,2022,1.489864,35.010159,1,34762.9563741142,-631.824365184762,863.573369622231,52.4708178287809,22.5021830467329,-7263.42458450577
3287,7,2022,1.489864,35.010159,1,34760.6975345279,-630.509529135501,863.573369622231,52.4708178287809,22.5021830467329,-7261.19997609592
3288,6,2022,1.489864,35.010159,1,34763.9395681346,-632.717971481387,863.573369622231,52.4708178287809,22.5021830467329,-7264.58277462983
3289,2,2022,1.554851,34.948367,1,32241.0866453779,-129.894437226003,1054.0896724138,51.7202192935077,23.1664331358502,-6394.47810887839
3290,11,2022,1.475214569,34.96738888,1,31940.5268870644,-99.2160778786719,1052.27129569655,52.4708178287809,22.5021830467329,-5873.07318102645
3295,1,2022,1.290104,35.079476,1,30774.7654842665,922.570219341117,1182.06684299966,66.336096500862,17.4727151618156,-4822.50752655265
3357,3,2022,1.648451,35.609547,1,32733.3157173143,-1884.94968483697,469.030432528308,47.6756819323448,26.9666336421606,-7247.98661230702
3359,6,2022,1.60508,34.983731,1,32546.6019996775,-432.766344381087,925.678795534162,53.7861620628529,22.8956683938362,-6644.82036118709
3360,5,2022,1.797533,35.368568,1,28742.5477180702,-511.41376310359,615.75235807335,47.5748493125824,23.966475194992,-4797.32032375284
3361,5,2022,1.739282,35.467237,1,30230.0163506847,-1111.5698062961,586.530668020248,48.0245215892435,24.8765059188077,-5841.62309556871
3362,7,2022,1.533855,35.448918,1,31299.2794452733,-703.149740657622,751.663759382573,56.8645047357518,23.9467980449634,-5677.60162490837
3363,2,2022,1.797533,35.368568,1,28747.0665019549,-511.494983394785,614.956191744221,47.5748493125824,23.966475194992,-4798.87471028006
3364,11,2022,1.797533,35.368568,1,28741.7342039566,-512.574890014606,616.157215713015,47.5748493125824,23.966475194992,-4797.78375048886
3365,11,2022,1.797533,35.368568,1,28743.1165638401,-511.004603536027,615.556338377369,47.5748493125824,23.966475194992,-4797.24887726489
3366,11,2022,1.797533,35.368568,1,28745.6489645132,-513.576930013267,615.688480831898,47.5748493125824,23.966475194992,-4799.73031759768
3367,11,2022,1.797533,35.368568,1,28748.517619896,-512.227325942865,614.866718395978,47.5748493125824,23.966475194992,-4799.8276023371
3369,10,2022,1.739282,35.467237,1,30224.1834954994,-1113.06652148376,586.530668020248,48.0245215892435,24.8765059188077,-5838.985699838
3370,9,2022,1.797533,35.368568,1,28741.0278957946,-511.203774609576,615.977499795869,47.5748493125824,23.966475194992,-4796.68045389069
3371,8,2022,1.739282,35.467237,1,30222.9197880547,-1113.643089114,586.530668020248,48.0245215892435,24.8765059188077,-5838.44999135424
3372,8,2022,1.797533,35.368568,1,28747.0631492944,-514.145072496781,615.56668958775,47.5748493125824,23.966475194992,-4800.56517047743
3373,6,2022,1.797533,35.368568,1,28743.2535596377,-513.331418986315,616.055961492828,47.5748493125824,23.966475194992,-4798.77074928864
3374,3,2022,1.668478,35.412435,1,30576.3763527263,1114.44868335937,813.214239597321,49.6823247750927,20.5423842007712,-4946.5649085589
3375,3,2022,1.797533,35.368568,1,28741.4883499697,-512.145266349749,616.105752192998,47.5748493125824,23.966475194992,-4797.43022249023
3376,4,2022,1.739282,35.467237,1,30223.6491728473,-1112.17549675432,586.530668020248,48.0245215892435,24.8765059188077,-5838.59549403652
3377,6,2022,1.739282,35.467237,1,30231.42888367,-1111.93225813618,586.530668020248,48.0245215892435,24.8765059188077,-5842.36429637212
3378,6,2022,1.603738,35.456279,1,30437.3019735566,-366.812532012687,618.14727807045,50.9364803134664,25.1841670293242,-5538.94649313606
3379,7,2022,1.436433,35.355208,1,30747.9218618366,419.229428122452,841.371321320534,65.0927245793774,19.2412631605314,-5023.17923039004
3380,6,2022,1.436433,35.355208,1,30751.8416120146,419.00996043355,841.371321320534,65.0927245793774,19.2412631605314,-5024.94309062375
3381,6,2022,2.295554,35.181869,1,28789.5415814831,-1200.45680977506,449.888130925712,48.063503825303,25.4870200187648,-5266.19212904166
3382,3,2022,2.076213,35.45491,1,35545.8430239124,-2248.23963052691,245.622587144244,44.7800362902072,28.0774452470753,-7327.88644403506
3383,3,2022,2.383763,35.647819,1,39611.6677197595,-3296.37398495295,140.754585623741,40.8477087366033,27.9986491390559,-7378.46589710969
3384,1,2022,1.776522,35.502838,1,33804.6685557701,-1249.03234189751,513.78153201157,46.4226019749325,26.6307033538819,-6402.49131357068
3385,1,2022,1.391984,35.291743,1,30249.5089495626,199.626144919798,710.156322347699,65.6540318767078,20.8297658092899,-5124.63273855442
3386,9,2022,1.609802,35.352112,1,30284.4156064781,430.561931177009,831.52367153538,52.7535030414124,20.7870632342031,-5172.02107420234
3387,10,2022,1.551136,35.291743,1,29639.7779151046,615.153974911218,831.693092950696,56.9116587687845,21.491055212791,-4823.043501885
3388,1,2022,1.554077,35.137879,1,31947.1011539399,-363.001115369946,803.462490767515,53.9753234574843,22.9260467341079,-6585.86967754265
3389,1,2022,1.495974,35.472715,1,32648.2316109192,-265.387306682368,737.357989073702,56.0528430534777,24.7983508192785,-6281.3474689839
3390,1,2022,1.495974,35.472715,1,32641.2297747138,-257.060274656654,737.260367659527,56.0528430534777,24.7983508192785,-6268.43963457581
3391,1,2022,1.495974,35.472715,1,32646.2935053068,-263.030370946916,737.257189296577,56.0528430534777,24.7983508192785,-6277.45002318973
3392,1,2022,1.738554,35.619629,1,31962.7268145249,-1615.52014920331,380.475368976593,46.0396150528272,26.7375078540959,-6430.98494151609
3404,6,2022,0.937576,38.587897,1,34445.8345636454,-1733.47987859301,295.264279842377,50.9188036902232,28.1049909983596,-6030.61994460016
3407,9,2022,1.061163,38.666146,1,35160.6044982756,-1612.01917745832,193.945966482162,49.6564893528879,28.357699287101,-5793.53520569004
3422,1,2022,0.937576,38.587897,1,34450.0992754013,-1734.84481167431,295.264279842377,50.9188036902232,28.1049909983596,-6033.11391243258
3423,6,2022,0.937576,38.587897,1,34460.3934326149,-1737.31913764918,295.264279842377,50.9188036902232,28.1049909983596,-6038.09497750592
3534,6,2022,3.871231,41.709405,1,39492.5886001889,-1802.43105588843,114.268394384533,44.5797737411323,29.2849654472038,-10579.4370484287
3607,2,2022,3.729854,41.283651,1,37553.350357332,-1299.60540855008,133.145147408359,46.2828061978959,27.5116840188362,-9587.68214372212
3653,7,2022,1.491713,35.011236,1,34836.4940672102,-718.47631369111,863.573369622231,52.4708178287809,22.5021830467329,-7369.46142819331
3654,12,2022,1.728687,35.58767,1,30986.4936331013,-1439.83728461684,421.092267990112,46.0396150528272,26.7375078540959,-5791.13826703078
3655,9,2022,1.648451,35.609547,1,32736.6786640245,-1885.15297234406,468.941826721498,47.6717133502547,26.9660778552852,-7249.50545764576
3669,9,2022,1.728687,35.58767,1,30986.5633081923,-1439.97680108288,421.092267990112,46.0396150528272,26.7375078540959,-5791.36641486074
3670,4,2022,1.728687,35.58767,1,30987.8215201725,-1439.64158670351,421.092267990112,46.0396150528272,26.7375078540959,-5788.70731196867
3671,5,2022,1.400963,35.573993,1,32587.376193522,-8.41227584992716,800.790424440804,58.6893282660822,22.9884342507141,-6170.56601035712
3674,7,2022,1.489864,35.010159,1,34765.434608788,-630.914640962221,863.573369622231,52.4708178287809,22.5021830467329,-7264.48351330029
3675,7,2022,1.728687,35.58767,1,30984.5438694435,-1439.37037479217,421.092267990112,46.0396150528272,26.7375078540959,-5792.91170724375
3676,7,2022,1.728687,35.58767,1,30984.8425024738,-1439.46048851503,421.092267990112,46.0396150528272,26.7375078540959,-5792.68423020565
3677,7,2022,1.495974,35.472715,1,32645.5362599686,-262.169123346694,737.306472840079,56.0528430534777,24.7983508192785,-6276.31009115849
3678,8,2022,1.648451,35.609547,1,32728.0330167074,-1884.24742647104,469.063706524004,47.6771722475752,26.9668423559093,-7244.41510225097
3679,10,2022,1.495974,35.472715,1,32649.7495897179,-267.079917360258,737.220158621525,56.0528430534777,24.7983508192785,-6283.4449805078
3680,10,2022,1.495974,35.472715,1,32648.4892081279,-265.571144977984,737.185668854648,56.0528430534777,24.7983508192785,-6281.05227535216
3681,10,2022,1.797533,35.368568,1,28744.2199660907,-513.937346863993,616.019566064576,47.5748493125824,23.966475194992,-4799.47760243612
3682,10,2022,1.648451,35.609547,1,32731.2538606412,-1884.52104716688,469.000347358709,47.6743344420443,26.9664449305737,-7246.11555256445
3683,10,2022,1.507382,35.5001,1,33117.6075553661,380.274444357185,706.719328623342,56.0528430534777,24.7983508192785,-5657.61350085551
3685,7,2022,1.648451,35.609547,1,32727.8418673125,-1884.50023173294,469.142039363925,47.6806807118257,26.9673337047939,-7245.14652668491
3686,7,2022,1.648451,35.609547,1,32735.4923864955,-1884.7664456899,468.885070606167,47.6691712899663,26.9657218480986,-7247.9989995231
3687,7,2022,1.495549,35.707923,1,29982.9157470468,-868.758762364875,478.590559363365,49.4271931843313,25.9004849873722,-5743.0659713479
3688,8,2022,1.728687,35.58767,1,30988.1221153823,-1439.92793654869,421.092267990112,46.0396150528272,26.7375078540959,-5788.94952526177
3689,5,2022,1.507382,35.5001,1,33129.5881276338,382.892114691408,706.889814243886,56.0528430534777,24.7983508192785,-5661.61028967575
3690,5,2022,1.496012,35.472714,1,32643.7443554661,-259.949733696234,737.128868738749,56.0528430534777,24.7983508192785,-6272.38363711238
3691,8,2022,1.496012,35.472714,1,32646.5650557454,-263.338909746123,737.239262232036,56.0528430534777,24.7983508192785,-6277.85736799523
3692,9,2022,1.495974,35.472715,1,32640.9147974673,-256.7191397927,737.314799706401,56.0528430534777,24.7983508192785,-6268.09764282408
3693,9,2022,1.536662,35.631419,1,30336.5400153366,-600.360562052779,561.852558016777,52.6836291061027,26.112710747218,-5581.73252679583
3694,10,2022,1.495974,35.472715,1,32641.2572087049,-257.102622218464,737.278280425506,56.0528430534777,24.7983508192785,-6268.56071012103
3695,10,2022,1.536662,35.631419,1,30340.3806262296,-601.644297431981,561.852558016777,52.6836291061027,26.112710747218,-5581.13648805524
3696,10,2022,1.495974,35.472715,1,32647.4824363413,-264.376653967822,737.172428970166,56.0528430534777,24.7983508192785,-6279.20548451817
3697,10,2022,1.728687,35.58767,1,30985.2492249827,-1439.48413492171,421.092267990112,46.0396150528272,26.7375078540959,-5792.13777993812
3698,10,2022,1.728687,35.58767,1,30988.7744520972,-1439.88664640775,421.092267990112,46.0396150528272,26.7375078540959,-5787.88821787652
3699,8,2022,2.274397,35.425993,1,32664.6927661103,-111.422177196787,232.724190781853,43.8852048676446,28.5558333392557,-4932.69178752628
3701,10,2022,1.728687,35.58767,1,30987.7184751111,-1439.64416567678,421.092267990112,46.0396150528272,26.7375078540959,-5788.86588604283
3702,12,2022,1.495974,35.472715,1,32648.9748952996,-266.264311593098,737.356587318752,56.0528430534777,24.7983508192785,-6282.66930951425
3703,12,2022,1.683088,35.478193,1,30575.8158250895,-864.653515629671,637.461884975433,48.0245215892435,24.8765059188077,-5437.379937502
3704,12,2022,1.495974,35.472715,1,32648.7898204578,-266.038167894252,737.346335569505,56.0528430534777,24.7983508192785,-6282.29279193422
3705,12,2022,1.648451,35.609547,1,32720.6070814342,-1883.54514993683,469.19065499431,47.6828581664079,26.9676386501499,-7240.27072903452
3706,12,2022,1.495974,35.472715,1,32644.5930630231,-261.067529494453,737.32471790183,56.0528430534777,24.7983508192785,-6274.70436454977
3707,12,2022,1.728687,35.58767,1,30984.892139551,-1439.52571206735,421.092267990112,46.0396150528272,26.7375078540959,-5792.76636292208
3708,5,2022,1.728687,35.58767,1,30986.6620571797,-1440.07797553528,421.092267990112,46.0396150528272,26.7375078540959,-5791.45993477418
3709,5,2022,2.25022,35.027656,1,29471.8278661757,-724.38270860169,578.545539985875,54.2155884183726,21.0939515452758,-5480.53288804759
3710,2,2022,2.484485,35.148879,1,29209.1615277496,-801.53580088552,366.830780179728,46.6376633987132,26.1715113577214,-5092.9060642558
3711,11,2022,1.495974,35.472715,1,32648.6495355588,-265.8767835073,737.352228844937,56.0528430534777,24.7983508192785,-6282.06850038623
3712,11,2022,1.507382,35.5001,1,33123.8831355677,385.080463568006,706.73263175093,56.0528430534777,24.7983508192785,-5657.15061028497
3713,11,2022,1.648451,35.609547,1,32725.7083968641,-1884.365985104,469.196931893967,47.6831393036432,26.9676780224955,-7244.16600340383
3714,11,2022,1.648451,35.609547,1,32728.6259673282,-1884.04987341759,468.982685518815,47.6735433825866,26.9663341452972,-7243.96390954734
3715,11,2022,1.507382,35.5001,1,33133.2030470421,388.267593677856,706.840902433016,56.0528430534777,24.7983508192785,-5659.43126461675
3716,5,2022,1.495974,35.472715,1,32640.7375564882,-256.566568412231,737.412335412921,56.0528430534777,24.7983508192785,-6268.18001076819
3717,5,2022,1.648451,35.609547,1,32722.2643704005,-1883.95268474134,469.23159831623,47.6846919845281,26.9678954703492,-7241.97261402886
3718,7,2022,1.495974,35.472715,1,32646.3744916731,-263.058059297553,737.150178275026,56.0528430534777,24.7983508192785,-6277.1427007415
3719,7,2022,1.495974,35.472715,1,32644.6709234725,-261.067027930915,737.174956866349,56.0528430534777,24.7983508192785,-6274.21754682333
3720,7,2022,1.797533,35.368568,1,28746.8310244875,-513.419631119188,615.444026314767,47.5748493125824,23.966475194992,-4800.02687064751
3721,7,2022,1.495974,35.472715,1,32641.6225896437,-257.534651187396,737.27998964952,56.0528430534777,24.7983508192785,-6269.21909784518
3722,6,2022,1.581764,35.357597,1,28247.2159230831,228.284623437511,820.649166584015,52.7149524999043,20.9034951632426,-4290.85827889327
3866,12,2022,1.990223,37.912656,1,29939.1176320535,-2585.96326697844,208.316127356391,49.8584031171308,27.25106334425,-4037.31331414885
3867,12,2022,1.616488,37.807393,1,36004.4405057891,-2525.4867231373,173.092711612582,47.7534814012186,27.5142480527974,-6311.50194051695
3868,12,2022,1.595146,37.808776,1,36300.4798311896,-2738.28783696456,176.421847276328,47.7534814012186,27.5142480527974,-6165.75717156378
3869,12,2022,1.596262,37.806631,1,35339.1516347731,-2751.70175449648,175.984437982035,47.7534814012186,27.5142480527974,-5883.98286006869
3870,7,2022,1.595731,37.806697,1,35546.2075414089,-2765.07401688709,176.183318251185,47.7534814012186,27.5142480527974,-5936.18270379759
3871,6,2022,1.595146,37.808776,1,36286.8989030417,-2738.38023814653,176.414506507857,47.7534814012186,27.5142480527974,-6161.80782604994
3872,5,2022,1.595146,37.808776,1,36313.3089238721,-2738.24669394824,176.429116962811,47.7534814012186,27.5142480527974,-6169.4651723949
3873,4,2022,1.604279,37.672271,1,38865.0857323044,-2141.88863759694,193.789498448372,47.2673670930408,27.2434024566929,-7595.65739062287
3874,3,2022,1.831989,37.452193,1,45297.9311842344,-3281.42906295087,195.900313313769,48.4591325199549,26.9153774198437,-10699.9064825921
3875,3,2022,1.730765,37.308966,1,35085.7055822553,-1124.17379896429,382.560655149186,51.5760330095811,24.0554563147837,-7124.71831391033
3876,2,2022,1.990223,37.912656,1,29946.3343337365,-2583.74818744422,208.316127356391,49.8584031171308,27.25106334425,-4040.58882889875
3906,8,2022,1.536662,35.631419,1,30332.6835094697,-599.179512920361,561.852558016777,52.6836291061027,26.112710747218,-5582.34657087936
3907,9,2022,1.436433,35.355208,1,30749.4375924352,419.256649046067,841.371321320534,65.0927245793774,19.2412631605314,-5023.79186794648
3908,7,2022,1.517599,35.379537,1,28189.2874206959,31.0516780701386,802.895977139473,58.4260448859699,22.3085121973465,-4062.99090480295
3909,2,2022,1.501555,35.806497,1,27631.904437799,-1448.76504468696,474.386806152776,45.1614518653711,25.9476973250577,-4408.72259560226
3910,5,2022,1.60077,35.28531,1,30153.3460095327,513.092506762528,800.569824053583,53.0200677491346,19.9819735540103,-5160.36978128742
3920,3,2022,1.705073,35.192863,1,27012.611641813,60.3123777671021,692.446743046951,51.3157952397973,22.8359734469897,-3637.53492347254
3979,1,2022,1.495974,35.472715,1,32641.4817079739,-257.364908980871,737.273735109775,56.0528430534777,24.7983508192785,-6268.9425868512
3980,4,2022,1.495974,35.472715,1,32645.0359255985,-261.580024893041,737.308712893136,56.0528430534777,24.7983508192785,-6275.42684991834
3981,3,2022,1.648451,35.609547,1,32737.8999742902,-1885.20179489809,468.902669732617,47.6699595405398,26.9658322400001,-7249.97990123233
3982,2,2022,1.536662,35.631419,1,30330.8351564419,-599.415601503849,561.852558016777,52.6836291061027,26.112710747218,-5582.78933683739
3983,1,2022,1.739282,35.467237,1,30224.2931883275,-1112.84017659741,586.530668020248,48.0245215892435,24.8765059188077,-5839.00744128262
3985,2,2022,1.495974,35.472715,1,32647.1906279375,-264.190159925377,737.403666761773,56.0528430534777,24.7983508192785,-6279.68925191783
3987,6,2022,1.495974,35.472715,1,32647.2707578191,-264.214888964882,737.304355765185,56.0528430534777,24.7983508192785,-6279.39577090428
3988,2,2022,2.124498,35.192863,1,31308.1265242596,-981.127525566727,552.49000859893,50.7020322912028,22.4454398603744,-6495.167819751
3989,4,2022,1.507382,35.5001,1,33125.8982957303,383.121585395542,706.814698327905,56.0528430534777,24.7983508192785,-5659.61624588359
3990,4,2022,2.009217,35.204115,1,30369.9789955166,-162.01955871556,595.813812162727,51.6563385136268,21.0023886153687,-5489.03128657872
4164,1,2022,1.300454,35.199375,1,30800.1183899723,833.887575276462,1292.67183924797,70.0923562722139,18.0709531130856,-4901.5982545858
4165,1,2022,1.495974,35.472715,1,32642.9457301369,-259.041095170529,737.185526106989,56.0528430534777,24.7983508192785,-6271.19290481951
4166,1,2022,1.488327,35.022295,1,35330.5125740412,-734.694782554411,863.573369622231,52.4708178287809,22.5021830467329,-7685.38137666513
4167,1,2022,1.739282,35.467237,1,30228.8093086935,-1112.71284455764,586.530668020248,48.0245215892435,24.8765059188077,-5841.19037384073
4168,1,2022,1.739282,35.467237,1,30223.4632848407,-1112.51272652162,586.530668020249,48.0245215892435,24.8765059188077,-5838.55513756606
4170,1,2022,1.772266,35.423399,1,29295.3373092217,-30.3237596293725,679.426861921292,47.5748493125824,23.966475194992,-4422.63686393273
4172,5,2022,1.739282,35.467237,1,30227.0215324435,-1113.12692417452,586.530668020248,48.0245215892435,24.8765059188077,-5840.37467078858
4173,5,2022,1.261311,35.286253,1,30940.8407981816,1674.24841280371,1151.74668624892,71.6103018074856,17.6367397587049,-4498.62868826268
4174,7,2022,1.797533,35.368568,1,28744.8788123953,-513.02021345534,615.699745116245,47.5748493125824,23.966475194992,-4799.11928228572
4176,7,2022,1.739282,35.467237,1,30231.254800475,-1111.52903083555,586.530668020249,48.0245215892435,24.8765059188077,-5842.22375023018
4177,7,2022,1.797533,35.368568,1,28747.7268585331,-513.08818587081,615.209059228986,47.5748493125824,23.966475194992,-4800.11545748527
4178,8,2022,1.797533,35.368568,1,28746.4984005767,-513.561364019565,615.534972734971,47.5748493125824,23.966475194992,-4800.00542056391
4179,8,2022,1.797533,35.368568,1,28745.0876308353,-511.708002156085,615.36332568443,47.5748493125824,23.966475194992,-4798.35369632828
4180,1,2022,1.797533,35.368568,1,28746.0027227902,-512.405124984874,615.359811247182,47.5748493125824,23.966475194992,-4799.10380295655
4181,1,2022,1.495974,35.472715,1,32646.8407239658,-263.612112102145,737.158448061584,56.0528430534777,24.7983508192785,-6278.00579686896
4182,2,2022,1.495931,35.472693,1,32649.7173821265,-267.206717621487,737.441547382204,56.0528430534777,24.7983508192785,-6284.3833267404
4183,2,2022,1.495974,35.472715,1,32645.3336124808,-261.882309561995,737.231678984,56.0528430534777,24.7983508192785,-6275.63227201428
4184,1,2022,1.536662,35.631419,1,30343.2915120644,-602.741561146543,561.852558016777,52.6836291061027,26.112710747218,-5580.70605231164
4185,7,2022,1.648451,35.609547,1,32726.9440911809,-1884.46507460632,469.171013752329,47.6819784511391,26.9675154489185,-7244.80008552371
4186,1,2022,1.501555,35.806497,1,27628.0457362873,-1448.98073937298,474.344609014528,45.1614518653711,25.9476973250577,-4408.94719787569
4187,7,2022,1.536662,35.631419,1,30334.8421129595,-602.64580821817,561.852558016777,52.6836291061027,26.112710747218,-5582.54654866172
4188,1,2022,1.648451,35.609547,1,32730.1603514493,-1884.63850340119,469.080295306545,47.6779152456659,26.9669464103494,-7246.18843003882
4189,1,2022,1.495974,35.472715,1,32642.2180727488,-258.272932293143,737.340479218838,56.0528430534777,24.7983508192785,-6270.52964240053
4190,1,2022,2.01,35.21,1,30109.3587733664,-250.554884927568,595.813812162727,51.6563385136268,21.0023886153687,-5392.67749604506
4191,1,2022,1.715365,35.497959,1,32274.3836024782,-1742.31214633335,572.061243387016,48.0245215892435,24.8765059188077,-6893.68498445465
4192,1,2022,1.603738,35.456279,1,30449.8476995341,-367.259583277872,618.14727807045,50.9364803134664,25.1841670293242,-5544.67949470255
4193,1,2022,1.728687,35.58767,1,30987.8619405917,-1439.6075641025,421.092267990112,46.0396150528272,26.7375078540959,-5788.56563722074
4194,1,2022,1.648451,35.609547,1,32719.7987505217,-1883.48707466736,469.209635048194,47.683708267599,26.9677577040271,-7239.87612952396
4195,1,2022,1.397999,35.586864,1,33054.9816968606,-616.278104627981,851.620627860042,58.6893282660822,22.9884342507141,-6776.67251245157
4196,3,2022,1.925091,35.412436,1,31350.5179259078,-1655.31537160923,349.718997716904,46.9623459113927,26.6612320799806,-6076.87957701042
4198,3,2022,1.797533,35.368568,1,28746.7316800024,-514.051984601046,615.604130221405,47.5748493125824,23.966475194992,-4800.39480974024
4199,3,2022,2.079229,35.165971,1,28720.6946562505,-421.533644496699,570.048594286665,50.7020322912028,22.4454398603744,-4839.4898619608
4200,3,2022,1.536662,35.631419,1,30332.7923638405,-597.554216875916,561.852558016777,52.6836291061027,26.112710747218,-5582.02190604438
4201,3,2022,1.739282,35.467237,1,30225.6940938632,-1113.11830316707,586.530668020248,48.0245215892435,24.8765059188077,-5839.7279369141
4202,4,2022,1.925084,35.156148,1,31329.2168556961,-449.35826969285,634.904798090458,51.6806285965372,22.6708052909537,-5784.18912022179
4203,5,2022,1.734344,35.324677,1,27823.8943277887,74.7507916028701,685.483251810074,50.0861478568767,20.2003657040531,-4150.08398490668
4204,4,2022,2.130015,35.291743,1,31802.6827154598,-1467.35023274492,415.609175482183,48.3289170042949,25.1903920578631,-6400.37582484057
4205,4,2022,1.648451,35.609547,1,32732.5331646325,-1884.45989515776,468.927653574631,47.6710785465229,26.9659889531094,-7246.26752269543
4206,4,2022,1.797533,35.368568,1,28744.9251869072,-512.915641924181,615.6679835849,47.5748493125824,23.966475194992,-4799.06848552206
4207,11,2022,1.518026,34.92861,1,31528.9821628404,20.8409684358703,1054.94685074298,51.1039907440639,22.9456628198493,-5935.36798660788
4208,4,2022,1.536662,35.631419,1,30333.3374618489,-601.391205194276,561.852558016777,52.6836291061027,26.112710747218,-5582.6274404285
4209,2,2022,1.507382,35.5001,1,33125.4006405181,385.12362687285,706.760863117106,56.0528430534777,24.7983508192785,-5657.8779615704
4210,2,2022,1.648451,35.609547,1,32736.7643274737,-1885.02139084866,468.901375772383,47.6699015851123,26.965824123533,-7249.12230009308
4211,3,2022,1.648451,35.609547,1,32727.7683414374,-1884.34257628713,469.101603422971,47.6788696188867,26.9670800671815,-7244.63892573088
4212,3,2022,1.966667,35.2,1,28657.4321654346,-177.18558422788,588.056580385028,51.6563385136268,21.0023886153687,-4623.40820561277
4213,3,2022,1.536662,35.631419,1,30339.2278358092,-603.131445978644,561.852558016777,52.6836291061027,26.112710747218,-5581.68254085037
4214,3,2022,1.648451,35.609547,1,32738.745655346,-1885.26760344775,468.8844907649,47.6691453193471,26.9657182109987,-7250.40714790777
4215,3,2022,1.495974,35.472715,1,32646.5811560209,-263.380655972715,737.273933732123,56.0528430534777,24.7983508192785,-6278.03435350141
4216,3,2022,1.589614,34.985221,1,33386.705931888,-671.917108286811,1034.58070559728,53.7861620628529,22.8956683938362,-7230.75520351818
4217,3,2022,1.536662,35.631419,1,30339.8804697384,-600.014572930433,561.852558016777,52.6836291061027,26.112710747218,-5580.93445594394
4218,3,2022,1.925084,35.156148,1,31331.4398693685,-450.868010031126,634.904798090458,51.6806285965372,22.6708052909537,-5785.39851287631
4219,4,2022,1.60508,34.983731,1,32555.7406881446,-431.844557160825,925.678795534162,53.7861620628529,22.8956683938362,-6645.51593256027
4220,3,2022,1.599022,35.291743,1,29775.2435220055,341.356505464248,806.960063125119,53.0200677491346,19.9819735540103,-5104.17094538117
4221,4,2022,1.464108,35.258796,1,30790.0433849125,-213.130791972729,732.725035230804,57.7477615116246,21.8152792403687,-5728.74041737396
4222,5,2022,1.536662,35.631419,1,30333.1175073894,-601.262732914632,561.852558016777,52.6836291061027,26.112710747218,-5582.65015491073
4223,5,2022,1.739282,35.467237,1,30232.7477020487,-1111.56194695416,586.530668020248,48.0245215892435,24.8765059188077,-5842.95896064441
4224,4,2022,1.507382,35.5001,1,33113.8862927481,378.430925305047,706.689163824558,56.0528430534777,24.7983508192785,-5657.13874014073
4225,4,2022,1.231195,35.971367,1,29574.4275998595,-532.352110953497,607.170071972799,46.5963985691578,25.1618568124292,-5072.9272109093
4226,4,2022,2.009217,35.204115,1,30382.2024464282,-163.324785920449,595.813812162727,51.6563385136268,21.0023886153687,-5496.23720418191
4227,4,2022,1.501555,35.806497,1,27627.8692664202,-1448.92126275928,474.342620850068,45.1614518653711,25.9476973250577,-4408.81540547451
4228,4,2022,1.797533,35.368568,1,28744.527986829,-513.620750269049,615.895691728719,47.5748493125824,23.966475194992,-4799.38155068532
4229,4,2022,1.400963,35.573993,1,32586.5304016911,-7.93598789214685,800.825692498279,58.6893282660822,22.9884342507141,-6169.76243031701
4230,5,2022,1.488327,35.022295,1,35326.2758407409,-733.453991735587,863.573369622231,52.4708178287809,22.5021830467329,-7683.4459240071
4231,3,2022,1.648451,35.609547,1,32731.4588807199,-1884.20909195103,468.903877915425,47.6700136540661,26.9658398184216,-7245.20977162513
4233,3,2022,1.966667,35.2,1,28658.1950002267,-179.317921623707,587.998849527367,51.6563385136268,21.0023886153687,-4625.7811239588
4234,3,2022,1.739282,35.467237,1,30224.3722413935,-1113.36893756347,586.530668020249,48.0245215892435,24.8765059188077,-5839.11879865008
4235,3,2022,1.536662,35.631419,1,30340.3850035988,-603.335065380795,561.852558016777,52.6836291061027,26.112710747218,-5581.46781364566
4236,3,2022,1.507382,35.5001,1,33127.0000130471,386.22434876861,706.767097404496,56.0528430534777,24.7983508192785,-5657.85483312501
4237,3,2022,1.648451,35.609547,1,32719.3016814196,-1883.76774274175,469.249153852463,47.6854782827311,26.9680055888276,-7239.79422216607
4238,3,2022,1.495974,35.472715,1,32645.7801054062,-262.468869873182,737.324504005679,56.0528430534777,24.7983508192785,-6276.82256524238
4239,3,2022,1.648451,35.609547,1,32726.9853955558,-1884.29854502164,469.12324454042,47.6798389069527,26.9672158127888,-7244.29508844619
4240,3,2022,1.554077,35.137879,1,31950.9539152704,-364.227546444542,803.729917140936,53.9756541089521,22.9241165215642,-6588.37121742373
4241,12,2022,1.495974,35.472715,1,32640.8923304249,-256.665032818606,737.265363793764,56.0528430534777,24.7983508192785,-6267.85830038158
4242,3,2022,1.790621991,35.30270424,1,28113.0335324916,-1347.18651932214,636.9121416575,49.2722602495438,22.8066014346467,-5116.64415382583
4243,3,2022,1.734344,35.324677,1,27825.2471978671,73.1045209524849,685.483251810074,50.0861478568767,20.2003657040531,-4153.0819644379
4244,3,2022,1.533855,35.448918,1,31294.7299867706,-701.938704625359,751.469848280217,56.8603522457864,23.9511546191711,-5673.95844574231
4245,4,2022,2.090336,35.095369,1,30534.5260195577,-446.685851473442,569.694315857312,53.99365824164,22.1835846591758,-5693.10393981192
4246,4,2022,1.536662,35.631419,1,30340.1935593143,-602.797915480324,561.852558016777,52.6836291061027,26.112710747218,-5581.40358110233
4247,4,2022,1.211838,35.747513,1,29692.1661802029,-869.706558791483,669.867256863043,56.4035364173396,25.065738982806,-4594.69091484069
4249,4,2022,2.870214,34.950663,1,28802.2617347569,-2314.63627538117,271.190249534,50.1490673776248,25.4371159699242,-4497.09724449728
4250,2,2022,1.518026,34.92861,1,31534.5350105055,20.6585000167969,1054.94685074298,51.1039907440639,22.9456628198493,-5937.23663328997
4251,3,2022,1.966667,35.2,1,28640.9824915583,-177.991432360235,588.186444346533,51.6563385136268,21.0023886153687,-4613.91079142888
4252,2,2022,1.507382,35.5001,1,33125.1089649192,385.905825479726,706.737790915156,56.0528430534777,24.7983508192785,-5657.14589525959
4253,2,2022,1.760062,35.247811,1,29298.3569365394,-1307.33303542642,627.913079473216,50.9810618180877,23.6660048068682,-5583.0636707307
4254,2,2022,1.536662,35.631419,1,30340.4853290316,-601.41549102427,561.852558016777,52.6836291061027,26.112710747218,-5581.06907459049
4255,4,2022,1.536662,35.631419,1,30338.5289010301,-603.196944112486,561.852558016777,52.6836291061027,26.112710747218,-5581.84934071244
4256,3,2022,1.966667,35.2,1,28645.3295776861,-179.309935151057,588.116234148393,51.6563385136268,21.0023886153687,-4617.75955384007
4257,3,2022,1.648451,35.609547,1,32737.3939658929,-1885.11720993051,468.900918621868,47.6698811097123,26.9658212560205,-7249.58482167955
4258,4,2022,1.648451,35.609547,1,32731.4563986114,-1884.58410375683,469.009157379968,47.6747290357378,26.9665001921233,-7246.36395847664
4259,5,2022,1.495974,35.472715,1,32650.6661463282,-268.123911662474,737.169312454184,56.0528430534777,24.7983508192785,-6284.85180092511
4260,5,2022,1.648451,35.609547,1,32724.2303281855,-1883.96718376592,469.150613483378,47.6810647396691,26.9673874866309,-7242.53887192494
4261,5,2022,1.495931,35.472693,1,32642.7650513621,-259.024959165725,737.505788829627,56.0528430534777,24.7983508192785,-6272.20746885701
4262,4,2022,1.507382,35.5001,1,33113.9989547003,378.643938959304,706.686571573302,56.0528430534777,24.7983508192785,-5657.03542555781
4263,4,2022,1.790621991,35.30270424,1,28110.8629423317,-1345.27802644106,636.951953542125,49.2722602495437,22.8066014346467,-5114.5058820615
4264,1,2022,1.536662,35.631419,1,30340.0718631433,-602.966771167208,561.852558016777,52.6836291061027,26.112710747218,-5581.46382790055
4265,2,2022,2.01406,35.028622,1,30929.7961984062,-772.708627846493,645.648923844099,57.4233623504242,24.0814016629572,-5226.22669660765
4266,2,2022,1.536662,35.631419,1,30335.6714666069,-601.999565545167,561.852558016777,52.6836291061027,26.112710747218,-5582.23870898914
4267,4,2022,1.648451,35.609547,1,32720.6229853635,-1883.59682938883,469.204296013763,47.6834691365851,26.9677242145148,-7240.43480897171
4268,4,2022,1.511485,35.280762,1,30948.6732886077,234.827211082991,833.64129256153,57.7477615116247,21.8152792403687,-5670.90871936577
4269,4,2022,1.966667,35.2,1,28659.4720295537,-178.373042629017,588.009847559659,51.6563385136268,21.0023886153687,-4625.73041709997
4270,4,2022,2.009217,35.204115,1,30385.0684743458,-161.932603294853,595.813812162727,51.6563385136268,21.0023886153687,-5497.12853032703
4271,4,2022,1.495974,35.472715,1,32650.4056143802,-267.834283585916,737.193731361392,56.0528430534777,24.7983508192785,-6284.49600787983
4272,4,2022,1.495974,35.472715,1,32645.3674823202,-262.015414999999,737.37509772724,56.0528430534777,24.7983508192785,-6276.30359607818
4273,4,2022,-0.919463366,35.29924335,1,30011.3682233121,1529.88960005967,1715.38501623559,66.1107048625807,18.474212557649,-4231.8350549946
4274,4,2022,1.495974,35.472715,1,32646.4703159785,-263.199442304778,737.195909120831,56.0528430534777,24.7983508192785,-6277.50492654002
4275,1,2022,1.734344,35.324677,1,27826.6843260595,71.2595298414781,685.483251810074,50.0861478568767,20.2003657040531,-4156.45322606484
4276,1,2022,1.495974,35.472715,1,32645.7745051875,-262.458404796685,737.318701694408,56.0528430534777,24.7983508192785,-6276.78763853144
4277,1,2022,1.711545169,35.32368206,1,27416.6293695042,680.833282853591,685.483251810074,50.0861478568767,20.2003657040531,-3083.0933134219
4278,1,2022,1.648451,35.609547,1,32738.5898722886,-1885.28432963694,468.895899570587,47.6696563104836,26.9657897736276,-7250.41741711726
4279,2,2022,1.495974,35.472715,1,32646.770733133,-263.559334551533,737.205208863057,56.0528430534777,24.7983508192785,-6278.07875370162
4280,3,2022,1.648451,35.609547,1,32721.3686179089,-1883.99978900766,469.249153852463,47.6854782827311,26.9680055888276,-7241.41200911733
4281,2,2022,1.536662,35.631419,1,30330.5172697833,-598.45541928782,561.852558016777,52.6836291061027,26.112710747218,-5582.67783539712
4282,2,2022,1.925091,35.412435,1,31348.9170104348,-1654.99098925414,349.718997716904,46.9623459113927,26.6612320799806,-6077.72067443638
4283,5,2022,1.728687,35.58767,1,30988.7327703749,-1440.25885865758,421.092267990112,46.0396150528272,26.7375078540959,-5788.83647733377
4284,3,2022,1.728687,35.58767,1,30986.2481817481,-1439.46469445341,421.092267990112,46.0396150528272,26.7375078540959,-5790.61074901567
4285,4,2022,1.495974,35.472715,1,32642.9202040162,-259.054832883969,737.26184010078,56.0528430534777,24.7983508192785,-6271.4581480296
4286,4,2022,1.739282,35.467237,1,30225.1498760645,-1112.20221471963,586.530668020248,48.0245215892435,24.8765059188077,-5839.33354495033
4287,4,2022,1.495974,35.472715,1,32647.2110430796,-264.091365312309,737.225388833018,56.0528430534777,24.7983508192785,-6278.9484344968
4288,4,2022,1.417537,35.192863,1,31075.4418542954,-36.0425684066714,891.911902326856,63.5889409143034,21.1327692963761,-6024.95345827361
4289,4,2022,2.009217,35.204115,1,30376.3634170894,-161.426400868742,595.813812162727,51.6563385136268,21.0023886153687,-5492.19097856264
4290,4,2022,1.536662,35.631419,1,30342.7447968779,-602.760298864043,561.852558016777,52.6836291061027,26.112710747218,-5580.83126786267
4297,1,2022,1.511485,35.280762,1,30948.8996092245,232.838318940969,833.64129256153,57.7477615116246,21.8152792403687,-5671.06849418097
4328,5,2022,1.797533,35.368568,1,28742.4975404769,-510.770926610131,615.614392910951,47.5748493125824,23.966475194992,-4796.89405221292
4372,12,2022,1.728687,35.58767,1,30985.38746255,-1439.6766134568,421.092267990112,46.0396150528272,26.7375078540959,-5792.39215338982
4524,2,2022,1.533855,35.448918,1,31295.1156834828,-701.743250187053,751.717894702568,56.8656640111637,23.9455817941353,-5674.87370189769
4611,5,2022,1.495974,35.472715,1,32648.6978695183,-265.853838480864,737.239781181155,56.0528430534777,24.7983508192785,-6281.65827862535
4628,12,2022,1.495974,35.472715,1,32648.416542223,-265.565314828206,737.301686871582,56.0528430534777,24.7983508192785,-6281.42833265287
4757,12,2022,1.648451,35.609547,1,32734.6615574095,-1884.97090398668,468.97825122666,47.673344774244,26.9663063308517,-7248.40863825906
4758,12,2022,1.648451,35.609547,1,32725.5155446186,-1884.30627942438,469.188802466037,47.6827751931718,26.967627030021,-7243.92979246292
4759,12,2022,1.495974,35.472715,1,32647.242985768,-264.183607184198,737.306534249455,56.0528430534777,24.7983508192785,-6279.35570372409
4760,11,2022,1.495974,35.472715,1,32640.0231187034,-255.721372727443,737.411526000944,56.0528430534777,24.7983508192785,-6266.89821056311
4763,11,2022,1.739282,35.467237,1,30230.6728916038,-1111.71884577221,586.530668020248,48.0245215892435,24.8765059188077,-5841.9654913699
4765,12,2022,1.648451,35.609547,1,32725.8344598226,-1883.87538456446,469.055399179672,47.6768001683727,26.9667902474402,-7242.68209566012
4978,11,2022,1.797533,35.368568,1,28741.3596404456,-510.844082471138,615.836494904731,47.5748493125824,23.966475194992,-4796.56244187029
4979,11,2022,1.533855,35.448918,1,31295.8366188284,-701.356908597263,752.195393093585,56.8758893528441,23.9348539031108,-5676.62597828764
4980,11,2022,1.648451,35.609547,1,32724.9813439002,-1884.29102633193,469.2076117192,47.6836176443375,26.9677450125373,-7243.74118874249
4981,11,2022,1.648451,35.609547,1,32725.6661798529,-1884.01384633792,469.101337093965,47.6788576902269,26.967078396612,-7243.06459388207
4982,12,2022,1.495974,35.472715,1,32648.1685947501,-265.233892574188,737.245745503293,56.0528430534777,24.7983508192785,-6280.74150034498
4983,11,2022,1.648451,35.609547,1,32732.524865813,-1884.59307001795,468.96534355597,47.672766650162,26.9662253664746,-7246.67550948357
4995,12,2022,1.648451,35.609547,1,32727.5520948356,-1884.45634527337,469.142415580106,47.6806975622427,26.9673360646394,-7244.93385347421
4998,12,2022,1.797533,35.368568,1,28747.4897428751,-513.535317888415,615.353588233696,47.5748493125824,23.966475194992,-4800.3211189851
4999,12,2022,1.495974,35.472715,1,32642.8023249325,-258.955188221504,737.327835686927,56.0528430534777,24.7983508192785,-6271.52047639807
5015,11,2022,1.536662,35.631419,1,30328.7065122933,-598.928967593642,561.852558016777,52.6836291061027,26.112710747218,-5583.15415056309
5016,11,2022,1.495974,35.472715,1,32645.1963252877,-261.674566895241,737.156126457551,56.0528430534777,24.7983508192785,-6275.073913162
5022,11,2022,1.797533,35.368568,1,28748.7953953321,-513.182257501796,615.040216778752,47.5748493125824,23.966475194992,-4800.53255361677
5035,12,2022,1.507382,35.5001,1,33130.8266742603,389.185415018335,706.774772857533,56.0528430534777,24.7983508192785,-5657.55589128921
5046,12,2022,1.495974,35.472715,1,32643.4525757608,-259.739094125581,737.353642800988,56.0528430534777,24.7983508192785,-6272.78980311627
5047,11,2022,1.231195,35.971367,1,29574.9847878384,-531.413250618042,607.1700719728,46.5963985691578,25.1618568124292,-5072.84341244241
5048,12,2022,1.319073,35.625952,1,32778.3634069663,137.712264257925,758.056752443313,62.5940287915752,19.1946813522409,-6094.79349477975
5049,11,2022,1.495549,35.707923,1,29983.240780488,-868.811066343717,478.590559363365,49.4271931843313,25.9004849873722,-5743.11706471557
5050,11,2022,1.495965,35.472716,1,32642.3408039423,-258.447540972968,737.388915674195,56.0528430534777,24.7983508192785,-6270.95067753358
5051,12,2022,1.666667,35.466667,1,29885.2413666938,-166.948056668338,637.461884975433,48.0245215892435,24.8765059188077,-5066.90958414194
5089,12,2022,1.666667,35.466667,1,29887.0676143842,-167.524975042531,637.461884975433,48.0245215892435,24.8765059188077,-5067.94658656822
5090,12,2022,1.533855,35.448918,1,31299.3444124354,-703.085814602942,751.7293343903,56.8659089852159,23.9453247802361,-5677.81870876498
5091,1,2022,1.495931,35.472693,1,32645.0300860299,-261.653013539956,737.428581014384,56.0528430534777,24.7983508192785,-6275.93213481293
5101,12,2022,1.734344,35.324677,1,27824.5172015136,74.6374472212583,685.483251810074,50.0861478568767,20.2003657040531,-4150.31206547677
5155,9,2022,1.728687,35.58767,1,30984.6482836021,-1439.32849397661,421.092267990112,46.0396150528272,26.7375078540959,-5792.6564123703
5296,2,2022,2.87462,40.594599,1,37399.3951437825,-1675.2905118358,260.627042173408,49.6161641083344,27.3642201828631,-9576.4426798142
5297,2,2022,2.87462,40.594599,1,37397.4404122427,-1674.81981731298,260.627042173408,49.6161641083343,27.3642201828631,-9576.88400915041
5298,5,2022,2.87462,40.594599,1,37400.3061545686,-1675.04704019721,260.627042173408,49.6161641083343,27.3642201828631,-9576.98665781977
5300,8,2022,2.896442,40.455896,1,39281.014465115,-2157.7875322336,246.238877126016,49.6960718173257,27.4706871224321,-9174.40700084897
5301,8,2022,2.87462,40.594599,1,37399.4842967296,-1675.40941091964,260.627042173408,49.6161641083343,27.3642201828631,-9576.26454652295
5302,11,2022,2.87462,40.594599,1,37398.1078900193,-1674.84487532965,260.627042173408,49.6161641083343,27.3642201828631,-9576.95325647201
5338,6,2022,1.495965,35.472716,1,32647.2492967944,-264.157858411245,737.25761499759,56.0528430534777,24.7983508192785,-6279.15500235487
5339,8,2022,1.648451,35.609547,1,32720.497589556,-1883.92482243608,469.249153852463,47.6854782827311,26.9680055888276,-7240.71453312318
5340,6,2022,1.507382,35.5001,1,33126.6166489877,386.870757792523,706.745275715894,56.0528430534777,24.7983508192785,-5657.17818259395
5341,6,2022,1.495974,35.472715,1,32641.7745410727,-257.768414849029,737.372678981621,56.0528430534777,24.7983508192785,-6269.87055900961
5342,10,2022,1.536662,35.631419,1,30336.1851888601,-597.619027750675,561.852558016777,52.6836291061027,26.112710747218,-5581.29817327825
5343,10,2022,1.536662,35.631419,1,30330.3612870988,-600.903138771744,561.852558016777,52.6836291061027,26.112710747218,-5583.1751909219
5344,10,2022,1.666667,35.466667,1,29887.6962140115,-163.123038067852,637.461884975433,48.0245215892435,24.8765059188077,-5064.68384177243
5412,12,2022,3.00315,34.950662,1,27960.1170199491,-1835.37284152924,380.284705518144,49.9894275187548,23.880646594268,-3849.30993010077
5475,11,2022,3.022222,34.936389,1,29676.831491746,-1933.57269535512,389.007028326392,50.5946560905384,23.661494726242,-4382.50762605672
5476,11,2022,2.563048,35.258796,1,39080.2814760774,-3031.42222903133,147.513337850571,42.8031302690365,28.847228441282,-8653.68812077113
5479,11,2022,3.00315,34.950662,1,27961.4380677475,-1836.94750771076,380.020407753576,49.9735463039069,23.8863971454857,-3848.07263463006
5480,11,2022,2.984102,35.016787,1,28055.1724006575,-1461.13794674425,283.539557901211,47.3177300237012,24.8480620867585,-4057.8311621718
5481,11,2022,2.714609,35.148879,1,37741.1572310167,-2806.41344130358,147.707752608359,43.8377003006797,27.3735263240384,-8594.74697224532
5482,12,2022,2.563048,35.258796,1,39080.7746600028,-3031.51691415261,147.513337850571,42.8031302690365,28.847228441282,-8653.55178644247
5483,11,2022,2.573833,34.990967,1,34524.4694893949,-1978.27465566655,295.899371862411,47.9493905065312,27.2371183438933,-7639.94764983308
5485,12,2022,3.00315,34.950662,1,27959.3463711043,-1833.70059824506,380.128779467419,49.9705263175473,23.8874906755716,-3848.83476051498
5486,12,2022,2.84405,35.043071,1,34323.5273720432,-2939.66903879118,220.312363077338,47.3620138854899,27.2010359875365,-6207.6687476328
5487,12,2022,2.981014,34.641403,1,27243.3787479744,-493.654100993026,484.194293022156,52.4851307446101,24.5439232900263,-3421.09080265316
5488,12,2022,3.022222,34.936389,1,29678.2127223712,-1935.24839982486,389.007028326392,50.5946560905384,23.661494726242,-4384.58250817073
5489,12,2022,2.563048,35.258796,1,39080.5036375525,-3031.0784092552,147.513337850571,42.8031302690365,28.847228441282,-8656.276245986
5490,12,2022,2.383763,35.647819,1,39609.911490335,-3299.09020867843,140.754585623741,40.8477087366033,27.9986491390559,-7378.65627430583
5491,12,2022,3.00315,34.950662,1,27962.4887310562,-1838.23754517386,379.825182451139,49.9624311369508,23.8904219217692,-3847.1562492022
5492,1,2022,2.966667,34.7,1,27556.9896632898,-882.728627510441,413.23231192338,51.6083693406984,25.5779721003145,-3920.00710633941
5493,1,2022,2.056447,35.430011,1,35268.2679580174,-1413.7571900245,268.351406216621,46.3407343509055,27.908662694992,-7416.66395448695
5494,1,2022,3.35468,35.346625,1,41578.1775056107,-3085.42293683362,118.305931382717,43.2855029133346,28.1521742376934,-7921.43223583676
5495,2,2022,2.572518,34.990619,1,34476.3181968218,-1937.39037252642,295.899371862412,47.9493905065312,27.2371183438933,-7570.04446790425
5496,2,2022,3.021741,35.346625,1,38218.7893792074,-2955.0590975469,97.1170689744868,42.4305206325138,28.7761589489378,-8541.30874953664
5497,2,2022,2.3729,35.6422,1,38776.215821078,-3752.65517562246,140.754585623741,40.8477087366033,27.9986491390559,-7117.61463516874
5498,2,2022,2.583333,34.9,1,28574.3681518489,-611.610271056462,452.681526103655,50.7869421852699,25.2245347340902,-4776.20694113345
5499,2,2022,3.00315,34.950662,1,27962.6391046372,-1838.51137717522,379.834069618138,49.9641479758737,23.8898002583604,-3847.16487714355
5500,2,2022,2.966667,34.7,1,27558.0068899969,-884.509646871752,413.370728779956,51.6083693406984,25.5779721003145,-3919.4267755863
5501,2,2022,3.00315,34.950662,1,27960.2032882506,-1834.65506936368,379.929860307268,49.9577069955473,23.8921325224607,-3847.92471229852
5502,2,2022,2.572518,34.990619,1,34472.0809313646,-1936.45495521678,295.899371862412,47.9493905065312,27.2371183438933,-7566.3421814902
5503,2,2022,3.00315,34.950662,1,27962.01056092,-1837.51863297427,379.859680652671,49.9625886522309,23.8903648858501,-3847.36576612914
5504,2,2022,2.714609,35.148879,1,37712.9690351275,-2805.34307208314,147.704272314453,43.8373981703043,27.3736282310493,-8592.41490767397
5505,2,2022,3.022222,34.936389,1,29679.9830890931,-1935.36010504474,389.007028326392,50.5946560905384,23.661494726242,-4381.49072112967
5506,2,2022,3.308522,35.614678,1,38122.6410639504,-3586.42098274775,147.585290789604,42.7413255354617,29.4223512919526,-6686.90972498159
5507,2,2022,3.00315,34.950662,1,27961.2875257602,-1836.46481765991,379.925538355291,49.9640661681191,23.8898298807594,-3847.73515056973
5508,3,2022,2.966667,34.7,1,27555.0882648919,-884.464177291434,413.447261847982,51.6083693406984,25.5779721003145,-3918.66903483826
5509,3,2022,2.841198,35.040193,1,33581.1918506167,-2984.51887090426,222.282777310058,47.3606198123383,27.2505777385137,-6025.26355395389
5510,3,2022,2.572518,34.990619,1,34468.7676278933,-1934.86953366728,295.899371862411,47.9493905065312,27.2371183438933,-7562.7484748417
5511,3,2022,3.022222,34.936389,1,29678.0346644902,-1934.38745957129,389.007028326392,50.5946560905384,23.661494726242,-4382.49658566922
5512,3,2022,2.572518,34.990619,1,34479.4274998581,-1937.45737547218,295.899371862412,47.9493905065312,27.2371183438933,-7572.22558674935
5513,3,2022,3.022222,34.936389,1,29677.3970242704,-1933.66747750456,389.007028326392,50.5946560905384,23.661494726242,-4381.68077796744
5514,3,2022,3.115526,35.604179,1,33663.8073118509,-2270.21619918495,137.65012339387,42.3106910670208,29.7587057261707,-4924.27103466292
5515,3,2022,3.586447,34.641403,1,29443.0185445712,-2459.51514866517,237.610225297511,44.007826599632,27.7863230474463,-4709.50827512822
5517,4,2022,2.572518,34.990619,1,34474.660644156,-1937.18093997004,295.899371862412,47.9493905065312,27.2371183438933,-7568.72799257379
5518,4,2022,3.022222,34.936389,1,29678.7881566489,-1935.23287710643,389.007028326392,50.5946560905384,23.661494726242,-4383.42964110267
5519,4,2022,3.084758,35.43436,1,40416.8022700999,-3078.65658487018,90.9840728719555,42.414180200883,29.2360033235594,-9000.70578157463
5520,4,2022,3.084758,35.43436,1,40411.8557810178,-3078.83071761777,90.9840728719555,42.414180200883,29.2360033235594,-8997.74063853306
5521,4,2022,3.00315,34.950662,1,27960.1273732252,-1835.05324904056,380.146001409671,49.9769080795462,23.8851798542909,-3848.77379312949
5522,4,2022,3.00315,34.950662,1,27960.7067151399,-1835.84396649598,380.071331287439,49.973680834253,23.8863484323581,-3848.38984297787
5523,4,2022,2.841198,35.040193,1,33594.9543517809,-2982.44990119161,222.282777310058,47.3606198123383,27.2505777385137,-6016.15128517849
5525,4,2022,3.022222,34.936389,1,29679.1254881414,-1934.90652062746,389.007028326392,50.5946560905384,23.661494726242,-4381.86113438119
5526,4,2022,2.757745,34.87759,1,32084.4466149663,-2645.17665786723,293.078689774964,50.3835926548797,26.2111500308939,-6548.80152585257
5527,4,2022,2.841198,35.040193,1,33603.1767363201,-2982.48443757446,222.282777310058,47.3606198123383,27.2505777385137,-6021.64739374848
5528,4,2022,2.640068,34.906551,1,29905.7320130935,-1300.35625665882,371.555306494236,50.7869421852698,25.2245347340902,-5655.23011110986
5529,5,2022,3.022222,34.936389,1,29678.8004009291,-1935.09880293733,389.007028326392,50.5946560905384,23.661494726242,-4383.02898520199
5532,5,2022,2.735073,35.36719,1,34869.9002726104,-1891.90017394171,126.835123566207,42.4056795906104,28.7556181833625,-6781.11645965952
5533,5,2022,3.00315,34.950662,1,27960.7245896206,-1835.46833111655,379.904335980601,49.9586491404096,23.8917913739821,-3847.74397285013
5534,5,2022,2.757745,34.87759,1,32078.2097351229,-2645.85686476205,293.078689774964,50.3835926548797,26.2111500308939,-6550.38533687187
5535,5,2022,2.966667,34.7,1,27557.4623011977,-885.46802744141,413.47533156406,51.6083693406984,25.5779721003145,-3918.8206781506
5536,5,2022,2.841198,35.040193,1,33583.9712738893,-2984.49673637875,222.282777310058,47.3606198123383,27.2505777385137,-6026.82881175729
5537,5,2022,2.563048,35.258796,1,39081.3009526075,-3031.7676892867,147.513337850571,42.8031302690365,28.847228441282,-8652.37657304505
5538,5,2022,2.841198,35.040193,1,33586.6100217401,-2983.06881233859,222.282777310058,47.3606198123383,27.2505777385137,-6016.20595074653
5539,6,2022,2.735073,35.36719,1,34851.978389264,-1883.13305124482,126.835123566207,42.4056795906104,28.7556181833625,-6769.75790816404
5540,5,2022,2.573833,34.990967,1,34521.9580976109,-1977.65379170858,295.899371862411,47.9493905065312,27.2371183438933,-7637.3945239415
5541,6,2022,2.757745,34.87759,1,32079.3946683775,-2647.56732620593,293.078689774964,50.3835926548797,26.2111500308939,-6551.33314140858
5542,6,2022,3.022222,34.936389,1,29681.5422523544,-1936.03487241795,389.007028326392,50.5946560905384,23.661494726242,-4380.39946882957
5543,6,2022,3.228153,35.170874,1,35108.0569847275,-2287.2516163979,154.679347395897,44.0978505501667,28.6377602442215,-6473.86397345559
5544,6,2022,3.00315,34.950662,1,27961.7914326191,-1837.74754853648,380.106007863928,49.9833705606252,23.8828398048178,-3848.33711169993
5545,6,2022,3.00315,34.950662,1,27962.2192301094,-1838.04430695293,379.932170096079,49.9703720060654,23.8875465514028,-3847.60594341103
5546,6,2022,2.866041,35.176928,1,33342.1745891243,-2566.54067577916,134.593629473587,42.4099211629262,28.6960206698065,-5459.11145632275
5547,6,2022,2.841198,35.040193,1,33596.5096686323,-2982.31411336147,222.282777310058,47.3606198123383,27.2505777385137,-6015.96530404503
5548,7,2022,2.966667,34.7,1,27552.6727029057,-883.373660283419,413.412190668997,51.6083693406984,25.5779721003145,-3918.54682592862
5549,8,2022,3.022222,34.936389,1,29676.9729360232,-1934.86319802368,389.007028326392,50.5946560905384,23.661494726242,-4385.89710468273
5550,7,2022,2.841198,35.040193,1,33597.6039246496,-2982.60458118266,222.282777310058,47.3606198123383,27.2505777385137,-6019.15828062182
5551,8,2022,2.966667,34.7,1,27545.1172219469,-881.998627312786,413.493035989539,51.6083693406984,25.5779721003145,-3917.19328891098
5552,8,2022,2.563048,35.258796,1,39080.3749582827,-3031.16934526553,147.513337850571,42.8031302690365,28.847228441282,-8655.51729913749
5553,9,2022,3.084758,35.43436,1,40414.4552568603,-3078.75673105143,90.9840728719555,42.414180200883,29.2360033235594,-8999.10687713161
5554,9,2022,2.573833,34.990967,1,34518.1901038127,-1977.2353951942,295.899371862411,47.9493905065312,27.2371183438933,-7633.59581311284
5556,10,2022,2.84405,35.043071,1,34333.7881499292,-2940.02988528082,220.448222664862,47.3619177644814,27.2044518793532,-6211.29667689398
5557,10,2022,2.841198,35.040193,1,33596.2909568567,-2982.59575283264,222.282777310058,47.3606198123383,27.2505777385137,-6018.25218950024
5559,10,2022,2.714609,35.148879,1,37726.1025487908,-2805.84822551101,147.691309454594,43.8362728418638,27.3740077985042,-8593.32354295142
5560,10,2022,3.022222,34.936389,1,29679.6884504387,-1935.46671947341,389.007028326392,50.5946560905384,23.661494726242,-4382.3552724088
5561,10,2022,3.022222,34.936389,1,29676.4058050346,-1934.11087744744,389.007028326392,50.5946560905384,23.661494726242,-4384.86973849662
5562,10,2022,2.572518,34.990619,1,34471.2813524042,-1936.21461313011,295.899371862411,47.9493905065312,27.2371183438933,-7565.59028495833
5563,10,2022,2.841198,35.040193,1,33580.880794001,-2984.69325216295,222.282777310058,47.3606198123383,27.2505777385137,-6026.56747404976
5564,10,2022,2.563048,35.258796,1,39080.3551368956,-3031.07693425009,147.513337850571,42.8031302690365,28.847228441282,-8656.13111972284
5565,10,2022,2.857829,36.219685,1,36935.6733331404,-3213.2818769422,107.450150042772,46.4658581769293,30.0574573760708,-6239.76357041481
5566,10,2022,2.563048,35.258796,1,39080.842822027,-3031.52447954922,147.513337850571,42.8031302690365,28.847228441282,-8653.57009129784
5869,4,2022,1.495965,35.472716,1,32646.7869121449,-263.667202248177,737.338542640574,56.0528430534777,24.7983508192785,-6278.68105141068
5933,4,2022,1.535821,35.675145,1,28499.4536551734,-732.437455382993,539.710129499435,49.4271931843313,25.9004849873722,-4929.80255243414
5934,4,2022,1.648451,35.609547,1,32722.1921753155,-1883.81928942479,469.197897986286,47.6831825741332,26.9676840823854,-7241.54012089614
5935,4,2022,1.728687,35.58767,1,30987.5033998909,-1439.50433826198,421.092267990112,46.0396150528272,26.7375078540959,-5788.84728004241
5937,2,2022,1.495974,35.472715,1,32642.2516833382,-258.243585078532,737.221702894519,56.0528430534777,24.7983508192785,-6270.10403037105
5938,2,2022,1.648451,35.609547,1,32734.4179448986,-1884.58831512287,468.881711428322,47.6690208351202,26.965700777392,-7247.16487712654
5939,9,2022,1.536662,35.631419,1,30335.3088245792,-603.238868781114,561.852558016777,52.6836291061027,26.112710747218,-5582.56266759693
5940,9,2022,1.536662,35.631419,1,30336.6737114868,-602.694891361703,561.852558016777,52.6836291061027,26.112710747218,-5582.15658897271
5941,2,2022,1.648451,35.609547,1,32731.8679758425,-1884.32954255045,468.919973399783,47.670734557732,26.9659407786101,-7245.6891814117
5942,4,2022,1.507382,35.5001,1,33113.98081391,377.764924576847,706.705782332091,56.0528430534777,24.7983508192785,-5657.68336182117
5943,8,2022,1.648451,35.609547,1,32722.6915736401,-1884.26497381322,469.249153852463,47.6854782827311,26.9680055888276,-7242.36650469475
5944,2,2022,1.501555,35.806497,1,27627.8393741795,-1448.99593326889,474.342335597246,45.1614518653711,25.9476973250577,-4408.9670714554
5945,6,2022,1.495965,35.472716,1,32643.5058700333,-259.76794350534,737.298777707233,56.0528430534777,24.7983508192785,-6272.6551458873
5946,6,2022,1.728687,35.58767,1,30987.9205518013,-1440.22676543096,421.092267990112,46.0396150528272,26.7375078540959,-5789.95638318555
5947,6,2022,1.648451,35.609547,1,32733.2099554141,-1884.78695294675,468.989780512231,47.6738611615766,26.9663786492001,-7247.45563731742
5948,2,2022,1.648451,35.609547,1,32724.3265778462,-1883.92211623122,469.133936440432,47.6803177884665,26.9672828785705,-7242.42507645376
5949,2,2022,1.666667,35.466667,1,29886.3682111195,-168.452875184015,637.461884975433,48.0245215892435,24.8765059188077,-5068.45574771275
5951,8,2022,1.648451,35.609547,1,32721.8223945895,-1883.96167390386,469.249153852463,47.6854782827311,26.9680055888276,-7241.82854415224
5952,7,2022,1.797533,35.368568,1,28745.0007430005,-512.283074551706,615.511026822164,47.5748493125824,23.966475194992,-4798.69162800556
5953,7,2022,1.495974,35.472715,1,32646.2402316217,-262.996301556289,737.30089836397,56.0528430534777,24.7983508192785,-6277.54221443308
5954,7,2022,1.495974,35.472715,1,32639.6536769958,-255.282996533078,737.408803012081,56.0528430534777,24.7983508192785,-6266.22601154574
5955,8,2022,1.231195,35.971367,1,29576.284333262,-534.563124924182,607.170071972799,46.5963985691578,25.1618568124292,-5074.61594802803
5956,6,2022,1.648451,35.609547,1,32731.8587472588,-1884.33768172501,468.922666402145,47.6708551751196,26.9659576706787,-7245.71174910357
5957,10,2022,1.648451,35.609547,1,32734.4872512905,-1884.7804955694,468.932653818422,47.6713025033794,26.9660203175309,-7247.77489372495
5958,6,2022,1.648451,35.609547,1,32731.8615985571,-1884.8446427222,469.064008241309,47.6771857612481,26.9668442484548,-7247.27677844458
5959,8,2022,1.648451,35.609547,1,32734.5440925847,-1884.99457098709,468.989906123603,47.6738667876079,26.9663794371073,-7248.45063377268
5960,3,2022,1.648451,35.609547,1,32722.0490964432,-1883.75648451837,469.186709061717,47.6826814312933,26.9676138989781,-7241.30773253539
5961,3,2022,1.648451,35.609547,1,32725.6471790716,-1884.51346554834,469.240029612901,47.6850696154551,26.9679483563191,-7244.60788304706
5962,3,2022,1.536662,35.631419,1,30329.9357461375,-599.185996311395,561.852558016777,52.6836291061027,26.112710747218,-5582.93922425554
5963,8,2022,1.648451,35.609547,1,32732.8574114316,-1884.66362728177,468.970643374105,47.6730040247099,26.9662586099997,-7246.98146123981
5964,6,2022,1.495974,35.472715,1,32644.7471437808,-261.210680044832,737.263606537484,56.0528430534777,24.7983508192785,-6274.72143009706
5965,10,2022,1.507382,35.5001,1,33134.9972196348,387.440055769464,706.893394186214,56.0528430534777,24.7983508192785,-5660.93689769025
5966,8,2022,1.501555,35.806497,1,27629.0448585128,-1448.80833855101,474.355458231546,45.1614518653711,25.9476973250577,-4408.64985953321
5967,10,2022,1.495974,35.472715,1,32650.4285126746,-267.868045942727,737.203284905454,56.0528430534777,24.7983508192785,-6284.57889328853
5968,11,2022,1.495974,35.472715,1,32649.8009508256,-267.171815663027,737.264097378747,56.0528430534777,24.7983508192785,-6283.73066751529
5969,12,2022,1.535821,35.675145,1,28500.1099147355,-733.339375343823,539.710129499435,49.4271931843313,25.9004849873722,-4928.66736125558
5970,12,2022,1.495974,35.472715,1,32644.5290915837,-260.92649730868,737.219452728671,56.0528430534777,24.7983508192785,-6274.14893490134
5971,12,2022,1.648451,35.609547,1,32728.5276013674,-1884.61907784981,469.145281754638,47.6808259358711,26.967354042944,-7245.69628258605
5972,6,2022,1.648451,35.609547,1,32731.0957857062,-1884.63170846756,469.038009851943,47.6760213145135,26.9666811715176,-7246.41530895804
5999,3,2022,1.495974,35.472715,1,32642.6461863194,-258.754309866207,737.300321208111,56.0528430534777,24.7983508192785,-6271.12788318288
6006,4,2022,1.495974,35.472715,1,32646.0415516435,-262.742877238274,737.272051791538,56.0528430534777,24.7983508192785,-6277.06435372973
6007,4,2022,1.648451,35.609547,1,32725.6987896397,-1884.13372879034,469.133215705713,47.6802855073441,26.9672783577054,-7243.44386264007
6038,3,2022,3.711828922,34.86124783,1,31961.3839275596,-2324.4233006579,156.020783834159,43.7867167681527,28.5163191233596,-4697.35947644763
6039,1,2022,3.767759,34.62195,1,30264.4037710692,-1875.59627368687,240.112425693311,42.4068638577263,28.5149240659252,-3684.93349337641
6040,1,2022,3.185218,34.552839,1,27497.8281095168,-782.135806658001,496.146792541488,49.4609003135677,26.3080983090205,-4163.1644580603
6043,2,2022,3.709863123,34.86890976,1,31148.6628702992,-2884.55140025584,156.020783834159,43.7867167681527,28.5163191233596,-4308.91309971637
6044,2,2022,3.768127,34.622171,1,30275.9727849676,-1911.16587923144,240.112425693311,42.4068638577263,28.5149240659252,-3665.52861390131
6046,2,2022,3.642576,34.906551,1,29360.2959988198,-2363.55713397269,212.042288176715,44.0823636877634,28.1585322636992,-4016.51778163786
6047,2,2022,3.712021636,34.86099034,1,31980.0256469892,-2302.74063921398,156.020783834159,43.7867167681527,28.5163191233596,-4708.77069788712
6048,2,2022,4.406781,34.283832,1,31663.4394170186,501.954675460818,467.390799951216,43.3305795278788,28.1171538836336,-4513.81048560457
6049,2,2022,3.5205,34.816,1,32239.0787073532,-1513.10748222391,175.937055915594,45.0485616483263,27.8763485094184,-5048.08181307674
6051,3,2022,3.712021636,34.86099034,1,31969.1457831175,-2307.39000953022,156.020783834159,43.7867167681527,28.5163191233596,-4703.57685209412
6052,3,2022,3.586447,34.641403,1,29448.2488538047,-2460.00387124432,237.610225297511,44.007826599632,27.7863230474463,-4711.78137287981
6054,3,2022,3.586447,34.641403,1,29440.2317296856,-2459.41990376843,237.610225297511,44.007826599632,27.7863230474463,-4708.05064475288
6055,3,2022,4.406781,34.283832,1,31664.5842326598,502.641168769917,467.390799951216,43.3305795278788,28.1171538836336,-4514.67305680574
6056,3,2022,3.709863123,34.86890976,1,31149.5702353577,-2885.71038231935,156.020783834159,43.7867167681527,28.5163191233596,-4309.62218787227
6057,3,2022,3.711828922,34.86124783,1,31952.5454005907,-2328.60256191867,156.020783834159,43.7867167681527,28.5163191233596,-4693.07366332029
6058,3,2022,3.909884,34.994751,1,30376.8394139642,-2746.48248786486,164.374014004624,42.4146250806068,28.9606668777118,-4032.01214662215
6059,4,2022,3.586447,34.641403,1,29449.0164345068,-2460.37785603445,237.610225297511,44.007826599632,27.7863230474463,-4711.66807147814
6060,4,2022,3.731203,35.005769,1,30149.9686598131,-2647.36330167758,240.611542209983,43.3406323089036,27.566608970677,-4595.44970585806
6061,4,2022,4.406781,34.283832,1,31659.7823258258,499.882375068256,467.390799951216,43.3305795278788,28.1171538836336,-4517.13825385744
6062,4,2022,3.586447,34.641403,1,29440.015805655,-2459.14574913752,237.610225297511,44.007826599632,27.7863230474463,-4708.33642171278
6063,4,2022,3.768127,34.622171,1,30280.0507440694,-1908.99441103619,240.112425693311,42.4068638577263,28.5149240659252,-3665.58944125411
6064,4,2022,4.406781,34.283832,1,31665.4468789969,503.202574630511,467.390799951216,43.3305795278788,28.1171538836336,-4517.32874971131
6065,4,2022,3.69834,35.170874,1,30725.3036775166,-2933.05286391004,136.134524226813,43.3806084620384,29.0887863037249,-3741.18729945567
6066,5,2022,4.406781,34.283832,1,31656.8673304043,498.137201694121,467.390799951216,43.3305795278788,28.1171538836336,-4514.50791795637
6067,5,2022,4.406781,34.283832,1,31653.389486309,496.098772308617,467.390799951216,43.3305795278788,28.1171538836336,-4513.74051610539
6068,5,2022,3.411912,34.774079,1,30429.7190810776,-2361.8968216433,211.015558339655,46.7493546636234,27.2623593630856,-4092.00901337482
6069,5,2022,3.642576,34.906551,1,29354.4103710358,-2362.57924996435,212.042288176715,44.0823636877634,28.1585322636992,-4014.33125693713
6070,5,2022,3.711786,34.86142,1,31945.4018836582,-2334.69174216902,156.020783834159,43.7867167681527,28.5163191233596,-4689.13212278145
6071,5,2022,3.731203,35.005769,1,30147.7390216484,-2646.57196474004,240.611542209983,43.3406323089036,27.566608970677,-4596.2777970446
6072,6,2022,3.586447,34.641403,1,29439.8675747824,-2459.55847974608,237.610225297511,44.007826599632,27.7863230474463,-4707.63520438148
6073,6,2022,3.768127,34.622171,1,30273.7106322415,-1913.24682725512,240.112425693311,42.4068638577263,28.5149240659252,-3665.09114256811
6074,7,2022,3.768127,34.622171,1,30279.5978768026,-1907.3618718291,240.112425693311,42.4068638577263,28.5149240659252,-3666.44324431721
6075,7,2022,4.251325,34.994751,1,29982.2358276555,-2426.7756538991,222.092880051289,40.7453426908557,30.1243891469241,-4435.49386408602
6076,8,2022,4.406781,34.283832,1,31657.7283269388,498.679008705409,467.390799951216,43.3305795278788,28.1171538836336,-4517.08082343631
6077,8,2022,3.586447,34.641403,1,29439.148042684,-2459.36741695076,237.610225297511,44.007826599632,27.7863230474463,-4707.5067207817
6078,8,2022,3.541729,35.247125,1,34980.308202677,-3238.54107163197,129.51790109447,43.2535078282349,28.4583633278631,-7323.25278183828
6079,8,2022,3.711786,34.86142,1,31937.3708139225,-2341.85211319963,156.020783834159,43.7867167681527,28.5163191233596,-4684.65625384896
6110,7,2022,1.728687,35.58767,1,30987.2190577273,-1439.78206092669,421.092267990112,46.0396150528272,26.7375078540959,-5789.93465147299
6111,12,2022,1.648451,35.609547,1,32722.4887651996,-1883.73971869434,469.162996851514,47.6816193806657,26.9674651622791,-7241.37270898645
6112,9,2022,2.295554,35.181869,1,28790.5511226288,-1201.65652195231,449.860159204822,48.063503825303,25.4870200187648,-5268.41673445782
6383,2,2022,2.966667,34.7,1,27548.6579807637,-881.330342245563,413.332139477581,51.6083693406984,25.5779721003145,-3918.45060670632
6426,1,2022,2.857829,36.219685,1,36935.6546476926,-3212.58756237826,107.450150042772,46.4658581769293,30.0574573760708,-6239.71853955003
6502,1,2022,3.526905,35.857986,1,35552.9502799039,-3127.58191891877,186.318372510585,47.3805957698507,30.1278773425377,-5360.21424554562
6566,1,2022,2.998898,36.062158,1,38230.8390204751,-3652.07369805146,112.032129653829,45.2698669729193,30.2206113162106,-6675.66168571325
6624,6,2022,3.115517,35.604079,1,33654.8786416144,-2259.12881913976,137.16893260717,42.3106910670208,29.7587057261707,-4917.92866437122
6625,5,2022,4.112694,35.720212,1,28705.7906003401,-3073.78750073863,231.793701744966,45.1271399118335,28.4488509173807,-2889.57538686646
6626,1,2022,2.3729,35.6422,1,38779.7997195687,-3752.30683660641,140.754585623741,40.8477087366033,27.9986491390559,-7118.9381004044
6628,9,2022,3.135406,35.730495,1,35815.8717496885,-2477.60541891083,144.667110621383,42.1573624970883,29.9278949563362,-6171.74763795612
6629,5,2022,2.998898,36.062158,1,38228.9900238009,-3650.95314304023,112.029361350868,45.2698669729193,30.2206113162106,-6674.7046641406
6630,6,2022,2.91825,35.404212,1,35350.7295377415,-2363.74208439091,119.940418620499,41.7142289773913,29.1718536464047,-6216.51100232841
6632,1,2022,2.91825,35.404212,1,35366.2672130751,-2373.93707517246,119.859940745099,41.7142289773913,29.1718536464047,-6223.31250859831
6633,1,2022,2.572518,34.990619,1,34474.6521676326,-1935.91876795482,295.899371862411,47.9493905065312,27.2371183438933,-7567.66460249422
6634,5,2022,3.057316,35.718846,1,36709.5442390632,-3016.41206822873,123.36564723511,42.135496501067,29.90276307537,-5793.90852319171
6635,10,2022,2.998898,36.062158,1,38229.6448881653,-3651.07583682593,112.024780334923,45.2698669729193,30.2206113162106,-6675.27158866523
6636,12,2022,3.101128,35.601344,1,37258.262046791,-3113.34286767795,127.551918647735,42.3106910670208,29.7587057261707,-6863.8734063853
6637,7,2022,3.526905,35.857986,1,35554.0773544193,-3128.47190162061,186.318372510585,47.3805957698507,30.1278773425377,-5360.64843723831
6638,9,2022,2.383763,35.647819,1,39614.8165741625,-3298.03422260203,140.754585623741,40.8477087366033,27.9986491390559,-7379.17465993794
6639,8,2022,3.101128,35.601344,1,37260.9370097911,-3115.05588877619,127.625968234056,42.3106910670208,29.7587057261707,-6867.7116172709
6640,9,2022,2.056447,35.430011,1,35281.5967182985,-1419.0535202208,268.351406216621,46.3407343509055,27.908662694992,-7424.32731923103
6641,3,2022,2.998898,36.062158,1,38238.6962008558,-3656.78488189944,112.042820502819,45.2698669729193,30.2206113162106,-6679.772417148
6642,4,2022,4.0338522,35.751607,1,28502.9914748407,-3173.91608733119,212.11886148824,45.75515124205,29.2119557571814,-2881.81175218572
6643,6,2022,3.541729,35.247125,1,34983.3967036688,-3238.31054165177,129.506879176142,43.2546307939898,28.4594804813353,-7324.06492631889
6644,7,2022,3.115517,35.604079,1,33652.42611435,-2256.01521318197,137.137920251575,42.3106910670208,29.7587057261707,-4914.90629235808
6646,6,2022,2.757745,34.87759,1,32091.1453660152,-2649.16683764296,293.078689774964,50.3835926548797,26.2111500308939,-6550.32241219129
6647,8,2022,3.526905,35.857986,1,35558.8986317583,-3128.25013197337,186.318372510585,47.3805957698507,30.1278773425377,-5362.99038924703
6648,1,2022,4.406781,34.283832,1,31657.3629157524,498.424070068333,467.390799951216,43.3305795278788,28.1171538836336,-4514.37553171073
6650,2,2022,2.735073,35.36719,1,34900.24279507,-1904.5143834741,126.835123566207,42.4056795906104,28.7556181833625,-6805.19679092782
6651,8,2022,3.69834,35.170874,1,30724.2176445928,-2932.64908553287,136.294266210558,43.3806084620384,29.0887863037249,-3740.41140497993
6652,8,2022,2.870214,34.950663,1,28802.0554549831,-2314.03696132741,270.998296729128,50.1341392310891,25.4442443388145,-4496.12878009884
6653,1,2022,3.526905,35.857986,1,35560.0701585981,-3128.15949683401,186.318372510585,47.3805957698507,30.1278773425377,-5363.56411572909
6654,8,2022,2.144745,36.134171,1,32012.5260084258,-2557.00818142355,133.23237979765,38.6467834279705,30.5326813053924,-4241.87582103463
6655,7,2022,4.138652,35.913845,1,30120.7141389125,-3444.57245297704,351.135018911213,51.6659067298509,29.9747253644412,-3240.59307965817
6656,7,2022,4.406781,34.283832,1,31665.22837673,503.034807764927,467.390799951216,43.3305795278788,28.1171538836336,-4515.46782196695
6657,5,2022,3.121573,35.554842,1,37776.4832579071,-3126.46961942233,112.912992007718,42.3106910670208,29.7587057261707,-7120.01525003018
6658,12,2022,4.0338522,35.751607,1,28507.4783384019,-3172.78986299417,211.828825914279,45.7708666655235,29.217962989159,-2883.72117270529
6659,10,2022,2.274269,35.43162,1,35737.8840087235,-1657.52108415291,232.724190781853,43.8852048676446,28.5558333392557,-6947.46814393424
6660,2,2022,1.776522,35.502838,1,33810.5183128646,-1252.10429391262,513.673189581742,46.4226019749325,26.6307033538819,-6407.47059798017
6661,7,2022,3.122434,35.601158,1,33944.1732339987,-2580.99141537408,128.600717074786,42.3106910670208,29.7587057261707,-5220.74205373882
6662,1,2022,2.870214,34.950663,1,28802.8391486297,-2314.35012695321,271.098969749452,50.141968559765,25.4405057405343,-4497.63053023157
6663,10,2022,4.062134,35.881152,1,31665.6579307291,-3590.62698566743,292.343471801782,51.6659067298509,29.9747253644412,-4070.10899338444
6664,3,2022,4.062134,35.881152,1,31656.7632893275,-3592.14028949072,292.343471801782,51.6659067298509,29.9747253644412,-4066.97204010052
6665,9,2022,1.954198,36.029526,1,34316.4041005065,-3204.83402536675,137.686281323433,40.508746616225,29.8773763525976,-5067.92089100018
6666,5,2022,2.742378,35.784354,1,41088.1943528491,-3536.01908667473,91.1181773708631,41.1386457728326,29.5518109273693,-8761.71565476129
6667,3,2022,2.520439,35.376795,1,34516.772939681,-1232.63891303812,147.349705110857,41.8624351681751,28.9262758246296,-6860.34085168535
6668,8,2022,3.414969,35.893414,1,38283.4524320528,-3485.18173300505,130.615435615798,46.8033214770595,30.0273516040959,-7222.4775794992
6669,2,2022,3.189715,35.718846,1,41702.343094141,-3667.85221807602,139.277958929959,42.8275860617675,29.7400464706769,-8900.15936840911
6670,9,2022,1.954198,36.029526,1,34317.3616476635,-3205.40143268355,137.686281323433,40.508746616225,29.8773763525976,-5068.07226721122
6671,8,2022,3.101128,35.601344,1,37262.0474052866,-3113.34977677506,127.511701255573,42.3106910670208,29.7587057261707,-6866.02264946437
6672,5,2022,2.274269,35.43162,1,35721.211164871,-1649.18719291262,232.724190781853,43.8852048676446,28.5558333392557,-6936.5941628993
6673,4,2022,3.41045,35.609547,1,39485.3551018973,-3276.32832735399,146.840907910635,43.3275437081992,29.5865241568927,-6460.11007982567
6674,7,2022,3.526905,35.857986,1,35555.277574914,-3128.03369945371,186.318372510585,47.3805957698507,30.1278773425377,-5361.27747270952
6677,5,2022,3.747678,35.833449,1,32234.1547954439,-3708.14763656315,236.427098037474,46.0181384335037,29.8828683479618,-3799.09469405845
6678,6,2022,2.27427,35.431647,1,35786.7397556403,-1682.75707283957,232.724190781853,43.8852048676446,28.5558333392557,-6979.91020454789
6679,8,2022,3.768127,34.622171,1,30277.0746095673,-1909.58790156312,240.112425693311,42.4068638577263,28.5149240659252,-3666.0008107914
6681,10,2022,3.196633,35.9588777,1,40529.2679171237,-3723.36332809993,125.34168110004,45.1559779243878,29.9527533770697,-8579.60146527646
6682,1,2022,2.133727,35.495993,1,37381.7760849821,-2483.55302703316,207.93417381372,44.7800362902072,28.0774452470753,-7957.95552428675
6683,4,2022,2.890109,35.267034,1,35877.8041728226,-2986.08817311632,118.837901357479,42.0752333345656,28.7120521249292,-6893.35086756056
6685,1,2022,2.133727,35.495993,1,37394.4593487347,-2484.60541401648,207.93417381372,44.7800362902072,28.0774452470753,-7965.42731612004
6686,7,2022,1.954198,36.029526,1,34326.7316794593,-3208.01614151837,137.686281323433,40.508746616225,29.8773763525976,-5070.26584561528
6687,12,2022,2.857829,36.219685,1,36935.2384493531,-3212.20246901682,107.450150042772,46.4658581769293,30.0574573760708,-6239.47272485395
6688,1,2022,3.768127,34.622171,1,30287.6835431313,-1896.74676790955,240.112425693311,42.4068638577263,28.5149240659252,-3669.45184358324
6692,12,2022,3.101127,35.601344,1,37259.3615830942,-3114.55703130228,127.613185086335,42.3106910670208,29.7587057261707,-6866.14537176549
6722,5,2022,2.91825,35.404212,1,35364.3684452364,-2370.04286698801,119.966659336373,41.7142289773913,29.1718536464047,-6222.05533445795
6854,5,2022,2.757745,34.87759,1,32078.614057422,-2648.74735552496,293.078689774964,50.3835926548797,26.2111500308939,-6552.27210455978
6866,10,2022,2.274269,35.43162,1,35754.3061078496,-1663.54452009395,232.724190781853,43.8852048676446,28.5558333392557,-6956.62966993981
7047,7,2022,2.91825,35.404212,1,35353.6710277048,-2365.0702253176,119.947250960107,41.7142289773913,29.1718536464047,-6217.70190694132
7051,10,2022,2.056447,35.430011,1,35274.2362549293,-1415.73949235067,268.351406216621,46.3407343509055,27.908662694992,-7420.21441083265
7063,2,2022,2.094923,36.159971,1,35562.5910454776,-2290.8405626218,129.362574667867,37.5465082580108,30.2888081537535,-6318.63837158535
7064,4,2022,2.094923,36.159971,1,35561.5853149456,-2290.1535597117,129.362574667867,37.5465082580108,30.2888081537535,-6317.15621099423
7074,4,2022,2.076213,35.45491,1,35548.5885084169,-2248.84226220093,245.622587144244,44.7800362902072,28.0774452470753,-7328.88778551486
7093,4,2022,2.383763,35.647819,1,39611.1034262371,-3298.13287556411,140.754585623741,40.8477087366033,27.9986491390559,-7378.67196459947
7094,8,2022,2.383763,35.647819,1,39609.6370429557,-3295.42689831064,140.754585623741,40.8477087366033,27.9986491390559,-7378.0313827222
7095,11,2022,2.383763,35.647819,1,39609.4686572885,-3295.73288548566,140.754585623741,40.8477087366033,27.9986491390559,-7378.05659400521
26387,1,2022,3.739169,34.812856,1,32827.37270779,-3261.84865843583,144.445375831798,43.7218701063153,28.617554095891,-4918.70374079456
26389,8,2022,3.739169,34.812856,1,32830.2959142684,-3260.72643471088,144.445375831798,43.7218701063153,28.617554095891,-4920.12188365203
26390,3,2022,3.739169,34.812856,1,32835.2075344242,-3258.62370006939,144.445375831798,43.7218701063153,28.617554095891,-4923.13224437384
26391,6,2022,3.739169,34.812856,1,32832.4397686957,-3260.08934509829,144.445375831798,43.7218701063153,28.617554095891,-4920.59721334051
26392,5,2022,3.739169,34.812856,1,32831.0281441894,-3260.28594759749,144.445375831798,43.7218701063153,28.617554095891,-4920.95974821934
26393,3,2022,3.739169,34.812856,1,32828.1060279307,-3261.53367057881,144.445375831798,43.7218701063153,28.617554095891,-4919.16292412682
26394,3,2022,3.739169,34.812856,1,32827.0774548733,-3261.90446582679,144.445375831798,43.7218701063153,28.617554095891,-4918.73672781795
26397,8,2022,3.739169,34.812856,1,32827.3593169455,-3261.77013359208,144.445375831798,43.7218701063153,28.617554095891,-4918.95422685099
26398,12,2022,3.739169,34.812856,1,32830.6621367797,-3260.43116954261,144.445375831798,43.7218701063153,28.617554095891,-4920.76932827031
26399,10,2022,3.739169,34.812856,1,32829.0539833741,-3261.1078597629,144.445375831798,43.7218701063153,28.617554095891,-4919.81198293703
26400,10,2022,3.739169,34.812856,1,32834.7992587499,-3258.96198558117,144.445375831798,43.7218701063153,28.617554095891,-4922.39260841207
26401,11,2022,3.739169,34.812856,1,32833.789025718,-3259.35443014189,144.445375831798,43.7218701063153,28.617554095891,-4921.89574468834
26468,2,2022,3.411912,34.774079,1,30432.1573391561,-2360.74942424693,211.015558339655,46.7493546636234,27.2623593630856,-4094.23394194595
26469,3,2022,3.411912,34.774079,1,30427.1444339348,-2363.1804297606,211.015558339655,46.7493546636234,27.2623593630856,-4090.1358613222
26470,2,2022,4.269531,34.641403,1,31817.9165680282,-2193.36957920795,259.959450989845,41.8919573655338,30.2728638757854,-5357.08972978734
26471,3,2022,4.269531,34.641403,1,31818.7523972601,-2195.33220197357,259.959450989845,41.8919573655338,30.2728638757854,-5357.8644574245
26472,4,2022,4.269531,34.641403,1,31818.3105849429,-2195.15783112507,259.959450989845,41.8919573655339,30.2728638757854,-5357.70486275434
26474,4,2022,4.269531,34.641403,1,31819.605550264,-2195.59181690003,259.959450989845,41.8919573655339,30.2728638757854,-5358.15022345145
26475,8,2022,4.269531,34.641403,1,31816.3852485975,-2202.03912358887,259.959450989845,41.8919573655338,30.2728638757854,-5359.23177770223
26476,5,2022,3.411912,34.774079,1,30429.2649651236,-2362.13840357805,211.015558339655,46.7493546636234,27.2623593630856,-4091.76884952346
26477,7,2022,3.798133,34.840341,1,30707.9494456842,-1301.03279142451,155.346357679983,43.0238330172103,29.2638433813505,-4409.12013430006
26478,6,2022,4.269531,34.641403,1,31815.4178756046,-2198.40387626772,259.959450989845,41.8919573655338,30.2728638757854,-5357.93501720559
26479,8,2022,4.269531,34.641403,1,31819.4591868454,-2193.85878335828,259.959450989845,41.8919573655338,30.2728638757854,-5357.61301254967
26480,2,2022,4.269531,34.641403,1,31820.8047292248,-2199.19091939522,259.959450989845,41.8919573655338,30.2728638757854,-5359.48719035011
26481,9,2022,3.411912,34.774079,1,30429.0550974726,-2362.35609684805,211.015558339655,46.7493546636234,27.2623593630856,-4092.29299637606
26482,1,2022,4.269531,34.641403,1,31818.6244781256,-2195.19419975,259.959450989845,41.8919573655338,30.2728638757854,-5357.7929154835
26483,11,2022,4.269531,34.641403,1,31815.2422934566,-2192.73298540185,259.959450989845,41.8919573655339,30.2728638757854,-5356.24301834595
26486,8,2022,3.411912,34.774079,1,30424.4642662028,-2364.77215184059,211.015558339655,46.7493546636234,27.2623593630856,-4089.65767755787
26487,6,2022,4.269531,34.641403,1,31816.4831526964,-2198.30458076136,259.959450989845,41.8919573655338,30.2728638757854,-5358.16794532272
26488,10,2022,3.411912,34.774079,1,30423.706659591,-2365.05443263683,211.015558339655,46.7493546636234,27.2623593630856,-4088.57795326186
26489,9,2022,3.411912,34.774079,1,30427.9231681141,-2362.94313910179,211.015558339655,46.7493546636234,27.2623593630856,-4091.59279318204
26490,12,2022,4.269531,34.641403,1,31815.4858662709,-2193.20853495778,259.959450989845,41.8919573655338,30.2728638757854,-5356.44132814917
26529,6,2022,3.115511,35.604176,1,33661.7346106496,-2267.56342906806,137.57600871885,42.3106910670208,29.7587057261707,-4922.25080715709
26540,10,2022,3.115511,35.604176,1,33659.3400669829,-2264.65047234417,137.413775307989,42.3106910670208,29.7587057261707,-4921.02123661981
26551,10,2022,3.115511,35.604176,1,33663.383510433,-2269.62602406702,137.656949083675,42.3106910670208,29.7587057261707,-4923.53541646018
26562,5,2022,3.115511,35.604176,1,33659.2318116446,-2264.50262274539,137.417116837307,42.3106910670208,29.7587057261707,-4920.81846596342
26564,1,2022,4.20468,34.35986,1,31764.3353813212,-811.108293343041,389.615592750868,43.0987994209242,28.4486734416387,-4334.54995457492
26565,4,2022,4.20468,34.35986,1,31771.9971938385,-817.935250790506,389.424196787378,43.0987994209242,28.4486734416387,-4339.80992385987
26566,1,2022,4.20468,34.35986,1,31763.5621191458,-810.359535891226,389.635631141666,43.0987994209242,28.4486734416387,-4333.98333533737
26567,3,2022,4.20468,34.35986,1,31770.047646268,-817.183339196774,389.460970753394,43.0987994209242,28.4486734416387,-4339.05373357285
26568,8,2022,4.20468,34.35986,1,31772.369266186,-818.263721629462,389.414937901068,43.0987994209242,28.4486734416387,-4340.06312298129
26569,2,2022,4.20468,34.35986,1,31764.3672246995,-809.755063164655,389.631556679872,43.0987994209242,28.4486734416387,-4333.76597993632
26570,5,2022,4.20468,34.35986,1,31774.1123895151,-819.298312798901,389.377661487607,43.0987994209242,28.4486734416387,-4340.95011383948
26571,8,2022,4.20468,34.35986,1,31774.3222618053,-819.574928987727,389.371332832831,43.0987994209242,28.4486734416387,-4341.14680395034
26572,10,2022,4.20468,34.35986,1,31769.6171138709,-816.687470560099,389.473084540048,43.0987994209242,28.4486734416387,-4338.69183611616
26573,12,2022,3.115511,35.604176,1,33660.8976321453,-2266.30064987757,137.635776741827,42.3106910670208,29.7587057261707,-4920.12329379708
26574,10,2022,4.20468,34.35986,1,31764.1244645196,-811.537386434642,389.613377446133,43.0987994209242,28.4486734416387,-4334.76525535012
26575,7,2022,4.20468,34.35986,1,31770.2775472882,-816.340525592847,389.467915544787,43.0987994209242,28.4486734416387,-4338.59401893537
26576,6,2022,4.20468,34.35986,1,31774.6649934188,-822.70327761219,389.328621603183,43.0987994209242,28.4486734416387,-4343.05801669125
26577,11,2022,4.20468,34.35986,1,31767.2574148681,-812.878737316328,389.55270469557,43.0987994209242,28.4486734416387,-4336.06964782444
26584,11,2022,3.115511,35.604176,1,33661.7254457004,-2267.55310278287,137.57499044834,42.3106910670208,29.7587057261707,-4922.25187705997
26599,2,2022,2.998898,36.062158,1,38230.8518194953,-3651.55620587642,112.02149981064,45.2698669729193,30.2206113162106,-6676.10483440994
26600,7,2022,2.998898,36.062158,1,38228.10495435,-3651.25225493252,112.045000613278,45.2698669729193,30.2206113162106,-6673.55117977845
26601,8,2022,2.998898,36.062158,1,38236.1050626551,-3655.21910083371,112.039057963312,45.2698669729193,30.2206113162106,-6678.42650110677
26602,11,2022,2.998898,36.062158,1,38228.9551408595,-3651.18984398812,112.034542103456,45.2698669729193,30.2206113162106,-6674.47210361145
26637,2,2022,2.998898,36.062158,1,38238.5137207608,-3655.95858028343,112.028087919805,45.2698669729193,30.2206113162106,-6680.27073111243
26638,7,2022,2.998898,36.062158,1,38234.6361130147,-3654.65643387627,112.043500741456,45.2698669729193,30.2206113162106,-6677.3939167074
26639,11,2022,2.998898,36.062158,1,38227.0105657798,-3649.878455443,112.028930151903,45.2698669729193,30.2206113162106,-6673.57630736052
26640,5,2022,2.998898,36.062158,1,38235.7791491471,-3654.32037437056,112.024387265772,45.2698669729193,30.2206113162106,-6678.83922039283
26641,8,2022,2.998898,36.062158,1,38228.2625779318,-3650.35570842534,112.025092586591,45.2698669729193,30.2206113162106,-6674.45848086897
26643,10,2022,2.998898,36.062158,1,38231.9283438002,-3652.26122490399,112.024180299996,45.2698669729193,30.2206113162106,-6676.61822493124
3,4,2023,2.785819,40.946823,1,42346.4494772453,-1046.55847982042,936.944115877151,56.4729049735879,27.5906297640169,-8542.08918683325
8,2,2023,-0.501401,38.442778,1,33256.8884598841,-443.11874431222,1146.51243209424,60.8427167007823,25.299746131026,-7206.22824414448
9,2,2023,-0.994936,38.473758,1,34965.0742554117,-196.737450815889,915.762659759012,61.2559608982488,25.9369130295706,-7081.69506070934
17,1,2023,2.441251,40.647029,1,36044.2917720305,-704.321450937075,883.207517192552,57.5370981114771,27.5317605869851,-7644.7835715074
18,8,2023,2.516053,40.660639,1,35600.8892613147,-1013.60931874132,916.908320903778,57.3923051662239,27.5796632792852,-7577.81399205972
60,4,2023,2.785819,40.946823,1,42345.0863140483,-1046.37825959582,936.944115877151,56.4729049735879,27.5906297640169,-8542.31956765884
141,12,2023,2.563048,35.258796,1,38895.4256033607,-2969.08608928877,180.206054389477,45.8218301065692,28.8111021259604,-8634.05690469572
147,1,2023,2.841198,35.040193,1,33601.6473836265,-3026.19228355624,288.975148677826,48.9566055164289,27.4466389677841,-6429.46875093012
148,1,2023,2.563048,35.258796,1,38897.4530495312,-2969.14846185418,180.206054389477,45.8218301065692,28.8111021259604,-8633.75339953923
150,1,2023,3.35468,35.346625,1,41815.1030325738,-2887.24649904447,206.511988833209,46.7821770822175,28.1486406927495,-7987.87024375427
151,1,2023,3.022222,34.936389,1,28944.8570600125,-1263.48456469722,528.156421661377,51.8974986011771,23.9286860479068,-3988.1892704453
152,1,2023,2.841198,35.040193,1,33607.909911586,-3026.81390400966,288.975148677826,48.9566055164289,27.4466389677841,-6433.26380231166
153,2,2023,3.022222,34.936389,1,28950.7804473521,-1265.57928912816,528.156421661377,51.8974986011771,23.9286860479068,-3991.65848246761
154,2,2023,2.757745,34.87759,1,32139.772731365,-2714.51687118609,349.536573529243,51.235891648554,26.4668214824102,-6814.46191655431
155,2,2023,2.866041,35.176928,1,33239.8022932074,-2590.36790282021,210.379331588745,45.1315974732698,28.7533003280152,-5630.81710744242
156,2,2023,3.414969,35.893414,1,38453.3413386804,-3494.74108897721,185.833025148833,49.1746037531783,30.0485845121619,-7322.95720275103
157,2,2023,2.563048,35.258796,1,38896.3150979151,-2968.95266655029,180.206054389477,45.8218301065692,28.8111021259604,-8634.25931754455
158,3,2023,2.757745,34.87759,1,32138.6358548209,-2716.47583465223,349.536573529243,51.235891648554,26.4668214824102,-6817.93947536058
159,3,2023,3.022222,34.936389,1,28950.5875248531,-1264.62831970863,528.156421661377,51.8974986011771,23.9286860479068,-3991.87606099282
160,3,2023,3.00315,34.950662,1,27876.1313855172,-1204.7508382489,526.892263089568,51.399752444228,24.1389656437238,-3662.46829367748
161,4,2023,2.841198,35.040193,1,33615.696250358,-3025.65560773033,288.975148677826,48.9566055164289,27.4466389677841,-6430.7064927132
162,3,2023,2.966667,34.7,1,27819.9208483921,-1100.75820287662,464.443950892882,51.960010794741,25.8414012038,-4223.88758058298
164,4,2023,3.022222,34.936389,1,28950.1324925208,-1265.57590202899,528.156421661377,51.8974986011771,23.9286860479068,-3991.19353328872
165,4,2023,2.563048,35.258796,1,38890.6578080552,-2968.37002673899,180.206054389477,45.8218301065692,28.8111021259604,-8635.94259363465
166,4,2023,3.022222,34.936389,1,28944.8029932739,-1263.45493399114,528.156421661377,51.8974986011771,23.9286860479068,-3988.1614774636
167,4,2023,3.00315,34.950662,1,27879.1029787244,-1207.64234034284,526.713906751125,51.3830495755067,24.1460219965146,-3661.43360210339
168,4,2023,2.84405,35.043071,1,34276.1096255999,-3004.43674767247,287.977536127351,48.9695127072918,27.3991756191932,-6577.26886768134
169,4,2023,3.00315,34.950662,1,27878.4737157982,-1207.38670934761,526.762354476079,51.3883657863634,24.1437760913386,-3661.56023557637
170,4,2023,2.757745,34.87759,1,32138.6377509952,-2715.59543252405,349.536573529243,51.235891648554,26.4668214824102,-6816.43172779557
171,5,2023,2.572518,34.990619,1,34310.6557521957,-1709.79449605874,357.325998425484,48.6992359537113,27.4790467963371,-7533.47726331294
172,5,2023,2.84405,35.043071,1,34274.6569143818,-3002.27322536192,287.882368080056,48.9707439990893,27.394647815086,-6575.62145518717
173,5,2023,3.00315,34.950662,1,27880.4451341064,-1209.24428212639,526.63840444506,51.3768984564613,24.1486206199467,-3660.89086809538
174,5,2023,2.572518,34.990619,1,34305.3760538423,-1706.05639026942,357.325998425484,48.6992359537113,27.4790467963371,-7529.15150064866
175,5,2023,2.572518,34.990619,1,34312.9462692688,-1710.61808106196,357.325998425484,48.6992359537113,27.4790467963371,-7535.18759111939
176,5,2023,2.563048,35.258796,1,38897.1748002852,-2969.19049054898,180.206054389477,45.8218301065692,28.8111021259604,-8633.68858892975
177,5,2023,3.00315,34.950662,1,27878.5501651962,-1209.64249580016,526.822172335795,51.3987978790275,24.1393689127028,-3660.96837456335
178,6,2023,2.91825,35.404212,1,34810.0557556039,-2392.79654340648,164.919081771178,45.1270217379647,29.1662003173132,-6309.30269101947
179,1,2023,3.022222,34.936389,1,28947.8401879466,-1264.89757943951,528.156421661377,51.8974986011771,23.9286860479068,-3989.80207571798
180,6,2023,2.841198,35.040193,1,33601.5262685573,-3026.74185518442,288.975148677826,48.9566055164289,27.4466389677841,-6431.51113802922
181,6,2023,2.3729,35.6422,1,39231.0491029654,-3829.0854227786,186.784188605845,43.8217126632649,28.0777226400158,-7382.27080351362
182,6,2023,2.984102,35.016787,1,27678.0547205545,-908.881752403281,448.996911406517,49.208903991591,25.0645192028725,-3788.11492748405
183,6,2023,2.84405,35.043071,1,34277.2515687238,-3003.22311754058,287.901692796216,48.970493974368,27.3955672258724,-6578.74782269325
184,6,2023,2.489845,34.97271,1,29173.5678634932,-377.313038362325,567.022429227829,50.4786227584109,25.9343534547989,-4937.99069031617
185,6,2023,2.84405,35.043071,1,34277.3031930139,-3004.44789784567,287.964219102423,48.969685004024,27.3985420359489,-6578.73596725391
186,6,2023,2.520439,35.376795,1,34209.5201406176,-1126.8134402497,191.542432546616,44.9902983489425,28.9522528644022,-6562.16142159566
187,6,2023,3.00315,34.950662,1,27878.9175903344,-1208.11987303182,526.743649403162,51.3873498593093,24.1442052834626,-3661.32795513288
188,7,2023,2.757745,34.87759,1,32135.3747746585,-2714.3609838161,349.536573529243,51.235891648554,26.4668214824102,-6814.66201444124
189,7,2023,2.984102,35.016787,1,27677.38334763,-908.725215166693,448.996911406517,49.208903991591,25.0645192028725,-3788.49408541245
190,8,2023,3.055,34.641389,1,28127.3404820742,17.2316802484427,558.69605292739,51.7192978996672,25.5177458154093,-3617.31307113442
191,7,2023,2.981014,34.641403,1,26607.4954143428,-240.766033471976,529.246434569359,52.4148345894672,24.9464728629753,-3250.6121957185
192,9,2023,2.84405,35.043071,1,34275.6381316737,-3002.062626766,287.860433361342,48.971027792232,27.3936042283749,-6576.83746222011
193,9,2023,2.841197,35.040193,1,33604.9028166405,-3026.51885015311,288.975148677826,48.9566055164289,27.4466389677841,-6431.45433456862
195,9,2023,2.841197,35.040193,1,33613.7048391517,-3025.01432336712,288.975148677826,48.9566055164289,27.4466389677841,-6427.82723634308
196,10,2023,2.841198,35.040193,1,33596.7513052148,-3026.29222982546,288.975148677826,48.9566055164289,27.4466389677841,-6428.70988189238
197,10,2023,3.00315,34.950662,1,27880.4618947507,-1208.90921531377,526.62783249286,51.3750723675776,24.1493920758927,-3660.97579811252
198,10,2023,2.841198,35.040193,1,33612.8618480059,-3025.17202463428,288.975148677826,48.9566055164289,27.4466389677841,-6428.22598077818
199,10,2023,2.841198,35.040193,1,33592.5643868628,-3026.78806268935,288.975148677826,48.9566055164289,27.4466389677841,-6429.60697706316
200,10,2023,2.563048,35.258796,1,38894.7154893968,-2968.89392045119,180.206054389477,45.8218301065692,28.8111021259604,-8634.51518522138
201,10,2023,3.00315,34.950662,1,27878.7747469653,-1208.20766780794,526.758908663534,51.3892817786832,24.1433891179947,-3661.31893079105
202,10,2023,2.572518,34.990619,1,34313.2103515576,-1710.53578068277,357.325998425484,48.6992359537113,27.4790467963371,-7535.34716887997
203,11,2023,2.841198,35.040193,1,33618.3028436685,-3024.98163384686,288.975148677826,48.9566055164289,27.4466389677841,-6428.77133299048
204,11,2023,3.00315,34.950662,1,27880.3176854131,-1209.34397267838,526.652588120481,51.3787271619383,24.1478480585854,-3660.8773036622
205,11,2023,2.841198,35.040193,1,33617.3356812242,-3024.63893920567,288.975148677826,48.9566055164289,27.4466389677841,-6427.25500859243
206,11,2023,2.966667,34.7,1,27813.7942485742,-1099.69113372749,464.682114136481,51.960010794741,25.8414012038,-4223.09260134416
207,12,2023,2.572518,34.990619,1,34305.6327584233,-1706.30481322182,357.325998425484,48.6992359537113,27.4790467963371,-7529.37536273776
208,12,2023,2.563048,35.258796,1,38895.1078590519,-2969.07236228382,180.206054389477,45.8218301065692,28.8111021259604,-8634.1134405289
210,12,2023,3.00315,34.950662,1,27878.1453879276,-1208.30345818516,526.818232627177,51.3963596042479,24.1403989948601,-3661.35434182325
211,12,2023,2.572518,34.990619,1,34301.0730925259,-1704.77858720559,357.325998425484,48.6992359537113,27.4790467963371,-7525.99118053509
262,6,2023,-0.994936,38.473758,1,34969.1919015299,-197.478020256382,915.619395662069,61.2559608982488,25.9369130295706,-7084.99437538956
263,6,2023,-1.147413,38.640735,1,30306.1732860242,-35.8119530707539,1057.0269272488,61.2615097935119,26.2270379516058,-5067.63863694083
267,1,2023,-1.072463,38.524534,1,33082.64747934,-80.2929164595162,1016.51019501686,61.0858606489373,26.0240792592367,-6263.45917995113
278,2,2023,-0.915195,38.265073,1,33810.8688712699,717.053603619616,992.486270666122,62.1661635099829,24.7800623767453,-6072.08980432195
283,1,2023,-0.85717,38.613665,1,31875.497850418,74.3659149864554,1004.18383110773,61.306143209664,25.9556684897077,-6298.60434568629
284,1,2023,-1.147413,38.640735,1,30311.1095684865,-36.5320563748873,1056.32030466809,61.2620500431094,26.2264067695226,-5071.05137474929
286,8,2023,-0.700357,38.310715,1,35201.2433582014,8.12821558781622,973.591519991231,62.995017118534,24.5893455174416,-7492.87049489436
287,3,2023,-0.988062,38.121442,1,33607.6770220121,432.817822298355,1005.43814790249,63.9995038665439,23.2042804578668,-6296.03534667564
288,5,2023,-0.661409,38.230331,1,34700.740574662,463.709460550574,989.253678321838,63.1280961571239,23.8355861977356,-6771.87054211721
292,2,2023,-0.55628,38.433731,1,33267.3336486724,-459.938329112255,961.414293527603,61.4912783324753,25.1266816422275,-7301.82263335378
313,11,2023,2.367952,35.426139,1,36152.2028099763,-1944.13976653322,234.96836400032,45.0387794508158,28.7639803098217,-7348.90880441644
314,11,2023,2.076213,35.45491,1,35309.0837308958,-1477.92369739272,322.417780160904,46.5263073789651,28.2388104147018,-6759.7689856618
315,11,2023,3.798132,34.840341,1,31137.2671157115,-1202.39444415443,230.886547881227,46.5887683545541,29.1714057521733,-4620.46414084706
317,10,2023,2.076213,35.45491,1,35307.7847430013,-1477.64576769485,322.417780160904,46.5263073789651,28.2388104147018,-6759.60028404838
318,10,2023,1.536662,35.631419,1,29931.9491181462,-575.394710162711,667.994471549988,52.50367101784,26.5533937480352,-5750.41497532867
319,6,2023,2.274222,35.431648,1,35999.3597567641,-1649.45536013647,281.819752693176,46.0532004136675,28.6837097707949,-7123.76903864779
320,7,2023,2.274397,35.425993,1,33031.6004511649,-196.453690219106,281.819752693176,46.0532004136675,28.6837097707949,-5302.62302314404
321,6,2023,2.133727,35.495993,1,37530.3974778037,-2230.82482803127,279.125398039818,46.5263073789651,28.2388104147018,-7839.43865800075
324,6,2023,2.133727,35.495993,1,37533.2500595733,-2227.82979646682,279.125398039818,46.5263073789651,28.2388104147018,-7842.73390799288
397,2,2023,-0.648565,38.40593,1,34248.5417724325,-260.752679143362,871.521703808552,61.8347297846266,25.0209492748275,-6672.35280858164
453,8,2023,0.014487,38.127049,1,35061.0451300572,-71.4499639094617,1475.01320242882,58.3902064158327,26.2481595514028,-6906.89987426435
463,11,2023,-0.648565,38.40593,1,34249.518362815,-262.859832733613,871.678877620305,61.8377825031488,25.0200094879833,-6675.57363750123
464,3,2023,-0.85717,38.613665,1,31880.6826666494,76.4959275118267,1004.11414906814,61.3079814296716,25.9571981969245,-6305.54048971594
465,2,2023,-0.532748,38.199485,1,34235.3302597361,-274.940848384866,1311.72560250283,61.580619139059,24.5091061927412,-7546.4641848288
466,3,2023,-0.279872,38.211053,1,34185.7642225624,-658.682279305499,1002.4879488945,60.2002167504347,25.8460672996904,-6967.90310276521
467,8,2023,-1.315489,38.521848,1,31629.3110547279,971.258349161795,1071.78829956055,61.5419331616467,25.6975178740341,-5228.58528159469
470,1,2023,-0.85717,38.613665,1,31880.7643081021,73.8649627713987,1004.11355470838,61.3079971089485,25.9572112447114,-6302.05737614177
471,12,2023,-0.855647,38.612718,1,31820.1630366361,68.836624812428,1005.68426126785,61.2665616940158,25.9227300330014,-6209.40302002187
472,12,2023,-0.761319,38.438304,1,33665.1329123223,-405.926518325747,884.204591274261,61.6918919111292,25.0522138464941,-6662.22853222659
508,11,2023,-0.131744,38.295936,1,34453.2366396636,-744.667010997468,1348.83426344395,57.1759967747672,27.2409144832663,-6407.56827278411
509,9,2023,-1.359953,38.746348,1,30430.1744095198,-746.800660734845,790.496449232101,61.4988004282288,26.5625582742909,-6171.4560983199
511,7,2023,-0.648565,38.40593,1,34246.8872554507,-264.313448337711,871.810935189946,61.8392966087741,25.0195433668729,-6676.39737982579
513,6,2023,-0.647609,38.406526,1,34244.086484186,-226.699829096923,869.230904392591,61.7855207940037,25.0360983826369,-6624.76249592042
514,6,2023,-0.501401,38.442778,1,33250.1679919173,-445.54723837972,1146.26692534976,60.8427167007823,25.299746131026,-7204.06643881003
515,6,2023,-0.638477,38.465509,1,33838.2607828942,-670.879593090398,937.138392210007,60.9195129644138,25.5438620075243,-7278.46493533546
525,9,2023,3.252514,35.806178,1,29744.5616305968,-3335.59435269916,153.694813859485,46.2498414360483,29.878916054578,-3511.60782530903
528,5,2023,-0.279872,38.211053,1,34190.7374946792,-660.208551492622,1002.4879488945,60.2002167504347,25.8460672996904,-6970.19507443128
529,5,2023,-1.34033,38.613805,1,33930.1760552287,-680.17231898189,889.768014669418,61.2080144142571,26.117040205655,-6497.75968949496
530,5,2023,-0.4558,38.465963,1,33400.0786011314,-738.326818893166,1249.00178766251,60.2959956970666,25.7670020795849,-7390.19578951985
531,6,2023,-0.501401,38.442778,1,33256.5890556443,-446.517458028812,1145.95901777275,60.8427167007823,25.299746131026,-7207.35571617555
532,6,2023,-0.620734,38.471123,1,33666.0015768927,-637.924218716846,937.138392210007,60.9195129644138,25.5438620075244,-7367.41639854635
533,5,2023,-0.520005,38.442735,1,35142.0354929241,-706.665255477707,1045.49417710304,60.8427167007823,25.299746131026,-8191.82173402601
534,2,2023,-0.638477,38.465509,1,33839.0001645451,-670.898387909243,937.138392210007,60.9195129644138,25.5438620075243,-7277.91580908956
536,1,2023,-0.31772,38.359368,1,34793.4080121805,-705.982563120508,1218.76000761986,59.4686739714671,25.6927258060404,-7584.46424662939
537,1,2023,-1.359953,38.746348,1,30430.3802723744,-746.782179481341,790.496449232101,61.4988004282288,26.5625582742909,-6171.42487796502
538,1,2023,-0.40121,38.332229,1,34901.6674034648,-995.691521338537,1102.77186373878,61.0901119012398,25.0217314959661,-8199.01804742863
539,1,2023,-1.359953,38.746348,1,30432.623244284,-747.615501568571,790.496449232101,61.4988004282288,26.5625582742909,-6170.5999665963
540,1,2023,-0.638477,38.465509,1,33838.5719989519,-670.503466990465,937.138392210007,60.9195129644138,25.5438620075244,-7276.89599859557
574,8,2023,0.095637,37.925496,1,28586.8122409679,2229.65670512644,2005.85808235814,64.6292067979218,21.6637198931551,-2158.86814313564
681,2,2023,3.707238553,34.88200481,1,29828.9356398989,-2865.3681259876,228.148251771927,47.1919672663957,28.4430591304553,-3870.10752718619
682,2,2023,3.51444,35.222402,1,39926.1495850556,-2841.54668965223,220.241398284212,46.8203832409306,28.5048648346505,-8141.92601190554
683,2,2023,3.768127,34.622171,1,30014.634097712,-1729.57633064126,315.4068171978,45.8275780168529,28.49032274882,-3697.44294312134
684,2,2023,3.642576,34.906551,1,29256.838623333,-2063.13684257276,300.321652173996,47.3281920271658,28.1503855788,-4034.31730028673
685,2,2023,3.731203,35.005769,1,30369.3350441516,-2599.08573863774,376.087509989739,46.7904026380383,27.6016613529154,-4782.31794020436
686,3,2023,3.909884,34.994751,1,30273.5192925003,-2187.02830479468,238.339015641344,46.1112236660119,28.8721562337658,-4166.69960654807
687,3,2023,3.705416,34.874998,1,30205.6243978596,-2901.46908920566,228.107852169966,47.1919672663957,28.4430591304553,-4036.97119041799
689,4,2023,3.586447,34.641403,1,29472.9859391353,-2249.14642812672,307.622694373131,46.5386127367006,27.8996210507606,-4543.44220998615
690,5,2023,3.586447,34.641403,1,29465.736259944,-2247.17489312407,307.622694373131,46.5386127367006,27.8996210507606,-4540.06412378519
694,12,2023,-0.85717,38.613665,1,31876.1842119729,74.1410860785042,1004.17482092198,61.3063808993732,25.9558662873935,-6298.83328391476
695,6,2023,-0.938973,38.060388,1,32858.3281749013,-834.140101699608,976.845021009445,62.9523877009471,23.8003804507321,-6218.05032656923
696,2,2023,-0.300155,38.02942,1,33239.3885553611,783.265683173423,1371.05238802011,58.2116638392534,25.9266464146305,-5589.2403124771
701,2,2023,3.586447,34.641403,1,29465.0634298408,-2248.22403702104,307.622694373131,46.5386127367006,27.8996210507606,-4539.69383696382
705,3,2023,3.709863123,34.86890976,1,30432.1298455522,-2753.79165004189,228.148251771927,47.1919672663956,28.4430591304553,-4197.93836426154
707,4,2023,3.768127,34.622171,1,30014.7713731905,-1729.33125820723,315.4068171978,45.8275780168529,28.49032274882,-3697.46045400854
708,6,2023,3.586447,34.641403,1,29477.4661460685,-2249.96289843209,307.622694373131,46.5386127367006,27.8996210507606,-4545.54809460365
709,7,2023,3.586447,34.641403,1,29466.6513535385,-2248.12013953869,307.622694373131,46.5386127367006,27.8996210507606,-4540.45838566898
710,7,2023,3.709863123,34.86890976,1,30431.5390596871,-2753.01430052171,228.148251771927,47.1919672663957,28.4430591304553,-4197.30436625805
711,7,2023,3.731203,35.005769,1,30367.245715347,-2596.46026694934,376.087509989739,46.7904026380383,27.6016613529154,-4786.03505153193
712,7,2023,4.251325,34.994751,1,30330.8599987482,-2656.92886782301,296.626102004334,44.7717208160786,30.007152560412,-4722.60859155541
714,8,2023,3.705416,34.874998,1,30210.3715624054,-2902.523381,228.116107375897,47.1919672663957,28.4430591304553,-4040.22096858431
715,8,2023,3.709066,34.862484,1,31525.5793474734,-2177.334852465,228.148251771927,47.1919672663957,28.4430591304553,-4588.67008224415
716,9,2023,3.982908,35.479562,1,29469.6331043093,-2843.16710189018,272.211167097092,46.9132288357286,28.5098537758606,-4067.79993058199
717,9,2023,3.355235,35.439726,1,41472.1113838356,-3491.75746652545,214.168804586536,46.1894024459248,28.7782168175439,-6766.36772085613
718,2,2023,3.586447,34.641403,1,29468.7328333431,-2248.17411260799,307.622694373131,46.5386127367006,27.8996210507606,-4541.45171554514
720,9,2023,3.586447,34.641403,1,29462.7436908446,-2248.38303743692,307.622694373131,46.5386127367006,27.8996210507606,-4538.57636294867
721,9,2023,3.51444,35.222402,1,39935.1430075624,-2841.21229788275,220.241398284212,46.8203832409306,28.5048648346505,-8143.8756606127
723,12,2023,3.707088663,34.88190825,1,29829.9604672602,-2867.02556554101,228.148251771927,47.1919672663957,28.4430591304553,-3865.47781345837
733,5,2023,-1.782745,36.342784,1,32975.2181698116,-2275.1681952237,697.166251402145,48.4032073853619,27.3978286445562,-5970.4897784529
734,4,2023,-1.74233,36.094695,1,32367.129241865,-1595.18302941019,796.043474197388,51.6224306062708,25.3204015426984,-4880.50562447385
741,8,2023,-1.483391,36.100246,1,29956.2075366456,-1063.50150396744,719.462527221846,55.1287727310566,22.2032285350643,-5034.22976617879
778,1,2023,-1.758825,36.191548,1,33124.7135948699,-938.400530241156,531.739074230194,48.6350459289517,28.218811618683,-4904.86177709765
779,1,2023,-1.902874,36.286178,1,32046.0187975421,-3552.62760773386,470.913412987694,48.4223575332616,27.3280720175129,-2455.80154250686
823,1,2023,-1.903692,36.287051,1,32391.0404290935,-3465.19755009616,472.531189567613,48.4223575332616,27.3280720175129,-2733.34517657791
827,4,2023,-2.091583,36.117728,1,31719.9739758267,577.010990110204,577.522204041481,48.4319397959838,27.5061785118765,-3829.54537993896
852,6,2023,3.334722,35.221944,1,35487.7464518143,-2206.24920644006,200.449662715197,47.8113600957439,28.7899463932264,-6005.49400533468
853,6,2023,2.3729,35.6422,1,39231.8668953375,-3830.76589846731,186.784188605845,43.8217126632649,28.0777226400158,-7382.48204902087
854,6,2023,3.101128,35.601344,1,37674.1270138852,-3176.20998162063,183.177674631312,45.1716985416423,29.7500946166853,-7196.84095521629
861,6,2023,2.381166463,35.65337668,1,39393.0507678624,-3463.90532933787,176.750801927489,43.6185778133728,28.3075361001149,-7519.4783433386
880,6,2023,2.841198,35.040193,1,33598.8156179873,-3027.49333196995,288.975148677826,48.9566055164289,27.4466389677841,-6433.71309055658
881,6,2023,2.381166463,35.65337668,1,39396.5848497197,-3464.74880728219,176.592001973092,43.6153627668553,28.3111733931002,-7520.76718103618
883,6,2023,3.101128,35.601344,1,37671.6907495018,-3176.9445602405,183.237767292006,45.1716985416423,29.7500946166853,-7195.91300561857
1114,1,2023,3.083289,39.267433,1,31977.8241693018,-570.735609683657,1018.81841421127,57.0630310119077,25.8250101150443,-6182.0384192368
1115,3,2023,3.364300835,39.06241003,1,32578.1876180779,-412.210573896861,1220.01906895638,59.8291483640988,25.0346375051699,-6340.07202097227
1116,4,2023,3.364300835,39.06241003,1,32576.3494344502,-410.921077505047,1220.01906895637,59.8291483640988,25.0346375051699,-6339.06859085033
1117,4,2023,3.083289,39.267433,1,31988.1316906724,-571.931122754086,1018.81841421127,57.0630310119077,25.8250101150443,-6183.41463921825
1118,5,2023,3.364300835,39.06241003,1,32569.5794652077,-412.078103646207,1220.01906895638,59.8291483640988,25.0346375051699,-6342.06768742949
1119,2,2023,3.083289,39.267433,1,31987.2394421834,-571.820485568147,1018.81841421127,57.0630310119077,25.8250101150443,-6183.25007361449
1120,4,2023,3.364300835,39.06241003,1,32585.3667491393,-415.62945538675,1220.01906895638,59.8291483640988,25.0346375051699,-6342.15530753979
1128,12,2023,2.499818,37.569655,1,34022.5509963573,-2882.18665617146,384.031936786122,51.384727838666,28.275363505812,-4000.70469552879
1129,7,2023,2.162836,37.851804,1,29287.1858585595,-673.892286972098,1482.45190930367,57.0834377058534,24.4399753779581,-4160.69947000908
1130,8,2023,2.162836,37.851804,1,29287.7581011828,-673.839623393029,1482.45190930367,57.0834377058534,24.4399753779581,-4161.1322230077
1141,5,2023,2.877231,39.273743,1,36266.0462369622,-122.535041108964,882.86191701889,56.3103826633474,26.552130236691,-7104.80279679967
1165,2,2023,3.449481,39.176087,1,31086.9686008508,-883.908159348116,1148.078185246,60.6749048264066,24.4270668586622,-5202.50774344596
1167,3,2023,3.561599,38.644335,1,33863.1170864085,-380.161505689369,1444.74383003425,59.5552353549252,24.2789065521592,-7147.54015247335
1168,5,2023,3.083289,39.267433,1,31989.3932371077,-571.682743774597,1018.81841421127,57.0630310119077,25.8250101150443,-6181.11479816755
1169,11,2023,3.526509,39.08417,1,38342.0224690376,0.568559566165987,1169.16633677483,61.1150933095328,23.7923895831522,-8701.52840231472
1240,8,2023,2.442898,40.647455,1,36539.1394303351,-793.261017075254,882.848477455271,57.5316581220608,27.5419341333186,-7901.40806267829
1242,1,2023,2.441251,40.647029,1,36061.4587410024,-707.109214322324,883.173901733104,57.5365887869521,27.5327130955759,-7654.26983170741
1347,4,2023,0.937576,38.587897,1,34553.039706112,-912.714903700026,847.843606233597,56.5058484278571,27.8067945489056,-5445.38480562769
1348,1,2023,0.351116,37.587958,1,30745.1988246709,-613.179052036342,1007.0628752403,59.0563920231105,22.8240070407684,-3889.72822337759
1349,5,2023,1.215247,38.794569,1,39101.6974498039,-2221.20705229868,508.257782978733,54.6875071901361,28.3094109783434,-6830.99741294693
1350,4,2023,1.078052,38.835138,1,33342.4563447797,234.749820705935,510.900067567825,54.9600886098739,28.3057845424844,-3964.28701118397
1351,5,2023,1.215247,38.794569,1,39104.521913461,-2222.1285582709,507.630120383895,54.6875071901361,28.3094109783434,-6832.2407399822
1352,5,2023,1.232158,38.805632,1,40417.2265668707,-2521.08304362068,711.690482616425,54.6875071901361,28.3094109783434,-7638.22936925451
1353,5,2023,1.249148,38.823889,1,35768.8369027092,-1431.84132272585,525.063714679463,54.5709813477067,28.3223571341299,-5320.33724927785
1354,5,2023,1.249148,38.823889,1,35781.8599726418,-1433.09711007494,524.426477191249,54.5705834699748,28.3224013388058,-5323.33103330412
1355,5,2023,1.062953,38.666687,1,35855.3440369327,-1312.13962653824,654.226102590561,55.3584980987468,28.0450283085375,-5676.1868688563
1356,6,2023,0.25,38.35,1,32631.1305837482,-350.276768349783,1110.95056357595,58.1929980483636,26.1746423849753,-5481.51472919128
1357,6,2023,1.249148,38.823889,1,35783.7002652012,-1433.18421122853,524.967137861057,54.5709210471655,28.3223638335897,-5324.00894423579
1358,6,2023,0.368097,37.589876,1,30182.4727031382,-507.640679845201,1065.4903512001,57.9456319928768,23.1614370110917,-3658.69609591512
1366,7,2023,0.937576,38.587897,1,34547.0387448978,-909.824794351533,847.843606233597,56.5058484278571,27.8067945489056,-5441.32683003084
1367,7,2023,1.301502,38.96877,1,39494.124284292,-3141.71078202397,384.824151012117,55.1768858645774,28.375185584151,-8084.48818654981
1368,7,2023,1.142865,39.085895,1,38005.6320744741,-1469.83583752351,294.139636397362,55.5289778317605,28.3405247501042,-5307.72627194201
1369,7,2023,1.301502,38.96877,1,39506.0562111469,-3142.74178330461,384.407424928787,55.1768858645774,28.375185584151,-8087.69806358627
1410,7,2023,1.249148,38.823889,1,35794.2199883167,-1434.22720061071,524.258194907369,54.5704783980438,28.3224130124188,-5326.35266218532
1411,7,2023,1.15879,38.708551,1,38001.3631648912,-2088.44951067393,432.036487579346,54.9559161946832,28.0955177045848,-6831.99008664606
1412,8,2023,0.989946,38.660203,1,37122.3956082287,-572.324872852778,711.551622152328,55.7092294804869,28.042777755598,-5650.22130538706
1413,8,2023,0.989946,38.660203,1,37119.9344118176,-572.523966776401,711.551622152328,55.7092294804869,28.042777755598,-5649.41687092142
1467,8,2023,0.989946,38.660203,1,37115.1957304507,-567.554864258939,711.551622152328,55.7092294804869,28.042777755598,-5643.95189332216
1468,8,2023,1.249148,38.823889,1,35766.6087034708,-1431.49573472537,526.090656266764,54.5716225485104,28.3222858959794,-5320.19980655809
1469,8,2023,1.062953,38.666687,1,35868.504734333,-1316.8242051017,654.226102590561,55.3584980987468,28.0450283085375,-5681.40998670781
1470,8,2023,0.989946,38.660203,1,37123.7579062448,-572.003140816877,711.551622152328,55.7092294804869,28.042777755598,-5650.51063096419
1471,8,2023,0.989946,38.660203,1,37131.3243788913,-568.151255874789,711.551622152328,55.7092294804869,28.042777755598,-5650.57910008356
1472,8,2023,0.989946,38.660203,1,37129.0158220255,-571.036943983532,711.551622152328,55.7092294804869,28.042777755598,-5651.82502844825
1473,8,2023,0.989946,38.660203,1,37134.4194446742,-573.68847688555,711.551622152328,55.7092294804869,28.042777755598,-5655.8678991963
1474,8,2023,0.989946,38.660203,1,37135.0646600208,-571.557100814999,711.551622152328,55.7092294804869,28.042777755598,-5654.53757819633
1475,8,2023,1.061163,38.666146,1,35123.5193277463,-951.947582690705,654.226102590561,55.3584980987468,28.0450283085375,-5334.37594321535
1476,8,2023,1.215247,38.794569,1,39100.3730515355,-2220.93541751372,508.277617374608,54.6875071901361,28.3094109783434,-6830.42155953354
1477,8,2023,0.937576,38.587897,1,34544.9593683832,-909.763480218231,847.843606233597,56.5058484278571,27.8067945489056,-5440.76591299032
1478,8,2023,1.061163,38.666146,1,35138.1605801422,-948.784805537863,654.226102590561,55.3584980987468,28.0450283085375,-5335.2898892348
1479,8,2023,1.078052,38.835138,1,33338.6726410143,232.215771655021,510.900067567825,54.9600886098739,28.3057845424844,-3965.4443427176
1480,9,2023,1.061163,38.666146,1,35131.8279024963,-953.823290958231,654.226102590561,55.3584980987468,28.0450283085375,-5336.96615982979
1536,4,2023,-0.802647,38.312985,1,36001.9784374497,-710.473744683024,869.268778574446,62.2933823234242,24.8481142906294,-7214.63474572665
1547,1,2023,-0.937097,38.061497,1,32947.007783502,-779.901892027971,976.845021009445,62.9523877009471,23.8003804507321,-6228.81085346893
1623,9,2023,1.215247,38.794569,1,39104.0464166064,-2222.09680678551,507.525495561332,54.6875071901361,28.3094109783434,-6832.03655319425
1624,9,2023,1.249148,38.823889,1,35789.8674015923,-1433.93213347283,523.600256640036,54.5700675951792,28.3224586530919,-5324.99953866341
1625,9,2023,1.301502,38.96877,1,39506.9417552363,-3142.87919620456,384.377916478745,55.1768858645774,28.375185584151,-8087.9596126924
1626,8,2023,1.15879,38.708551,1,37998.3372064308,-2087.84833668697,432.036487579346,54.9559161946832,28.0955177045848,-6830.38256507516
1627,9,2023,1.078052,38.835138,1,33344.1120469139,230.185743960241,510.900067567825,54.9600886098739,28.3057845424844,-3968.85991094651
1628,10,2023,1.249148,38.823889,1,35772.9631927129,-1432.11135509661,525.755738834903,54.5714134330854,28.3223091289448,-5321.64806820927
1630,11,2023,1.232158,38.805632,1,40415.2684242871,-2519.68239589724,711.690482616425,54.6875071901361,28.3094109783434,-7636.85829592998
1633,7,2023,0.937576,38.587897,1,34543.3437873631,-909.890979109334,847.843606233597,56.5058484278571,27.8067945489056,-5440.49033280895
1636,4,2023,1.025645,36.043495,1,30470.0440395826,-1433.69710642923,474.207679569721,48.4881486587701,27.5331059965369,-4553.08410381361
1831,11,2023,1.495974,35.472715,1,32800.6821960935,110.017561486456,832.151717067121,55.5802848088674,25.341712009308,-6176.50225206068
1847,11,2023,1.495974,35.472715,1,32807.5512157718,103.405498504916,832.182268572401,55.5802848088674,25.341712009308,-6185.54915730473
2001,11,2023,1.648451,35.609547,1,32863.985027837,-1300.10767195511,561.17068767361,47.2361156214661,27.5294790667437,-7091.19153703186
2027,12,2023,1.589614,34.985221,1,34392.4025448309,-1064.39357125907,998.7581346035,53.4608842493579,23.4554690548274,-8092.27892673902
2048,11,2023,1.536662,35.631419,1,29932.6556781764,-576.107898838157,667.994471549988,52.50367101784,26.5533937480352,-5751.45951311633
2100,1,2023,1.075977,38.659853,1,39514.9373017476,-2086.23204609118,654.226102590561,55.3584980987468,28.0450283085375,-6909.55275100158
2103,1,2023,1.062953,38.666687,1,35857.7793218379,-1318.40406292048,654.226102590561,55.3584980987468,28.0450283085375,-5680.08578348589
2104,1,2023,0.354462,37.582362,1,30789.0539561285,-524.06919425266,1059.10959662572,58.0669360031481,23.1245869197382,-3771.44450660833
2105,1,2023,1.062953,38.666687,1,35881.5879506552,-1320.53500488183,654.226102590561,55.3584980987468,28.0450283085375,-5686.08995940815
2106,1,2023,1.062953,38.666687,1,35864.3171419204,-1309.80343130432,654.226102590561,55.3584980987468,28.0450283085375,-5676.73997113534
2107,2,2023,0.354462,37.582362,1,30790.1622235734,-521.1166639213,1059.88112331562,58.0522685715105,23.1290426355431,-3769.27971710193
2108,2,2023,1.15879,38.708551,1,37996.7778866127,-2087.4462896808,432.036487579346,54.9559161946832,28.0955177045848,-6829.65245293166
2109,2,2023,0.356323,37.597877,1,30295.2424988389,-526.411264499896,1065.4903512001,57.9456319928768,23.1614370110917,-3753.78224997989
2110,2,2023,1.215247,38.794569,1,39092.148244353,-2218.63730962489,509.437941582707,54.6875071901361,28.3094109783434,-6826.82218589894
2111,3,2023,1.232158,38.805632,1,40414.3748721948,-2521.88402089644,711.690482616425,54.6875071901361,28.3094109783434,-7637.19931767801
2112,3,2023,0.354462,37.582362,1,30790.3914324038,-519.758109061061,1060.19761302364,58.0462518112127,23.1308704247986,-3768.17988202472
2114,3,2023,1.062953,38.666687,1,35864.7079852801,-1308.59956720892,654.226102590561,55.3584980987468,28.0450283085375,-5676.1641374242
2115,3,2023,1.061163,38.666146,1,35148.9591932554,-954.973319937196,654.226102590561,55.3584980987468,28.0450283085375,-5340.77965247015
2116,3,2023,1.061163,38.666146,1,35142.5235538902,-959.739819208038,654.226102590561,55.3584980987468,28.0450283085375,-5342.2780652637
2117,3,2023,1.232158,38.805632,1,40415.9922731851,-2521.36764077061,711.690482616425,54.6875071901361,28.3094109783434,-7637.76210976456
2118,3,2023,1.301502,38.96877,1,39500.0146477492,-3143.09125841152,384.638937470311,55.1768858645774,28.375185584151,-8086.39604638292
2119,3,2023,1.301502,38.96877,1,39495.554960197,-3141.99937484378,384.778078377554,55.1768858645774,28.375185584151,-8084.93361116337
2120,3,2023,0.354462,37.582362,1,30790.7101348285,-519.603437720484,1060.27550969523,58.0447709238756,23.131320293138,-3768.15921878616
2121,3,2023,0.354462,37.582362,1,30789.8063450504,-521.770849997779,1059.69505902241,58.0558058247728,23.1279680782753,-3769.7185626717
2122,3,2023,1.215247,38.794569,1,39092.7040703106,-2218.67114173961,509.567325419932,54.6875071901361,28.3094109783434,-6827.06001290135
2123,3,2023,1.15879,38.708551,1,37999.8507874083,-2088.06695995012,432.036487579346,54.9559161946832,28.0955177045848,-6831.27671734441
2125,4,2023,1.070968,38.660479,1,38167.2183327065,-2049.36188274978,654.226102590561,55.3584980987468,28.0450283085375,-6711.43618867481
2126,4,2023,1.215247,38.794569,1,39111.5245148633,-2223.66103854402,507.353909225281,54.6875071901361,28.3094109783434,-6835.29302236403
2127,4,2023,0.354462,37.582362,1,30790.3743101105,-519.559423545125,1060.2364632047,58.0455132335559,23.1310947921057,-3768.00133266113
2128,4,2023,1.070968,38.660479,1,38139.3767177538,-2045.72413481611,654.226102590561,55.3584980987468,28.0450283085375,-6702.76209950499
2129,5,2023,1.078052,38.835138,1,33337.1300853554,232.722381535817,510.900067567825,54.9600886098739,28.3057845424844,-3964.53768005146
2130,5,2023,1.062953,38.666687,1,35837.6453993248,-1310.25847805027,654.226102590561,55.3584980987468,28.0450283085375,-5671.56728244582
2133,5,2023,1.215247,38.794569,1,39092.2524738049,-2219.74362178005,507.599009132849,54.6875071901361,28.3094109783434,-6826.90690826799
2134,5,2023,1.061163,38.666146,1,35143.1728823947,-948.408229885061,654.226102590561,55.3584980987468,28.0450283085375,-5336.00195654578
2137,5,2023,0.354462,37.582362,1,30789.5450309233,-523.083045560662,1059.38209686827,58.0617555230284,23.1261606613255,-3770.76984164239
2138,5,2023,0.989946,38.660203,1,37127.2931715369,-571.679727737495,711.551622152328,55.7092294804869,28.042777755598,-5651.6357003205
2139,5,2023,0.354462,37.582362,1,30790.6290511347,-519.215090242389,1060.34457424623,58.0434579432702,23.1317191542733,-3767.79333685817
2140,5,2023,1.062953,38.666687,1,35870.2586020095,-1320.20567309679,654.226102590561,55.3584980987468,28.0450283085375,-5683.6044359056
2141,5,2023,1.215247,38.794569,1,39097.1416565673,-2220.11635633489,508.591882534712,54.6875071901361,28.3094109783434,-6829.01029466117
2142,6,2023,1.215247,38.794569,1,39090.5281640318,-2218.93530972186,508.391006730762,54.6875071901361,28.3094109783434,-6826.14249304198
2143,6,2023,1.070968,38.660479,1,38115.6560086537,-2042.57271730481,654.226102590561,55.3584980987468,28.0450283085375,-6695.16271342949
2145,6,2023,1.070968,38.660479,1,38116.7074655551,-2042.6861860364,654.226102590561,55.3584980987468,28.0450283085375,-6695.37734001276
2148,6,2023,1.075977,38.659853,1,39514.7390831872,-2088.2799012424,654.226102590561,55.3584980987468,28.0450283085375,-6913.12560020281
2149,6,2023,1.061163,38.666146,1,35137.3595108117,-959.327671413483,654.226102590561,55.3584980987468,28.0450283085375,-5341.09100946637
2150,6,2023,1.061163,38.666146,1,35152.5450378727,-964.164828174339,654.226102590561,55.3584980987468,28.0450283085375,-5346.62656724008
2151,6,2023,0.348575,37.574025,1,29405.326119726,-871.132802752102,968.612957435829,59.7873603074904,22.6019513313514,-4059.09020471311
2152,6,2023,1.249148,38.823889,1,35760.868912416,-1431.00123724429,525.962493726055,54.5715425265061,28.3222947865166,-5318.71697000103
2153,6,2023,1.215247,38.794569,1,39084.3929456538,-2217.0279221642,509.574235170214,54.6875071901361,28.3094109783434,-6823.45508916124
2154,6,2023,1.070968,38.660479,1,38140.8090551846,-2045.87391517263,654.226102590561,55.3584980987468,28.0450283085375,-6703.05454290574
2155,6,2023,0.966472,38.531399,1,40662.4764935334,-2402.6561165715,830.717361450195,56.1190284177522,27.3846569026442,-7822.68441143989
2158,6,2023,0.966472,38.531399,1,40666.2736521094,-2403.1042415023,830.717361450195,56.1190284177522,27.3846569026442,-7824.52462036661
2159,6,2023,1.062953,38.666687,1,35875.7031061192,-1323.16618450696,654.226102590561,55.3584980987468,28.0450283085375,-5686.32119734001
2160,6,2023,1.232158,38.805632,1,40414.1458840569,-2520.10129306852,711.690482616425,54.6875071901361,28.3094109783434,-7636.48708977577
2287,11,2023,1.507382,35.5001,1,32723.5399176672,719.980138759967,812.760572594026,55.5802848088674,25.341712009308,-5444.92597241469
2329,5,2023,1.635839,35.049829,1,34806.2435555709,-1326.13844228009,770.198199290264,53.4934751152105,23.5013958512277,-8004.73844561387
2330,2,2023,1.489864,35.010159,1,36167.3800685151,-1237.92822746092,805.495287895203,52.2896982333634,23.161022083509,-8466.15624553618
2331,11,2023,1.59,35.04,1,34745.3387659584,-772.999147943736,823.990953922272,53.4608842493579,23.4554690548274,-7856.47004756983
2333,11,2023,1.648451,35.609547,1,32851.3485089791,-1299.88033987145,561.439178228378,47.244009439534,27.5312507507464,-7086.16865170329
2334,5,2023,1.536662,35.631419,1,29933.4474403344,-576.702902310733,667.994471549988,52.50367101784,26.5533937480352,-5752.18419655757
2335,8,2023,1.58823,35.43436,1,30043.8914464721,350.258021306861,922.483544826507,51.9270455960887,21.5782307646591,-4847.00615655865
2336,11,2023,2.009217,35.204115,1,30445.349683774,329.554341660255,747.791903495789,50.9800216654634,21.6795397597361,-5064.70511259415
2337,12,2023,1.797533,35.368568,1,29160.5598560574,-174.342632736695,717.872236923868,47.7196300711636,24.6018314709947,-4629.96588473947
2339,12,2023,1.554077,35.137879,1,33452.1221426414,-946.655793346782,797.442833658973,53.7002931242133,23.5359471166595,-7678.33933844975
2340,7,2023,1.545879,35.148879,1,33317.0582743005,-942.268939703902,823.416407095668,54.5326872006456,23.1871130783895,-7532.79666555839
2341,10,2023,1.966667,35.2,1,28655.4371979296,24.6006071480709,701.170973885944,50.9800216654634,21.6795397597361,-4451.60669212244
2342,7,2023,1.648451,35.609547,1,32852.3078935169,-1300.22450547239,561.439178228378,47.244009439534,27.5312507507464,-7086.74020278603
2343,11,2023,1.648451,35.609547,1,32862.3211878916,-1299.29358252301,561.155419720959,47.2356667325262,27.5293783183673,-7090.06616685439
2344,12,2023,0.731013,34.332953,1,30142.7553346619,1902.59876923282,1795.24136281014,76.2296328953466,21.182993847921,-4656.04001464362
2346,12,2023,2.01,35.21,1,30400.9024622028,153.484251368724,747.791903495789,50.9800216654634,21.6795397597361,-5141.72058626446
2347,11,2023,1.728687,35.58767,1,30369.2085749842,-1307.60742790238,491.940999627113,46.053204717958,27.2639872215655,-5777.7931040525
2348,5,2023,1.797533,35.368568,1,29158.2045873723,-173.774347452698,719.230048679599,47.7196300711636,24.6018314709947,-4628.00097751144
2349,11,2023,1.572605,35.005769,1,34529.9643968884,-880.682092368308,823.990953922272,53.4608842493579,23.4554690548274,-7870.60290040139
2350,10,2023,1.966667,35.2,1,28664.4412164087,24.2957077360288,701.182565930713,50.9800216654634,21.6795397597361,-4456.7262852922
2358,5,2023,2.009217,35.204115,1,30435.5992482224,329.963922324101,747.791903495789,50.9800216654634,21.6795397597361,-5058.25160652913
2361,11,2023,2.010564,35.029643,1,30581.649364538,-892.575706978911,638.939210414886,57.9929796407258,24.2072096994478,-5986.64493607603
2362,2,2023,1.925084,35.156148,1,31919.0739581575,-833.045068956905,698.494041204453,50.6353565991592,23.2327151485774,-6499.13848960266
2363,2,2023,1.256796,35.066346,1,30876.1675879032,1762.16781388847,1186.3749370575,67.1540271985955,17.9462394244051,-3998.5830312719
2364,5,2023,0.966155,36.016247,1,29194.1666469754,-1891.45305950664,539.358530640602,48.4881486587701,27.5331059965369,-4357.23259089597
2365,2,2023,1.966667,35.2,1,28682.3565956241,23.3815224870814,701.225578892062,50.9800216654634,21.6795397597361,-4467.57995559456
2366,1,2023,1.972084227,35.34214049,1,32165.8560466689,-1451.77880974494,575.793953418732,48.680129983906,24.2514568990769,-6661.20981407074
2385,9,2023,1.495974,35.472715,1,32808.1930426877,101.758280627982,832.132503860792,55.5802848088674,25.341712009308,-6186.64395593424
2533,7,2023,1.495974,35.472715,1,32800.8327277535,109.983466975858,832.157999632567,55.5802848088674,25.341712009308,-6176.6729824305
2534,7,2023,1.495974,35.472715,1,32801.3820693329,108.445685857107,832.109266844772,55.5802848088674,25.341712009308,-6177.64632071555
2535,10,2023,1.648451,35.609547,1,32870.6868526198,-1301.34744184308,561.098436917421,47.2339913965558,27.5290023069224,-7094.50426735421
2537,11,2023,1.231195,35.971367,1,29388.5918881333,-646.113675473692,723.87967634201,46.970406193989,25.5557051689113,-5153.75700814354
2538,10,2023,1.797533,35.368568,1,29167.0111973567,-178.89099843299,717.995548444785,47.7196300711637,24.6018314709947,-4634.01971178922
2539,10,2023,1.495974,35.472715,1,32800.6450553448,109.465491244636,832.121770399759,55.5802848088674,25.341712009308,-6176.59931453891
2540,10,2023,1.260114,34.913989,1,32224.2706765494,737.347687888429,1149.71284651756,57.0680287164679,20.4421670695963,-5921.10159372523
2541,5,2023,1.790621991,35.30270424,1,28108.6500341351,-761.769655677375,731.702435888177,48.8850455247127,23.4692755973503,-4980.84190921711
2542,6,2023,1.972084227,35.34214049,1,32162.5481831935,-1451.44656553033,575.793953418732,48.680129983906,24.2514568990769,-6660.11736068764
2543,7,2023,1.728687,35.58767,1,30367.2857723944,-1307.09048604928,491.940999627113,46.053204717958,27.2639872215655,-5776.68704084793
2544,5,2023,1.58823,35.43436,1,30042.3598031306,349.721459243035,922.483544826508,51.9270455960887,21.5782307646591,-4844.37704053965
2545,4,2023,1.668478,35.412435,1,31294.0546448382,1538.16753456984,924.158970594406,49.1695051430795,21.3097795303554,-4774.61939694951
2547,12,2023,1.760062,35.247811,1,29094.2353432882,-1020.36374445118,682.78024700653,50.1683843315268,24.2189664646137,-5677.742691021
2547,11,2023,1.290104,35.079476,1,30683.2890369116,1355.16235416501,1186.3749370575,67.1540271985955,17.9462394244051,-4495.19827726612
2548,12,2023,1.966667,35.2,1,28660.6918274225,24.32539965019,701.184015052191,50.9800216654634,21.6795397597361,-4454.8075734468
2549,2,2023,1.495974,35.472715,1,32804.6317051758,106.742320751657,832.196057816346,55.5802848088674,25.341712009308,-6181.57453651028
2550,12,2023,1.495974,35.472715,1,32800.1048899262,111.70232678283,832.206413390559,55.5802848088674,25.341712009308,-6175.46233050403
2551,12,2023,1.491713,35.011236,1,36115.1638089387,-1281.66276170036,805.495287895203,52.2896982333634,23.161022083509,-8471.70435890209
2552,12,2023,1.966667,35.2,1,28673.1479618645,23.3593323458028,701.235168079153,50.9800216654634,21.6795397597361,-4463.08271663985
2553,12,2023,1.966667,35.2,1,28657.6999903768,24.6282400624502,701.167150038876,50.9800216654634,21.6795397597361,-4452.66547725529
2554,3,2023,1.495974,35.472715,1,32804.6993061119,105.694094146835,832.146263451644,55.5802848088674,25.341712009308,-6181.90396168622
2555,3,2023,1.739982,35.060841,1,29118.2788765019,-882.543499013915,645.859713554382,54.0280857702297,24.3466996127612,-4726.62939777026
2556,12,2023,1.728687,35.58767,1,30363.4651508163,-1306.34505645009,491.940999627113,46.053204717958,27.2639872215655,-5774.13169544265
2557,11,2023,1.491713,35.011236,1,36114.4661209089,-1281.911234849,805.495287895203,52.2896982333634,23.161022083509,-8471.89832146626
2558,3,2023,1.60508,34.983731,1,33127.2057831092,-639.775322812734,919.822448253632,53.4608842493579,23.4554690548274,-7391.26224683326
2560,12,2023,1.303396,35.947312,1,28254.0629989365,721.557997560848,846.297143737325,46.8983830525682,23.8611538089388,-3226.03185104356
2561,12,2023,1.303396,35.947312,1,28252.9269636697,723.925023967163,847.03081274323,46.9042588198931,23.8530867059683,-3224.73904410923
2564,12,2023,1.536662,35.631419,1,29934.7422430847,-577.074220850183,667.994471549988,52.50367101784,26.5533937480352,-5752.10592416698
2565,12,2023,1.959424,35.324677,1,30259.4670292671,35.319181496774,575.793953418732,48.680129983906,24.2514568990769,-4628.86682433545
2566,12,2023,1.728687,35.58767,1,30370.1623373366,-1308.30507906999,491.940999627113,46.053204717958,27.2639872215655,-5777.783266013
2567,12,2023,1.554077,35.137879,1,33455.6728748233,-946.790598329112,797.471480452693,53.7005279472116,23.5356776836829,-7680.25476186848
2568,11,2023,1.495974,35.472715,1,32806.4132697908,104.482715781662,832.17624449709,55.5802848088674,25.341712009308,-6184.05435936686
2570,1,2023,1.507382,35.5001,1,32734.1301281879,725.085216301099,812.908646000425,55.5802848088674,25.341712009308,-5446.95257544748
2571,3,2023,1.728687,35.58767,1,30366.6356969256,-1307.50907356596,491.940999627113,46.053204717958,27.2639872215655,-5775.5581192141
2572,3,2023,1.495974,35.472715,1,32805.5597513855,104.683556915044,832.140784019649,55.5802848088674,25.341712009308,-6183.08154055819
2573,3,2023,1.648451,35.609547,1,32863.4993262552,-1299.2425959535,561.12495213358,47.2347709632432,27.5291772724229,-7090.48745233275
2574,4,2023,1.495974,35.472715,1,32801.4646193277,110.497894315806,832.217820876378,55.5802848088674,25.341712009308,-6177.2281511858
2575,12,2023,1.495974,35.472715,1,32799.00334193,110.969341680225,832.110742982037,55.5802848088674,25.341712009308,-6174.45802216276
2582,10,2023,1.495974,35.472715,1,32798.8443185216,113.274611703446,832.218962715544,55.5802848088674,25.341712009308,-6173.71262073858
2583,11,2023,1.49424,35.405583,1,29306.7602362696,810.677954294154,951.85693720645,57.8890232470225,22.8409064567252,-4395.83771830051
2704,4,2023,1.268130025,35.76948525,1,28608.6021228888,-1803.44089377878,729.691237688065,50.5757893662307,25.6673931505038,-4742.65417196524
2752,11,2023,1.648451,35.609547,1,32863.3938766654,-1299.29256857843,561.130673420475,47.2349391732493,27.5292150253802,-7090.47693498687
2754,8,2023,1.495974,35.472715,1,32807.3626385263,102.179104123297,832.109517826734,55.5802848088674,25.341712009308,-6185.64273722949
2755,8,2023,1.972084227,35.34214049,1,32166.8668583953,-1454.15988673804,575.793953418732,48.680129983906,24.2514568990769,-6663.25187048385
2756,5,2023,1.797533,35.368568,1,29163.7849706,-176.973780536949,718.382499494033,47.7196300711637,24.6018314709947,-4631.8363415678
2757,11,2023,1.890249,35.181869,1,29798.402457163,-569.438392027049,669.321265935898,50.6353565991592,23.2327151485774,-5759.45766837826
2758,11,2023,1.790621991,35.30270424,1,28110.8070303766,-761.922590327358,731.640184570644,48.8850455247127,23.4692755973502,-4981.96054086569
2760,8,2023,1.495974,35.472715,1,32807.5031899202,103.90216781691,832.205096107187,55.5802848088674,25.341712009308,-6185.3769551461
2761,5,2023,1.517211,34.97271,1,34965.6597335042,-782.324471459654,1002.1355638504,52.2896982333634,23.161022083509,-8198.59637359976
2762,10,2023,2.273011,35.003197,1,31958.0631174123,-691.538040233222,701.851101756096,52.860520252718,21.6533536153297,-7152.01895213666
2765,12,2023,1.653096,35.187367,1,29681.5507721912,-1172.36314841012,758.241849358914,50.9490727937082,23.0950874612552,-6146.89999145587
2766,7,2023,1.797533,35.368568,1,29164.757052096,-177.726778139145,718.479307387035,47.7196300711637,24.6018314709947,-4632.41926483035
2767,12,2023,1.536662,35.631419,1,29934.6889665616,-577.25352551606,667.994471549988,52.50367101784,26.5533937480352,-5752.51453585476
2768,11,2023,1.966667,35.2,1,28683.3030532736,23.1326422843431,701.240785713815,50.9800216654634,21.6795397597361,-4468.59337222529
2769,11,2023,1.966667,35.2,1,28662.604458764,24.1286344666054,701.194994663423,50.9800216654634,21.6795397597361,-4456.18429847674
2770,3,2023,1.776522,35.502838,1,34307.9795217482,-1065.19801544376,601.156374119982,46.7094113706517,27.0621261788286,-6281.56477662923
2771,3,2023,1.666667,35.466667,1,30189.291051723,569.313206917541,730.592180490494,47.7218583775595,25.3718193419992,-4628.33808054062
2772,1,2023,1.668478,35.412435,1,31297.0902103369,1535.29320342213,924.158970594406,49.1695051430795,21.3097795303554,-4778.19806790078
2773,12,2023,1.739282,35.467237,1,30421.0287220439,-399.742234310917,693.732511043549,47.7218583775595,25.3718193419992,-5530.32327389389
2775,7,2023,1.668478,35.412435,1,31293.0302094889,1539.14043596532,924.158970594406,49.1695051430795,21.3097795303554,-4774.38006710344
2776,12,2023,1.92,35.37,1,33029.3820383184,-987.542392802754,507.296848535538,47.1685690588593,27.1456577231351,-6003.86652313962
2781,4,2023,1.966667,35.2,1,28662.5476537481,24.0055911405728,701.202975535798,50.9800216654634,21.6795397597361,-4456.4264165288
2782,4,2023,1.966667,35.2,1,28679.7840036294,23.339779493523,701.230553565253,50.9800216654634,21.6795397597361,-4466.40130851044
2783,4,2023,1.913,35.3628,1,32913.9596834378,-1142.15490905007,507.296848535538,47.1685690588593,27.1456577231351,-6144.83181325752
2784,6,2023,1.925091,35.412435,1,31804.7934274583,-1835.53719025273,442.94843173027,47.1685690588593,27.1456577231351,-6296.35765311919
2785,8,2023,1.966667,35.2,1,28682.00036905,23.3229615335102,701.229672456952,50.9800216654634,21.6795397597361,-4467.53245796017
2787,1,2023,1.666667,35.466667,1,30187.0595162677,566.127990414186,730.592180490494,47.7218583775595,25.3718193419992,-4630.08419396401
2788,7,2023,1.603738,35.456279,1,30844.028305448,-224.065545662502,716.969666242599,50.4569146924208,25.7917998553411,-5791.81114015711
2789,2,2023,1.797533,35.368568,1,29165.6640164499,-178.367809196145,718.493565289376,47.7196300711636,24.6018314709947,-4632.98972756768
2790,2,2023,1.797533,35.368568,1,29159.0012321989,-173.901111825021,718.6929209023,47.7196300711636,24.6018314709947,-4628.69311871167
2791,4,2023,1.797533,35.368568,1,29164.2140691578,-177.056180399783,718.116033602109,47.7196300711637,24.6018314709947,-4632.20172155721
2792,4,2023,1.58823,35.43436,1,30046.6668289232,347.332564020495,922.483544826508,51.9270455960886,21.5782307646591,-4847.85897257683
2793,5,2023,1.739282,35.467237,1,30418.6475547462,-401.11306730702,693.732511043549,47.7218583775595,25.3718193419992,-5530.2944681346
2794,1,2023,1.6409223,35.43858379,1,30475.9956286765,523.277816865235,874.212646961212,51.9270455960886,21.5782307646591,-5135.95116397237
2795,5,2023,1.603738,35.456279,1,30850.2052726194,-224.556234817327,716.969666242599,50.4569146924208,25.7917998553411,-5795.33616321064
2796,5,2023,1.739282,35.467237,1,30418.4024549605,-400.429782748514,693.732511043549,47.7218583775595,25.3718193419992,-5529.74985404713
2797,5,2023,1.666667,35.466667,1,30189.5364432894,565.806626236592,730.592180490494,47.7218583775595,25.3718193419992,-4629.88125738122
2798,2,2023,1.491713,35.011236,1,36111.5872252045,-1282.69896422623,805.495287895203,52.2896982333634,23.161022083509,-8470.45538993652
2799,4,2023,1.322747,35.642353,1,33275.9861062831,111.152777133394,908.247466564179,62.1622491543686,19.593815854913,-6254.57432759676
2800,2,2023,1.400963,35.573993,1,32429.9720381045,411.52511615199,913.877220446202,58.2389726807704,23.5017061677698,-5846.71365725458
2801,2,2023,1.400963,35.573993,1,32404.7203390755,424.342694825833,915.161031809134,58.2389726807704,23.5017061677698,-5825.74416740401
2802,1,2023,1.397999,35.586864,1,32958.034075647,-274.615156159678,984.766462018542,58.2389726807704,23.5017061677698,-6529.01608048716
2803,4,2023,1.400963,35.573993,1,32433.0569130739,406.2324029112,913.890115904602,58.2389726807704,23.5017061677698,-5852.1369421609
2804,4,2023,1.567516,35.26978,1,31558.6340062257,229.673347909977,833.084032773972,52.3960098891533,20.6882262608777,-6050.83876688941
2805,2,2023,1.567516,35.26978,1,31571.0687451869,226.151895792281,833.084032773972,52.3960098891533,20.6882262608777,-6054.2415536795
2806,2,2023,1.551136,35.291743,1,30191.5996756675,350.93747495695,844.645080659677,56.5229930261035,22.0064763661393,-5181.13092967339
2807,2,2023,1.495974,35.472715,1,32801.3970952919,109.834809626631,832.180526139785,55.5802848088674,25.341712009308,-6177.3186164172
2808,5,2023,1.444862,35.882514,1,27192.4132511598,-517.823951307933,675.362560828323,44.9094245381719,25.2291531336839,-3901.01893074925
2809,3,2023,1.495974,35.472715,1,32798.2635849201,112.640380608037,832.155975770935,55.5802848088674,25.341712009308,-6173.2447570609
2810,6,2023,1.495974,35.472715,1,32807.8281973148,101.685798270245,832.109257676235,55.5802848088674,25.341712009308,-6186.26655605229
2811,5,2023,1.913,35.3628,1,32911.8648571184,-1140.65533891251,507.296848535538,47.1685690588593,27.1456577231351,-6143.88981332721
2813,3,2023,1.890249,35.181869,1,29796.8531029363,-569.448334522831,669.321265935898,50.6353565991592,23.2327151485774,-5758.37168347808
2814,3,2023,1.966667,35.2,1,28677.6413304454,23.3958798582791,701.228837760614,50.9800216654634,21.6795397597361,-4465.22027129297
2815,2,2023,1.966667,35.2,1,28672.4140391093,23.368796340157,701.235207899246,50.9800216654634,21.6795397597361,-4462.69965558707
2838,11,2023,1.648451,35.609547,1,32863.1665951961,-1299.82472715737,561.170903773939,47.2361219749733,27.5294804927212,-7090.70830354691
2867,1,2023,0.593685,35.558001,1,30903.7116820007,-190.366103039075,1075.17908358574,58.725260005261,23.4010720710232,-5551.36470200102
2889,7,2023,0.999132,35.674947,1,28864.6252144818,221.457249336789,891.020847092565,53.9864801918919,25.2768337005894,-4338.35844348885
2890,7,2023,0.401982,36.100451,1,27545.5602487766,-976.171690212087,750.379679019906,58.4303736457864,23.7466730805837,-4361.16445597097
2893,6,2023,0.469853,35.983224,1,29212.0028691599,-969.830571477805,580.579019784927,55.9967284695734,25.730099833937,-3612.33193375203
2896,3,2023,0.731119,35.313542,1,31445.8464818355,688.206298767265,1136.84633040428,68.319526895174,18.4452465858634,-4933.60937883207
3001,1,2023,1.491713,35.011236,1,36110.4951418857,-1282.98786510551,805.495287895203,52.2896982333634,23.161022083509,-8469.75795229711
3002,1,2023,1.569962942,35.03870221,1,35918.5080605162,-1237.27170137164,823.990953922272,53.4608842493579,23.4554690548274,-8907.18844005832
3003,1,2023,1.290104,35.079476,1,30685.4644793117,1353.02384761533,1186.3749370575,67.1540271985955,17.9462394244051,-4495.43795388946
3004,2,2023,1.120887,35.165376,1,28977.2789938966,2627.72589061989,1661.71746110916,74.4719462285196,17.7310824163428,-2728.16851350786
3005,3,2023,1.734344,35.324677,1,27866.516436106,997.086657369437,792.266027450561,49.9268223650448,20.9069412562401,-3505.41286956048
3006,2,2023,1.790621991,35.30270424,1,28092.1136817154,-759.066069782784,732.204073691123,48.8850455247127,23.4692755973502,-4969.93847966046
3007,2,2023,1.966667,35.2,1,28666.9062631605,23.8067656790033,701.211901068835,50.9800216654634,21.6795397597361,-4459.01640018388
3008,6,2023,1.966667,35.2,1,28674.82665438,23.7144429368729,701.210798958273,50.9800216654634,21.6795397597361,-4463.13132929671
3009,2,2023,1.648451,35.609547,1,32854.3019532598,-1299.32316206637,561.34146842486,47.2411367000698,27.5306059947476,-7087.00799772642
3010,1,2023,1.491713,35.011236,1,36106.438526515,-1284.16309104275,805.495287895203,52.2896982333634,23.161022083509,-8468.92425225727
3011,3,2023,1.491713,35.011236,1,36108.2847268631,-1283.59020783532,805.495287895203,52.2896982333634,23.161022083509,-8468.49901019736
3012,1,2023,1.489864,35.010159,1,36164.7700591731,-1239.35651277546,805.495287895203,52.2896982333634,23.161022083509,-8464.61709413341
3013,2,2023,1.60508,34.983731,1,33118.242881561,-637.58812470339,919.822448253632,53.4608842493579,23.4554690548274,-7386.00691756839
3014,6,2023,1.589614,34.985221,1,34390.1830232857,-1063.77364536456,998.7581346035,53.4608842493579,23.4554690548274,-8092.18906746893
3015,4,2023,1.309221,35.207071,1,31229.4705696181,623.868842223563,1061.91379833221,70.5220049320208,18.2279667806408,-5292.08187745865
3016,1,2023,1.295664733,35.19528591,1,30016.7398531269,1247.91775695649,1426.56088378522,70.5220049320208,18.2279667806408,-4565.76157866592
3020,11,2023,1.030211,36.040237,1,30577.1525809733,-1361.74495866577,474.207679569721,48.4881486587701,27.5331059965369,-4337.69028599198
3021,10,2023,0.984618,36.1666,1,28167.6590519046,-2182.78128537551,512.658528327942,49.4849206695474,25.9139194418851,-4601.13587106877
3025,10,2023,1.059592,35.981461,1,28705.3340154132,-1481.86463451522,606.86118888855,47.6928753630839,26.4538414506608,-4992.45852102885
3026,10,2023,0.934666,36.023248,1,29431.5941643194,-1637.68187732331,565.424002885818,51.5017921714633,26.9567811713371,-4292.09765225517
3028,11,2023,1.025218,35.725577,1,28629.0003577493,-653.588051798283,837.557466745377,53.9864801918919,25.2768337005894,-4423.88996660201
3035,6,2023,0.849738,35.600304,1,28948.6539516652,1622.95326713329,1099.32222829626,58.6417731269212,22.9536607809381,-3600.54050125765
3039,5,2023,0.849738,35.600304,1,28949.7562667246,1624.51336188263,1099.52614335939,58.6352725643573,22.9598241797388,-3599.64245032407
3043,5,2023,0.500171,36.198103,1,27241.5503991288,-1157.06223171259,702.851383108425,60.3460388378872,22.1680470906437,-3689.03703641541
3089,3,2023,1.495974,35.472715,1,32804.1477442262,106.758598430863,832.170985073139,55.5802848088674,25.341712009308,-6181.04689039821
3090,2,2023,1.488327,35.022295,1,36389.8553277162,-1208.9523719229,805.495287895203,52.2896982333634,23.161022083509,-8782.64782357629
3092,5,2023,1.858742,35.5001,1,32738.2270810555,-1419.1822833693,482.681279581126,46.4919817924284,28.6974795250044,-6412.99447700249
3093,5,2023,1.769234042,35.33260612,1,26960.6881506735,459.541010225523,771.316649913788,48.8850455247127,23.4692755973502,-3287.99897992132
3116,12,2023,1.545043,35.192863,1,37726.7086799477,-1598.32612249478,877.341117781699,56.6135032237442,22.5271538703954,-8745.5889497277
3117,2,2023,1.966667,35.2,1,28671.3640398824,23.333535424271,701.238402426982,50.9800216654634,21.6795397597361,-4462.2592661383
3227,3,2023,1.495974,35.472715,1,32795.3483221041,116.275133698197,832.184942976161,55.5802848088674,25.341712009308,-6169.19884089747
3228,2,2023,1.488327,35.022295,1,36387.8750867788,-1208.35860174228,805.495287895203,52.2896982333634,23.1610220835089,-8781.66440490289
3230,5,2023,1.858742,35.5001,1,32737.708256464,-1419.27725907152,482.678422625354,46.4919817924284,28.6974795250044,-6412.95488622598
3231,5,2023,1.769234042,35.33260612,1,26955.9451253704,458.235227263869,771.316649913788,48.8850455247127,23.4692755973502,-3284.87253427503
3253,12,2023,1.4121,35.032,1,35019.9201427934,-1088.21086416956,848.723148584366,55.415720310403,21.3427657157864,-8063.40871661379
3254,2,2023,1.966667,35.2,1,28671.6697028,24.0106998380397,701.194492300885,50.9800216654634,21.6795397597361,-4460.92295318701
3293,5,2023,1.241547434,35.10380637,1,30300.8101875813,1575.93009316261,1427.23234844208,70.596648781568,16.8698729057835,-3951.4386358209
3296,3,2023,1.207346,35.090509,1,30416.184125381,1952.3491499862,1354.23261089627,70.596648781568,16.8698729057835,-3995.93173751434
3297,3,2023,1.599022,35.291743,1,30085.2969710141,657.181039930897,823.140564676855,52.3960098891533,20.6882262608777,-4951.72548103483
3298,3,2023,1.609802,35.352112,1,30035.9359857356,262.480729720306,931.766431373084,51.981701548702,21.474504223633,-5179.88483346938
3299,1,2023,2.124498,35.192863,1,31224.1995934034,-240.175892328349,699.520216651154,50.4915331137575,22.9371049976784,-5887.2319876458
3301,5,2023,1.551136,35.291743,1,30191.9648527269,349.001448016855,844.764538603452,56.565636298963,22.0200975749183,-5181.37430649034
3302,10,2023,2.01406,35.028622,1,30220.7031187473,-861.797985936191,638.939210414886,57.9929796407258,24.2072096994478,-5838.81803464264
3303,10,2023,2.009217,35.204115,1,30436.8673402746,332.462319594419,747.791903495788,50.9800216654634,21.6795397597361,-5057.61346726253
3308,10,2023,1.648451,35.609547,1,32855.0068581976,-1298.62636079589,561.279819891669,47.2393241882458,27.5301991956327,-7086.86175713012
3313,10,2023,0.984618,36.1666,1,28168.6056618641,-2181.85965790707,512.658528327942,49.4849206695474,25.9139194418851,-4601.25663201197
3315,12,2023,0.885272,36.182066,1,28583.4218584379,-1325.18270790957,668.313644170761,51.5001517640791,25.1203852666567,-4623.41225832724
3316,12,2023,1.176226,35.814747,1,30756.8191035639,-1137.29667242647,712.130722999573,51.3407489491556,25.4268127423988,-5478.77663212774
3317,12,2023,0.885272,36.182066,1,28584.8577596112,-1323.26592086692,668.313644170761,51.5001517640791,25.1203852666567,-4623.98834796717
3318,11,2023,0.984618,36.1666,1,28170.0056870926,-2180.57196575298,512.658528327942,49.4849206695474,25.9139194418851,-4601.37302652199
3322,11,2023,1.072545,36.133532,1,28074.5246936128,-1662.28910658059,411.474401593208,48.1237716567096,27.1397162990483,-4330.10404702724
3356,11,2023,1.495931,35.472693,1,32802.8825567514,108.28863530184,832.181234984598,55.5802848088674,25.341712009308,-6179.30384417533
3358,12,2023,1.554077,35.137879,1,33455.1629587504,-946.681553203213,797.524672072345,53.7009639686293,23.5351773981518,-7681.23517203924
3408,4,2023,0.937576,38.587897,1,34543.8652873456,-910.193598378162,847.843606233597,56.5058484278571,27.8067945489056,-5440.8904689059
3409,6,2023,0.937576,38.587897,1,34545.8015792216,-910.948097709675,847.843606233597,56.5058484278571,27.8067945489056,-5442.04141288505
3410,7,2023,1.249148,38.823889,1,35769.010498134,-1431.81815093556,525.335262718664,54.5711508966111,28.3223382970506,-5320.49135580226
3411,7,2023,0.937576,38.587897,1,34550.1206160569,-912.174596731947,847.843606233597,56.5058484278571,27.8067945489056,-5444.19304087876
3412,10,2023,0.937576,38.587897,1,34546.4905693519,-910.108510124533,847.843606233597,56.5058484278571,27.8067945489056,-5441.44834592701
3446,11,2023,3.956274,41.819599,1,33035.9554173249,737.161516684182,555.566355498458,51.5106684366288,29.0927088850778,-4744.91059012661
3448,12,2023,3.933462,41.860615,1,35622.3540416983,-1429.27098432951,585.827545523643,51.772533256667,29.2622013161716,-6762.80999450628
3451,12,2023,3.939309,41.852953,1,34304.4606891095,-1355.74379391088,577.879691741526,51.6617742308275,29.1486426861621,-5568.9177767979
3452,12,2023,3.955735,41.788467,1,40244.8442076546,-1768.11974565612,562.553301389838,51.5117369037553,29.0873928655813,-8642.0594791515
3513,12,2023,2.804115,40.923687,1,41031.8832932129,-1679.30098660548,934.773219087392,56.4729049735879,27.5906297640169,-6356.36137628052
3514,12,2023,2.804115,40.923687,1,41024.9515312667,-1679.64145285727,934.764389386863,56.4729049735879,27.5906297640169,-6353.53415098479
3520,7,2023,3.955735,41.788467,1,40245.516644121,-1769.02547846872,562.545237295109,51.5117104965752,29.087524251078,-8642.33215533363
3521,8,2023,3.871231,41.709405,1,38576.5772898247,-937.171162691015,512.075463294983,51.995044927631,28.8007182343366,-9134.74673346711
3530,8,2023,3.874555,41.721711,1,38625.2023562844,-968.1212536669,512.075463294983,51.995044927631,28.8007182343365,-8739.58695920813
3531,10,2023,3.871231,41.709405,1,38572.0201922894,-937.324049141089,512.075463294983,51.995044927631,28.8007182343366,-9132.39100712322
3536,4,2023,3.955735,41.788467,1,40243.4481573584,-1765.51345176447,562.574471274217,51.5118062279594,29.0870479520023,-8643.77053570673
3538,3,2023,3.933462,41.860615,1,35623.7547411063,-1430.17842856671,585.827545523643,51.772533256667,29.2622013161716,-6762.35917960318
3540,4,2023,3.955735,41.788467,1,40243.9065983246,-1765.15392890343,562.574942250519,51.5118077702473,29.0870402785489,-8646.98128761811
3606,7,2023,1.495974,35.472715,1,32803.4053714176,107.511834996639,832.169647845386,55.5802848088674,25.341712009308,-6180.05964315333
3608,8,2023,3.933462,41.860615,1,35615.6360290094,-1427.48936706869,585.827545523643,51.772533256667,29.2622013161716,-6760.38603876357
3614,12,2023,3.950719,41.478221,1,36803.1303794618,-1050.34437170512,527.350252040015,52.3261198897967,28.6504621137207,-6845.29487126962
3620,12,2023,3.871231,41.709405,1,38576.4389059014,-937.423626843993,512.075463294983,51.995044927631,28.8007182343366,-9133.65611493557
3621,6,2023,3.471535,40.884953,1,33690.817338205,-435.180349761449,888.960776567459,56.7209362146196,26.0802643780295,-7724.30135558466
3623,2,2023,3.866302,40.833314,1,35711.8801400804,-589.929665741102,744.991013765335,54.873800087419,25.7904534030723,-7061.84049323945
3636,12,2023,2.095168,35.092684,1,30132.9657590168,-169.654238172047,663.936582890918,53.4832150153017,22.5863852844935,-5371.73398737633
3672,2,2023,1.966667,35.2,1,28685.4491587476,23.1272032285751,701.239238303129,50.9800216654634,21.6795397597361,-4469.66454578412
3684,1,2023,1.728687,35.58767,1,30367.3345011624,-1307.84180964829,491.940999627113,46.053204717958,27.2639872215655,-5775.77590142808
3740,11,2023,1.728687,35.58767,1,30366.9528469329,-1307.53093614215,491.940999627113,46.053204717958,27.2639872215655,-5775.82158447624
3808,1,2023,1.668478,35.412435,1,31294.8046175946,1537.46260469461,924.158970594406,49.1695051430795,21.3097795303554,-4776.28189736698
3978,3,2023,1.300454,35.199376,1,30289.3557985217,1064.85642139274,1327.10363600904,70.5220049320208,18.2279667806408,-4806.87439165457
4099,5,2023,1.705073,35.192863,1,28184.0965806641,-605.678980501673,734.541946082859,50.6341819374102,23.4200630902155,-4073.46639934087
4100,3,2023,1.400963,35.573993,1,32420.2403400874,411.944558206392,914.574626273003,58.2389726807704,23.5017061677698,-5842.09462301542
4101,6,2023,1.966667,35.2,1,28670.1181344343,23.4637307778051,701.231131565164,50.9800216654634,21.6795397597361,-4461.35728444188
4103,2,2023,1.734344,35.324677,1,27870.7699568187,996.681098552753,792.266027450562,49.9268223650448,20.9069412562401,-3507.89076932344
4104,5,2023,1.734344,35.324677,1,27868.6786936995,999.231810487518,792.266027450562,49.9268223650448,20.9069412562401,-3503.7685486863
4105,6,2023,1.261311,35.286253,1,30900.8980562479,2385.17055473808,1191.98216581345,71.5982121970709,17.6349908959376,-4114.96966900248
4106,1,2023,1.545043,35.192863,1,37726.8261668348,-1598.20762021864,877.283239111172,56.6135032237442,22.5271538703954,-8745.78433384745
4107,4,2023,1.393826159,35.00617904,1,34850.4524678887,-1099.04318478833,888.929612159729,55.415720310403,21.3427657157864,-8281.26661864406
4108,10,2023,1.4121,35.032,1,35019.6335707344,-1088.19274095749,848.723148584366,55.415720310403,21.3427657157864,-8063.31427016894
4110,4,2023,1.666667,35.466667,1,30187.323690337,563.231657667893,730.592180490494,47.7218583775595,25.3718193419992,-4631.34891021465
4111,4,2023,1.635839,35.049829,1,34827.9234694119,-1327.33807755221,770.359331966431,53.4925328580845,23.5000680297645,-8013.86363141897
4112,4,2023,1.589614,34.985221,1,34392.2676031133,-1064.15412705816,998.7581346035,53.4608842493579,23.4554690548274,-8092.40329963027
4113,3,2023,1.966667,35.2,1,28665.4270945776,23.9800489795597,701.202052829746,50.9800216654634,21.6795397597361,-4457.90509491085
4114,4,2023,1.393826159,35.00617904,1,34850.6460749814,-1098.86269965191,888.929612159729,55.415720310403,21.3427657157864,-8280.7599475716
4115,4,2023,1.645502,35.138161,1,31254.5727915778,-681.064280467969,732.501396417618,53.5998092370467,23.6512410743052,-5868.87214739564
4116,5,2023,1.705073,35.192863,1,28182.3397567961,-605.158009256535,734.579687702284,50.6341819374102,23.4200630902155,-4073.09791235388
4117,4,2023,1.035461,35.315804,1,31262.0864581856,1796.5073236923,1254.38837599754,75.3467118599645,18.5319871858919,-3626.41105101373
4120,5,2023,1.603738,35.456279,1,30840.6697364017,-224.937496714856,716.969666242599,50.4569146924208,25.7917998553411,-5791.09365507773
4121,6,2023,-0.91910936,35.29935064,1,30109.0601544185,1642.40422992387,1349.79701394328,67.4208759953079,18.9940789470934,-3913.06807145363
4122,6,2023,1.536662,35.631419,1,29932.6274415617,-576.159722614782,667.994471549988,52.50367101784,26.5533937480352,-5751.58972303092
4124,6,2023,1.495974,35.472715,1,32796.0804366278,115.01692353077,832.160257544171,55.5802848088674,25.341712009308,-6170.30185492082
4125,6,2023,1.648451,35.609547,1,32849.4728473553,-1298.68735689884,561.4108286976,47.2431759426593,27.5310636811856,-7084.77556519667
4126,6,2023,1.536662,35.631419,1,29932.8518456354,-575.96892444288,667.994471549988,52.50367101784,26.5533937480352,-5751.02845895918
4127,7,2023,1.797533,35.368568,1,29158.3693584021,-173.558365852634,718.815612269324,47.7196300711636,24.6018314709947,-4628.2497612946
4128,7,2023,1.648451,35.609547,1,32854.9525309474,-1299.408705398,561.332127446457,47.2408620684943,27.5305443565942,-7087.30869755438
4129,7,2023,1.495974,35.472715,1,32797.6528735433,113.984997895099,832.191540380611,55.5802848088674,25.341712009308,-6172.25169838676
4130,5,2023,1.536662,35.631419,1,29934.7899004825,-577.077649145618,667.994471549988,52.50367101784,26.5533937480352,-5752.08216987027
4131,10,2023,1.648451,35.609547,1,32850.9986637697,-1298.67013071677,561.37471828916,47.2421142703229,27.5308254000549,-7085.35056559022
4132,5,2023,1.482019,35.672398,1,30534.2100684998,-452.915601764605,593.089427709579,49.2336877627979,26.4144199859062,-5718.06885169828
4133,6,2023,1.536662,35.631419,1,29932.8157441201,-575.923742830524,667.994471549988,52.50367101784,26.5533937480352,-5750.95647507271
4134,6,2023,1.648451,35.609547,1,32854.6474951838,-1300.08378090111,561.382948421606,47.2423562422175,27.5308797080882,-7087.59503015476
4135,7,2023,1.648451,35.609547,1,32852.8325851089,-1300.20540371281,561.432264813366,47.243806180092,27.5312051313137,-7086.97125362575
4136,6,2023,1.536662,35.631419,1,29932.3427660355,-575.601494668659,667.994471549988,52.50367101784,26.5533937480352,-5750.58891092205
4137,6,2023,1.495974,35.472715,1,32806.2045368944,105.156100383115,832.199439890744,55.5802848088674,25.341712009308,-6183.66459140357
4138,7,2023,1.728687,35.58767,1,30367.8356544314,-1307.73072788555,491.940999627113,46.053204717958,27.2639872215655,-5776.37780687128
4139,2,2023,1.507382,35.5001,1,32730.7996843305,721.557325855601,812.902366075279,55.5802848088674,25.341712009308,-5447.3376770116
4155,6,2023,1.495974,35.472715,1,32798.97575129,111.834429256372,832.153021335428,55.5802848088674,25.341712009308,-6174.21235479387
4156,6,2023,1.648451,35.609547,1,32851.2800511636,-1298.40718814335,561.351134705721,47.2414208957749,27.5306697794688,-7085.30132477007
4157,5,2023,1.648451,35.609547,1,32846.0626279695,-1297.9326744327,561.439178228378,47.244009439534,27.5312507507464,-7083.01076192509
4158,5,2023,1.728687,35.58767,1,30364.846901761,-1307.05007365476,491.940999627113,46.053204717958,27.2639872215655,-5774.50024729449
4159,10,2023,1.507382,35.5001,1,32725.702227553,720.136629407998,812.809380540406,55.5802848088674,25.341712009308,-5445.81085796737
4374,7,2023,1.648451,35.609547,1,32849.2222978503,-1298.84199518968,561.426601932372,47.2436396872619,27.5311677637584,-7084.77183404596
4378,11,2023,1.536662,35.631419,1,29932.4804448803,-575.845665936714,667.994471549988,52.50367101784,26.5533937480352,-5751.01860162386
4488,5,2023,1.582503,37.798148,1,36777.2747482256,-2507.92518309858,410.888678257254,54.8089412693218,26.910879835364,-6034.53465929873
4489,5,2023,1.990223,37.912656,1,29910.384818536,-2064.95455020332,506.132362127304,56.5092586985903,26.7289078925843,-3729.21662445279
4490,7,2023,1.990223,37.912656,1,29918.7930430859,-2063.76948120857,506.132362127304,56.5092586985903,26.7289078925843,-3731.69575209975
4491,3,2023,1.595731,37.806697,1,35076.3524325922,-2226.49929225105,395.637889695463,54.8089412693218,26.910879835364,-5559.15678548509
4492,3,2023,1.682971,37.696971,1,38573.82673471,-1851.7133848771,397.5965924263,54.0328751121648,26.987681347921,-8350.14081296625
4493,3,2023,1.990223,37.912656,1,29916.3445569067,-2064.74967409751,506.132362127304,56.5092586985903,26.7289078925843,-3730.67953357307
4494,10,2023,1.596262,37.806631,1,34939.3284977453,-2215.455376656,394.125052450673,54.8089412693218,26.910879835364,-5523.69330349501
4496,3,2023,1.990223,37.912656,1,29908.6927820853,-2065.24725662492,506.132362127304,56.5092586985903,26.7289078925843,-3728.69399731986
4498,7,2023,1.990223,37.912656,1,29915.9900855129,-2063.04028838019,506.132362127304,56.5092586985903,26.7289078925843,-3731.38650618413
4499,7,2023,1.592822,37.806062,1,35683.6655229792,-2232.07025817776,399.504500627518,54.8089412693218,26.910879835364,-5701.51370113957
4500,7,2023,1.592822,37.806062,1,35670.8913465195,-2231.66032144176,399.504500627518,54.8089412693218,26.910879835364,-5697.26292361966
4501,4,2023,1.990223,37.912656,1,29918.7601231544,-2065.14900155238,506.132362127304,56.5092586985903,26.7289078925843,-3731.04859563581
4502,1,2023,1.59893,37.810777,1,34975.0340390835,-2195.96792405658,385.958770469591,54.8089412693218,26.910879835364,-5638.29492747329
4503,7,2023,1.990223,37.912656,1,29919.7055424024,-2064.47388953527,506.132362127304,56.5092586985903,26.7289078925843,-3731.57890729678
4505,4,2023,1.420153,37.725918,1,39667.9957417303,-2192.37506498823,481.004908561707,55.1907715733946,26.2747579478782,-7604.40358201436
4507,4,2023,1.616488,37.807393,1,36067.1671857363,-2123.12845354851,371.731192588806,54.8089412693218,26.910879835364,-6050.28634394167
4660,12,2023,2.273011,35.003197,1,31959.597670161,-691.230183054015,701.851101756096,52.860520252718,21.6533536153297,-7153.00864371379
4662,1,2023,1.489864,35.010159,1,36160.9350427315,-1241.21698376754,805.495287895203,52.2896982333634,23.161022083509,-8462.193302187
4724,3,2023,1.728687,35.58767,1,30367.6523779597,-1307.82454401888,491.940999627113,46.053204717958,27.2639872215655,-5776.09002631322
4725,3,2023,1.495974,35.472715,1,32801.1306009528,109.257154563489,832.137024382615,55.5802848088674,25.341712009308,-6177.17407966504
4727,11,2023,1.648451,35.609547,1,32870.4443865173,-1300.49460285579,561.047840688919,47.2325038305478,27.5286684384602,-7093.9006994744
4729,11,2023,1.728687,35.58767,1,30366.9738304463,-1307.07770632035,491.940999627113,46.053204717958,27.2639872215655,-5776.41741050069
4730,2,2023,1.495974,35.472715,1,32808.5316912683,101.324406744618,832.128487377809,55.5802848088674,25.341712009308,-6187.11602401227
4731,4,2023,1.269852,35.860309,1,27306.7680264253,-1503.32131485557,831.36631155014,47.0903997995577,23.5975254546562,-3907.73018404909
4732,4,2023,1.495931,35.472693,1,32807.8181190415,103.012971168382,832.176529209936,55.5802848088674,25.341712009308,-6185.93362023527
4733,7,2023,1.495931,35.472693,1,32799.2541109058,113.610735822292,832.257874691802,55.5802848088674,25.341712009308,-6174.07189830072
4734,10,2023,1.728687,35.58767,1,30363.2530234335,-1306.47375019644,491.940999627113,46.053204717958,27.2639872215655,-5773.77227544949
4735,6,2023,1.495974,35.472715,1,32802.5865624016,106.906699470096,832.095271509543,55.5802848088674,25.341712009308,-6179.32533870234
4736,6,2023,1.648451,35.609547,1,32856.5465511191,-1299.33463926332,561.290753388527,47.2396456410251,27.5302713423102,-7087.87588776851
4739,5,2023,1.603738,35.456279,1,30848.931322792,-224.363298551539,716.969666242599,50.4569146924208,25.7917998553411,-5794.51249882028
4753,10,2023,1.648451,35.609547,1,32855.7240875851,-1298.93365288839,561.283438360617,47.2394305738711,27.5302230727615,-7087.3206313792
4759,11,2023,1.666667,35.466667,1,30190.8558444476,568.033322676705,730.592180490494,47.7218583775595,25.3718193419992,-4628.69469534258
4761,10,2023,1.495974,35.472715,1,32806.4633517472,103.809953848713,832.144589480991,55.5802848088674,25.341712009308,-6184.27230586748
4762,2,2023,1.648451,35.609547,1,32854.056138034,-1299.20005214446,561.339089369824,47.2410667541172,27.5305902961181,-7086.84011849714
4764,3,2023,1.648451,35.609547,1,32846.9357990326,-1298.35922699122,561.439178228378,47.244009439534,27.5312507507464,-7083.55056361156
4827,12,2023,1.495974,35.472715,1,32802.1980333522,107.356023965754,832.097401560466,55.5802848088674,25.341712009308,-6178.79546664569
4828,12,2023,1.648451,35.609547,1,32847.2392318084,-1297.87541772944,561.409321736483,47.2431316369037,27.5310537372272,-7083.4336242083
4829,11,2023,1.349859,35.720323,1,30751.0344083586,-1627.86058448103,640.795907544066,52.6866948520063,26.775447585306,-5496.30692538198
4830,12,2023,1.495974,35.472715,1,32803.3116866297,107.786983781585,832.178642239258,55.5802848088674,25.341712009308,-6179.89084684807
4831,11,2023,1.728687,35.58767,1,30367.761997342,-1307.8988165371,491.940999627113,46.053204717958,27.2639872215655,-5776.09609697355
4832,11,2023,1.536662,35.631419,1,29931.3577995236,-575.445955367167,667.994471549988,52.50367101784,26.5533937480352,-5750.94162408916
4833,11,2023,1.501555,35.806497,1,27579.021625675,-1363.48811837429,558.022386689127,45.1566188623865,26.539186547336,-4398.85232370234
4834,11,2023,1.728687,35.58767,1,30367.5332645602,-1307.18303033597,491.940999627113,46.053204717958,27.2639872215655,-5776.7963793305
4835,12,2023,1.495974,35.472715,1,32795.3980763564,116.270449992174,832.187342633457,55.5802848088674,25.341712009308,-6169.25349664266
4836,12,2023,1.536662,35.631419,1,29934.355879835,-577.020152202514,667.994471549988,52.50367101784,26.5533937480352,-5752.24541741075
4837,12,2023,1.666667,35.466667,1,30188.1017442598,567.948647354864,730.592180490494,47.7218583775595,25.3718193419992,-4629.11909008256
4838,12,2023,1.495965,35.472716,1,32801.1760481677,110.244764798703,832.189553295296,55.5802848088674,25.341712009308,-6176.97878908698
4839,12,2023,1.666667,35.466667,1,30191.9055422213,571.73909367775,730.592180490494,47.7218583775595,25.3718193419992,-4626.87928830491
4840,12,2023,1.648451,35.609547,1,32870.2123966622,-1300.15832691295,561.030951178784,47.2320072666356,27.5285569899403,-7093.61030974429
4841,12,2023,1.536662,35.631419,1,29934.8853837785,-577.189599774987,667.994471549988,52.50367101784,26.5533937480352,-5752.25364188829
4842,12,2023,1.536662,35.631419,1,29933.3233079173,-576.35585847592,667.994471549988,52.50367101784,26.5533937480352,-5751.53302227768
4843,12,2023,1.734344,35.324677,1,27864.3440091785,998.530019083224,792.266027450562,49.9268223650448,20.9069412562401,-3502.59836398422
4844,3,2023,1.536662,35.631419,1,29935.0952595351,-577.677380558491,667.994471549988,52.50367101784,26.5533937480352,-5753.13037640208
4845,3,2023,1.535821,35.675145,1,28357.0151916721,-36.9151194202285,643.378878593445,49.2336877627979,26.4144199859062,-4470.79387625562
4846,5,2023,1.648451,35.609547,1,32851.3165639568,-1299.5938464392,561.427366432409,47.2436621641205,27.5311728084516,-7086.02437281811
4848,11,2023,1.728687,35.58767,1,30369.5651528761,-1308.31047281169,491.940999627113,46.053204717958,27.2639872215655,-5777.22838036863
4904,4,2023,1.495549,35.707923,1,30149.9204405791,-587.549094110256,545.67978477478,49.2336877627979,26.4144199859062,-5436.22008255103
4909,11,2023,1.738554,35.619629,1,31922.0960218331,-1492.02851153241,453.476366996765,46.053204717958,27.2639872215655,-6483.22965201228
4946,11,2023,1.734344,35.324677,1,27864.110313527,998.874505812026,792.266027450562,49.9268223650448,20.9069412562401,-3502.0595575116
4958,11,2023,1.49424,35.405583,1,29309.7352510945,813.813003454276,952.24318130431,57.8890232470225,22.8409064567252,-4394.77241963955
4976,4,2023,1.738554,35.619629,1,31912.0848432259,-1493.36318778199,453.476366996765,46.053204717958,27.2639872215655,-6478.47258018003
4977,3,2023,1.666667,35.466667,1,30190.7408656388,569.576283724603,730.592180490494,47.7218583775595,25.3718193419992,-4628.01615662252
4984,5,2023,1.728687,35.58767,1,30366.871020703,-1307.24919445234,491.940999627113,46.053204717958,27.2639872215655,-5776.10517597864
4985,5,2023,1.715365,35.497959,1,31966.5671840271,-1415.74435261858,676.577438484063,47.7218583775595,25.3718193419992,-6636.40547765868
4986,5,2023,1.728687,35.58767,1,30365.7843358431,-1306.88238219242,491.940999627113,46.053204717958,27.2639872215655,-5775.57505380493
4987,3,2023,1.648451,35.609547,1,32863.3260655469,-1298.94707261433,561.109439615269,47.2343148838946,27.5290749102353,-7090.244039091
4988,5,2023,1.648451,35.609547,1,32861.5924233039,-1299.31637022244,561.17367768945,47.2362035301118,27.5294987969098,-7089.80031647221
4989,1,2023,1.603738,35.456279,1,30849.8300209221,-224.477873269502,716.969666242599,50.4569146924208,25.7917998553411,-5795.07086829414
4990,1,2023,1.495974,35.472715,1,32806.2250390791,104.424903405585,832.163203756066,55.5802848088674,25.341712009308,-6183.86454769745
4991,1,2023,1.648451,35.609547,1,32870.9965201985,-1300.81204447303,561.056105300612,47.2327468161574,27.5287229740111,-7094.30256437858
4992,1,2023,1.495974,35.472715,1,32794.9765168102,116.804300485992,832.191932903051,55.5802848088674,25.341712009308,-6168.6661730164
4993,1,2023,1.797533,35.368568,1,29161.9583114999,-176.362242215137,719.186080050802,47.7196300711637,24.6018314709947,-4630.39567929084
4994,1,2023,1.495931,35.472693,1,32805.5685218741,105.242224262562,832.16973520039,55.5802848088674,25.341712009308,-6182.95464009804
4996,1,2023,1.603738,35.45628,1,30839.1796288791,-224.99405928273,716.969666242599,50.4569146924208,25.7917998553411,-5790.42754991197
4997,1,2023,1.666667,35.466667,1,30188.5012008326,565.26521293822,730.592180490494,47.7218583775595,25.3718193419992,-4630.26957888527
5000,3,2023,1.495974,35.472715,1,32803.353705207,106.264187774801,832.103480833073,55.5802848088674,25.341712009308,-6180.31105138033
5001,4,2023,1.495974,35.472715,1,32801.3593850186,109.912074198773,832.182438350844,55.5802848088674,25.341712009308,-6177.25883588779
5003,2,2023,1.536662,35.631419,1,29933.431855612,-576.589343933775,667.994471549988,52.50367101784,26.5533937480352,-5751.95453817618
5004,2,2023,1.728687,35.58767,1,30365.8041114517,-1307.0289214379,491.940999627113,46.053204717958,27.2639872215655,-5775.40655599353
5005,3,2023,1.507382,35.5001,1,32728.7563158604,718.394317642678,812.919427116888,55.5802848088674,25.341712009308,-5448.10505113802
5006,7,2023,1.536662,35.631419,1,29932.975154129,-576.136728923745,667.994471549988,52.50367101784,26.5533937480352,-5751.30266098153
5007,3,2023,1.536662,35.631419,1,29933.5806219798,-576.323706604676,667.994471549988,52.50367101784,26.5533937480352,-5751.29241226462
5008,3,2023,1.666667,35.466667,1,30188.7273014634,567.512818953223,730.592180490494,47.7218583775595,25.3718193419992,-4629.22700970753
5011,7,2023,1.507382,35.5001,1,32727.5226087807,720.461466398564,812.846410476953,55.5802848088674,25.341712009308,-5446.45318617362
5012,7,2023,1.728687,35.58767,1,30365.6274484714,-1307.3970310945,491.940999627113,46.053204717958,27.2639872215655,-5774.77438365954
5013,5,2023,1.535821,35.675145,1,28362.6421005789,-35.7482739278065,643.378878593445,49.2336877627979,26.4144199859062,-4474.31649941831
5014,12,2023,1.728687,35.58767,1,30369.814148925,-1307.87160986614,491.940999627113,46.053204717958,27.2639872215655,-5778.01332769768
5017,2,2023,1.966667,35.2,1,28665.6532595191,24.3165123733649,701.180132204804,50.9800216654634,21.6795397597361,-4457.28014264409
5018,2,2023,1.666667,35.466667,1,30189.3786836455,570.203061507628,730.592180490494,47.7218583775595,25.3718193419992,-4627.92556520742
5019,2,2023,1.670977,35.770711,1,31431.4301544647,-2100.78039210292,436.494831085205,44.7589910973867,27.1223437426842,-5839.63308671934
5020,4,2023,1.507382,35.5001,1,32731.8426998153,720.519490176282,812.949222941912,55.5802848088674,25.341712009308,-5448.35670967498
5021,4,2023,1.495974,35.472715,1,32798.5681472633,113.015745994591,832.191147744787,55.5802848088674,25.341712009308,-6173.47915389425
5023,5,2023,1.176226,35.814747,1,30761.9218803973,-1137.20705947655,712.130722999573,51.3407489491556,25.4268127423988,-5480.56773303213
5024,6,2023,1.495974,35.472715,1,32799.9839708243,111.935390556736,832.211791590699,55.5802848088674,25.341712009308,-6175.27416759752
5025,6,2023,1.966667,35.2,1,28667.7065369399,23.8049814499485,701.211303841211,50.9800216654634,21.6795397597361,-4459.41558402497
5026,6,2023,1.536662,35.631419,1,29934.6303776277,-577.214549020111,667.994471549988,52.50367101784,26.5533937480352,-5752.47156477997
5027,2,2023,1.728687,35.58767,1,30363.7285703112,-1306.60013236461,491.940999627113,46.053204717958,27.2639872215655,-5774.04765093191
5028,2,2023,1.495974,35.472715,1,32801.2986152845,109.676164288853,832.16722288079,55.5802848088674,25.341712009308,-6177.25152270452
5029,7,2023,1.495965,35.472716,1,32805.9496446791,105.274051030313,832.191786873802,55.5802848088674,25.341712009308,-6183.35967086605
5030,7,2023,1.728687,35.58767,1,30366.1392248482,-1306.85934699119,491.940999627113,46.053204717958,27.2639872215655,-5775.92981819566
5031,7,2023,1.648451,35.609547,1,32845.6948213322,-1297.74905441321,561.436583017054,47.2439331384289,27.5312336257701,-7082.76575865313
5032,7,2023,1.728687,35.58767,1,30365.1556711005,-1307.22829645013,491.940999627113,46.053204717958,27.2639872215655,-5774.55626835276
5033,7,2023,1.495931,35.472693,1,32803.1188786111,108.121052103273,832.185337022817,55.5802848088674,25.341712009308,-6179.60043406216
5034,7,2023,1.666667,35.466667,1,30190.9280233259,566.64561362185,730.592180490494,47.7218583775595,25.3718193419992,-4629.30953493321
5036,3,2023,1.495974,35.472715,1,32806.2068742385,104.773500780153,832.180024512653,55.5802848088674,25.341712009308,-6183.76006426318
5037,11,2023,1.495974,35.472715,1,32804.0673126657,106.670357453699,832.162192762832,55.5802848088674,25.341712009308,-6180.98155042449
5038,3,2023,1.648451,35.609547,1,32867.7807783737,-1301.1413268415,561.151457412624,47.2355502377722,27.5293521723515,-7093.26605659654
5039,3,2023,2.009217,35.204115,1,30432.1807536388,330.379935150182,747.791903495789,50.9800216654634,21.6795397597361,-5055.83079746028
5040,3,2023,1.495974,35.472715,1,32798.3219909579,112.438270694209,832.148857392724,55.5802848088674,25.341712009308,-6173.35808555939
5041,3,2023,1.739282,35.467237,1,30426.3376160502,-400.869054056708,693.732511043549,47.7218583775595,25.3718193419992,-5533.13329085186
5042,4,2023,1.536662,35.631419,1,29932.8280469805,-576.103540497042,667.994471549988,52.50367101784,26.5533937480352,-5751.33208140994
5043,1,2023,1.648451,35.609547,1,32852.3092540858,-1300.18944619125,561.439178228378,47.244009439534,27.5312507507464,-7086.73478032732
5044,1,2023,1.648451,35.609547,1,32849.1143392247,-1298.25225715345,561.390775792805,47.2425863726377,27.5309313584278,-7084.3780457315
5052,11,2023,1.495974,35.472715,1,32803.5274899815,107.560260172947,832.178637928237,55.5802848088674,25.341712009308,-6180.17976446675
5055,5,2023,1.728687,35.58767,1,30365.3230524516,-1306.90377710911,491.940999627113,46.053204717958,27.2639872215655,-5775.12446853857
5056,3,2023,1.495965,35.472716,1,32797.5327553899,114.231134990969,832.19760692609,55.5802848088674,25.341712009308,-6172.06093215768
5057,3,2023,1.648451,35.609547,1,32856.4789832677,-1299.09461914453,561.276626058114,47.2392302872107,27.5301781205382,-7087.70644172267
5058,5,2023,1.648451,35.609547,1,32862.0486542602,-1300.51770565086,561.24189282311,47.2382091047774,27.5299489269382,-7090.69397063284
5060,5,2023,1.603738,35.456279,1,30840.8044585399,-224.544130459223,716.969666242599,50.4569146924208,25.7917998553411,-5790.7451603354
5063,2,2023,1.734344,35.324677,1,27870.5697146343,997.695832747664,792.266027450562,49.9268223650448,20.9069412562401,-3506.54467456643
5065,4,2023,1.495974,35.472715,1,32805.1383124959,105.573913265266,832.163616472306,55.5802848088674,25.341712009308,-6182.40811243956
5066,4,2023,1.507382,35.5001,1,32728.4164201969,721.008617948996,812.856457614595,55.5802848088674,25.341712009308,-5446.56245118113
5067,3,2023,1.603738,35.456279,1,30851.4088506898,-224.380575686807,716.969666242599,50.4569146924208,25.7917998553411,-5795.73735454028
5068,7,2023,1.507382,35.5001,1,32727.9411912708,722.979607574679,812.803570761867,55.5802848088674,25.341712009308,-5445.30207878013
5069,7,2023,1.495974,35.472715,1,32805.8036762955,105.294460365719,832.185000999347,55.5802848088674,25.341712009308,-6183.19655921155
5070,2,2023,1.728687,35.58767,1,30370.1158319507,-1308.1137193983,491.940999627113,46.053204717958,27.2639872215655,-5777.98318251956
5071,12,2023,1.648451,35.609547,1,32845.580012805,-1297.95361734516,561.439178228378,47.244009439534,27.5312507507464,-7082.75681086975
5072,4,2023,1.648451,35.609547,1,32866.5406948492,-1299.37132312161,561.063416390524,47.2329617675314,27.5287712175743,-7091.73082864208
5073,4,2023,1.648451,35.609547,1,32861.573054247,-1299.57307365343,561.19098213931,47.2367122935544,27.5296129834852,-7089.94650978822
5074,4,2023,1.603738,35.45628,1,30848.3078954306,-223.965523132262,716.969666242599,50.4569146924208,25.7917998553411,-5793.78991092326
5075,4,2023,1.536662,35.631419,1,29931.7383070774,-575.536926797112,667.994471549988,52.50367101784,26.5533937480352,-5750.86961437056
5077,5,2023,1.728687,35.58767,1,30367.2416995165,-1307.08458484942,491.940999627113,46.053204717958,27.2639872215655,-5776.65414927564
5078,5,2023,1.501555,35.806497,1,27575.5065214351,-1364.17463583936,558.04941731889,45.1566188623865,26.539186547336,-4398.86580097188
5079,5,2023,1.648451,35.609547,1,32859.5909394937,-1299.88569405636,561.256925800373,47.2386510852695,27.5300481247865,-7089.37321239688
5080,5,2023,1.495974,35.472715,1,32796.7466747847,115.522406243453,832.221132742632,55.5802848088674,25.341712009308,-6170.89202518408
5081,5,2023,1.603738,35.456279,1,30842.0559232224,-224.398820635126,716.969666242599,50.4569146924208,25.7917998553411,-5791.20159135473
5082,5,2023,1.536662,35.631419,1,29932.4345220931,-575.646352414861,667.994471549988,52.50367101784,26.5533937480352,-5750.62236759836
5083,5,2023,1.535821,35.675145,1,28360.5030147094,-37.034316415155,643.378878593445,49.2336877627979,26.4144199859062,-4474.13548867147
5084,4,2023,2.484485,35.148879,1,29704.7095500363,-519.325472902155,481.655754866274,48.0999071015195,26.3957253961441,-5073.61830977079
5085,3,2023,1.734344,35.324677,1,27863.8800853922,998.947754459743,792.266027450562,49.9268223650448,20.9069412562401,-3501.86007029719
5086,3,2023,1.648451,35.609547,1,32867.2274919571,-1300.03374716553,561.091361939902,47.2337833870583,27.52895562139,-7092.39094404915
5087,1,2023,1.400963,35.573993,1,32423.0140367472,409.77935775981,914.468136409051,58.2389726807704,23.5017061677698,-5844.97951292342
5088,2,2023,1.58823,35.43436,1,30043.7565159664,349.217220135163,922.483544826507,51.9270455960887,21.5782307646591,-4845.77382874022
5092,1,2023,1.728687,35.58767,1,30365.7712422378,-1306.93820001531,491.940999627113,46.053204717958,27.2639872215655,-5775.49196616822
5093,1,2023,1.728687,35.58767,1,30365.7026795652,-1307.28712434473,491.940999627113,46.053204717958,27.2639872215655,-5774.98398977446
5094,1,2023,1.445041,35.883134,1,27165.098398091,-523.899772393033,673.252941489231,44.8924857954538,25.254961218833,-3894.32234086495
5095,1,2023,1.797533,35.368568,1,29162.7418685712,-176.002356966636,718.070149090425,47.7196300711636,24.6018314709947,-4631.28303339293
5096,1,2023,1.536662,35.631419,1,29931.8317901298,-575.315926016606,667.994471549988,52.50367101784,26.5533937480352,-5750.32614816188
5097,1,2023,1.648451,35.609547,1,32857.1240563727,-1298.91309168406,561.249929979961,47.2384454030487,27.5300019615868,-7087.84527880674
5293,6,2023,1.507382,35.5001,1,32734.2450696895,723.39623584324,812.946851703439,55.5802848088674,25.341712009308,-5447.90210586368
5315,6,2023,1.648451,35.609547,1,32862.8465010391,-1299.78024155663,561.175333476546,47.2362522114597,27.5295097229236,-7090.55890900887
5316,6,2023,1.507382,35.5001,1,32727.7331224154,723.25655591775,812.792719691926,55.5802848088674,25.341712009308,-5445.06180009121
5317,6,2023,1.648451,35.609547,1,32868.9721523901,-1300.4185867379,561.07664663044,47.2333507462311,27.5288585197307,-7093.2905141758
5318,6,2023,1.507382,35.5001,1,32730.4262369974,722.174498141381,812.880419905194,55.5802848088674,25.341712009308,-5446.84231814081
5319,6,2023,1.58823,35.43436,1,30044.9411752447,348.850228189172,922.483544826507,51.9270455960886,21.5782307646591,-4847.01705577109
5320,6,2023,1.535821,35.675145,1,28356.4719818824,-37.2704711011784,643.378878593445,49.2336877627979,26.4144199859062,-4470.78151824916
5321,6,2023,1.495974,35.472715,1,32797.6042715083,112.498627205035,832.113876677596,55.5802848088674,25.341712009308,-6172.57145297138
5322,6,2023,1.666667,35.466667,1,30189.3556864438,566.947401130298,730.592180490494,47.7218583775595,25.3718193419992,-4629.39320162275
5323,6,2023,1.797533,35.368568,1,29166.1295186094,-178.69675224968,718.500711099705,47.7196300711637,24.6018314709947,-4633.28257033713
5324,7,2023,1.507382,35.5001,1,32730.2744071233,722.77630961819,812.86412341806,55.5802848088674,25.341712009308,-5446.45440427683
5329,6,2023,1.648451,35.609547,1,32868.786477787,-1299.66039899075,561.030816628195,47.2320033107503,27.5285561020837,-7092.76518619163
5330,6,2023,1.210252,35.74825,1,29393.6405095013,-790.93561662352,713.277747154236,55.8436700199162,25.402028344211,-4497.65631408604
5331,7,2023,1.666667,35.466667,1,30191.7655215792,569.063837180725,730.592180490494,47.7218583775595,25.3718193419992,-4628.10368247948
5332,7,2023,1.495931,35.472693,1,32801.5921132831,111.056869710711,832.253075655204,55.5802848088674,25.341712009308,-6177.22876119607
5333,7,2023,1.58823,35.43436,1,30048.6995519556,347.895436456183,922.483544826508,51.9270455960887,21.5782307646591,-4851.15047047556
5334,7,2023,1.734344,35.324677,1,27865.736492424,998.775114932536,792.266027450562,49.9268223650448,20.9069412562401,-3502.94755610826
5335,7,2023,1.666667,35.466667,1,30187.8960926104,565.257110370168,730.592180490494,47.7218583775595,25.3718193419992,-4630.35801068908
5336,7,2023,1.648451,35.609547,1,32847.6330294105,-1298.31651688798,561.428946022537,47.2437086052219,27.5311832316658,-7083.84825378462
5337,7,2023,1.536662,35.631419,1,29934.6310134523,-577.317497785154,667.994471549988,52.50367101784,26.5533937480352,-5752.68579185135
5409,12,2023,2.563048,35.258796,1,38897.9447762771,-2969.35852387485,180.206054389477,45.8218301065692,28.8111021259604,-8633.27247074659
5410,1,2023,2.841198,35.040193,1,33605.9067815196,-3026.68506265668,288.975148677826,48.9566055164289,27.4466389677841,-6432.31351130004
5411,1,2023,2.563048,35.258796,1,38894.0130011642,-2968.79932066641,180.206054389477,45.8218301065692,28.8111021259604,-8634.77113925532
5413,1,2023,3.35468,35.346625,1,41804.2526647096,-2887.73475872185,206.581580417546,46.7743271947261,28.156458522473,-7986.15051660972
5414,1,2023,3.022222,34.936389,1,28950.8166908803,-1265.87139873528,528.156421661377,51.8974986011771,23.9286860479068,-3991.57378138184
5415,1,2023,2.841198,35.040193,1,33594.8656511548,-3026.66496284758,288.975148677826,48.9566055164289,27.4466389677841,-6429.67679650508
5416,2,2023,3.022222,34.936389,1,28951.1412468593,-1265.56562137916,528.156421661377,51.8974986011771,23.9286860479068,-3991.92334097254
5417,2,2023,2.757745,34.87759,1,32144.3221295681,-2715.30644988113,349.536573529243,51.235891648554,26.4668214824102,-6815.33460134318
5419,2,2023,3.414969,35.893414,1,38449.8035606993,-3492.31067832353,187.564342551598,49.1746037531783,30.0485845121619,-7317.20544044503
5420,2,2023,2.563048,35.258796,1,38894.757706138,-2968.87385228469,180.206054389477,45.8218301065692,28.8111021259604,-8634.55325494613
5421,3,2023,2.757745,34.87759,1,32134.0357354945,-2716.33583279536,349.536573529243,51.235891648554,26.4668214824102,-6818.1874788704
5422,3,2023,3.022222,34.936389,1,28949.3408897157,-1264.22675428259,528.156421661377,51.8974986011771,23.9286860479068,-3991.1291537813
5423,3,2023,3.00315,34.950662,1,27880.0103455071,-1209.7104271957,526.690694797926,51.3837686740943,24.1457182035907,-3660.81186734724
5425,3,2023,2.966667,34.7,1,27811.0276601357,-1100.38854940878,464.91523786475,51.960010794741,25.8414012038,-4222.26001538619
5427,4,2023,3.022222,34.936389,1,28951.5328815909,-1265.70076457548,528.156421661377,51.8974986011771,23.9286860479068,-3992.15420910971
5428,4,2023,2.563048,35.258796,1,38894.9764588058,-2968.76932320827,180.206054389477,45.8218301065692,28.8111021259604,-8634.75416216035
5429,4,2023,3.022222,34.936389,1,28950.8254982574,-1265.77350746476,528.156421661377,51.8974986011771,23.9286860479068,-3991.61731899196
5431,4,2023,2.84405,35.043071,1,34278.9720918492,-3004.62642486622,287.954132131876,48.9698155100546,27.3980621287955,-6580.77587551208
5432,4,2023,3.00315,34.950662,1,27879.778480618,-1207.01128612971,526.638268908556,51.3729021677889,24.1503089061445,-3661.53120443115
5433,4,2023,2.757745,34.87759,1,32136.0738579604,-2716.54265690864,349.536573529243,51.235891648554,26.4668214824102,-6818.32512723956
5434,5,2023,2.572518,34.990619,1,34302.6362408782,-1705.18197151943,357.325998425484,48.6992359537113,27.4790467963371,-7527.12741173517
5436,5,2023,3.00315,34.950662,1,27876.9559870908,-1205.76781601446,526.849727752135,51.3961996665433,24.1404665627066,-3662.12534804056
5437,5,2023,2.572518,34.990619,1,34312.137051737,-1709.3336513198,357.325998425484,48.6992359537113,27.4790467963371,-7534.37392325388
5438,5,2023,2.572518,34.990619,1,34307.6157073437,-1707.9645535206,357.325998425484,48.6992359537113,27.4790467963371,-7531.05241332987
5439,5,2023,2.563048,35.258796,1,38891.8757502381,-2968.53925089855,180.206054389477,45.8218301065692,28.8111021259604,-8635.49058304184
5440,5,2023,3.00315,34.950662,1,27878.9377958428,-1206.38101131669,526.694697081276,51.3785717442699,24.1479137168814,-3661.77512712634
5441,6,2023,2.91825,35.404212,1,34801.1700730825,-2390.18093062575,164.764989996861,45.1270217379647,29.1662003173132,-6303.48416880596
5442,1,2023,3.022222,34.936389,1,28946.0885040226,-1263.71134030411,528.156421661377,51.8974986011771,23.9286860479068,-3988.98719515051
5444,6,2023,2.3729,35.6422,1,39229.3215710278,-3830.08788139717,186.784188605845,43.8217126632649,28.0777226400158,-7381.00602579415
5447,6,2023,2.489845,34.97271,1,29173.8192031793,-378.4737727329,567.022429227829,50.4786227584109,25.9343534547989,-4937.63039934216
5449,6,2023,2.520439,35.376795,1,34227.1303226637,-1133.88116104915,191.542432546616,44.9902983489425,28.9522528644022,-6574.87012770389
5451,7,2023,2.757745,34.87759,1,32144.6933205759,-2715.7648095515,349.536573529243,51.235891648554,26.4668214824102,-6816.08132711627
5453,8,2023,3.055,34.641389,1,28123.2923286779,17.0712655716522,558.704638071134,51.723247721237,25.5145016641476,-3616.40641053809
5454,7,2023,2.981014,34.641403,1,26605.7682072796,-242.693417251678,529.246434569359,52.4148345894672,24.9464728629753,-3251.76793592143
5459,10,2023,2.841198,35.040193,1,33604.2130996153,-3025.48661005233,288.975148677826,48.9566055164289,27.4466389677841,-6427.40491385005
5460,10,2023,3.00315,34.950662,1,27878.5226971774,-1208.15076894969,526.779823749848,51.3916413437241,24.142392287831,-3661.35780726024
5461,10,2023,2.841198,35.040193,1,33613.2384391931,-3026.04891307739,288.975148677826,48.9566055164289,27.4466389677841,-6431.61814045776
5462,10,2023,2.841198,35.040193,1,33617.1925219702,-3025.27152891188,288.975148677826,48.9566055164289,27.4466389677841,-6429.60626606284
5463,10,2023,2.563048,35.258796,1,38892.3844708838,-2968.68273249723,180.206054389477,45.8218301065692,28.8111021259604,-8635.1521391939
5464,10,2023,3.00315,34.950662,1,27878.506566839,-1206.38018952846,526.731941127264,51.3830588759161,24.1460180674308,-3661.81711363217
5465,10,2023,2.572518,34.990619,1,34306.5151773437,-1707.35307024909,357.325998425484,48.6992359537113,27.4790467963371,-7530.185482671
5466,11,2023,2.841198,35.040193,1,33597.6919816617,-3025.95326178517,288.975148677826,48.9566055164289,27.4466389677841,-6427.65095666225
5467,11,2023,3.00315,34.950662,1,27878.3369742378,-1208.19035921534,526.797638059171,51.3937857996994,24.1414863334013,-3661.36533230406
5469,11,2023,2.966667,34.7,1,27810.5040662475,-1100.73735048213,464.982393617052,51.960010794741,25.8414012038,-4222.01454973543
5470,12,2023,2.572518,34.990619,1,34305.3889383529,-1705.95122730506,357.325998425484,48.6992359537113,27.4790467963371,-7529.13851855937
5471,12,2023,2.563048,35.258796,1,38889.6612580671,-2968.31964692362,180.206054389477,45.8218301065692,28.8111021259604,-8636.13147075925
5474,12,2023,2.572518,34.990619,1,34303.4596936723,-1705.34705868705,357.325998425484,48.6992359537113,27.4790467963371,-7527.7159499949
5733,4,2023,2.785819,40.946823,1,42347.6554566922,-1046.7326536398,936.944115877152,56.4729049735879,27.5906297640169,-8541.92201933667
5804,5,2023,3.933248,41.87012,1,35164.1131463031,-1387.53713346312,585.827545523643,51.772533256667,29.2622013161716,-7088.42848314765
5805,11,2023,3.956274,41.819599,1,32997.6357364957,749.241352832063,555.467011667542,51.5105389244165,29.0933532562788,-4726.46118026455
5806,12,2023,3.933462,41.860615,1,35629.4562642155,-1427.83584638073,585.827545523643,51.772533256667,29.2622013161716,-6771.27461058098
5807,12,2023,3.939309,41.852953,1,34307.3377173263,-1352.3778368057,577.831531596747,51.6611030847714,29.1479545758606,-5568.50725627543
5808,12,2023,3.955735,41.788467,1,40246.6472798572,-1772.94219458118,562.517086160517,51.5116183111402,29.0879829077438,-8635.23595112264
5858,10,2023,1.966667,35.2,1,28683.9826214708,23.0467638510441,701.245716820977,50.9800216654634,21.6795397597361,-4469.1175313387
5860,1,2023,1.734344,35.324677,1,27867.4902808724,996.666715789449,792.266027450561,49.9268223650448,20.9069412562401,-3506.3888422472
5864,10,2023,1.554077,35.137879,1,33459.6957315348,-946.978655301622,797.481649704991,53.7006113064293,23.5355820383572,-7681.93924097347
5865,1,2023,1.966667,35.2,1,28666.3176834705,24.1631243906668,701.189444500756,50.9800216654634,21.6795397597361,-4457.94400568381
5866,9,2023,1.734344,35.324677,1,27869.3124799075,997.782059034695,792.266027450562,49.9268223650448,20.9069412562401,-3505.85158768079
5867,10,2023,1.790618,35.051628,1,32820.3219779566,-685.300073115105,672.729107651799,56.1200552407162,25.0315585276036,-6485.59322801303
5868,10,2023,1.533855,35.448918,1,31510.6090975662,-135.621950172919,863.739406019133,56.370953490438,24.4852665166324,-5390.1543807735
5870,1,2023,1.648451,35.609547,1,32873.3915974127,-1301.29600010075,561.033063611777,47.2320693737058,27.5285709292156,-7095.51104733202
5871,6,2023,1.648451,35.609547,1,32849.0701848693,-1297.86806573026,561.366761482898,47.2418803344175,27.5307728956144,-7084.13145395481
5872,3,2023,1.648451,35.609547,1,32861.1188122789,-1300.7080545871,561.27556983049,47.2391992333484,27.5301711508271,-7090.45101279292
5883,1,2023,2.01406,35.028622,1,30222.3587194486,-862.402286331591,638.939210414886,57.9929796407258,24.2072096994478,-5840.03271533
5884,2,2023,1.999718,35.09057,1,32934.4425556415,-1154.06813344776,632.904212800911,53.9583531033991,22.2053372857778,-7049.42742794468
5887,4,2023,2.016645683,35.01893097,1,31159.5797368749,-1277.9549352019,638.939210414886,57.9929796407258,24.2072096994478,-6344.91137748127
5888,1,2023,1.648451,35.609547,1,32847.5715517261,-1297.92214295339,561.404727440365,47.2429965612481,27.5310234209245,-7083.58900886493
5889,1,2023,1.648451,35.609547,1,32855.5221786086,-1298.47010970123,561.257736396298,47.2386749173807,27.5300534736519,-7086.9659189221
5890,1,2023,1.495974,35.472715,1,32804.9469287329,105.604050470832,832.154914357692,55.5802848088674,25.341712009308,-6182.19372946071
5891,3,2023,1.495974,35.472715,1,32795.8616078546,115.628538065775,832.179520379663,55.5802848088674,25.341712009308,-6169.91302478893
5892,3,2023,1.495974,35.472715,1,32800.5634992876,111.538189739923,832.222550990671,55.5802848088674,25.341712009308,-6175.99811080409
5893,3,2023,1.495974,35.472715,1,32800.3054386849,111.009074483337,832.181933444897,55.5802848088674,25.341712009308,-6175.85029586153
5895,10,2023,1.488327,35.022295,1,36394.6372968311,-1208.68629866174,805.495287895203,52.2896982333634,23.1610220835089,-8784.1916225079
5896,6,2023,2.009217,35.204115,1,30433.9714137515,330.662589344184,747.791903495789,50.9800216654634,21.6795397597361,-5056.80887527271
5897,1,2023,2.095474,35.094627,1,29984.0390615953,-143.406493082869,662.315381718307,53.4832150153017,22.5863852844935,-5262.42038894342
5898,1,2023,1.536662,35.631419,1,29932.3965640016,-575.730334715375,667.994471549988,52.50367101784,26.5533937480352,-5750.82879521025
5903,3,2023,1.728687,35.58767,1,30369.5409339633,-1308.08513858781,491.940999627113,46.053204717958,27.2639872215655,-5777.49229904936
5904,3,2023,1.535821,35.675145,1,28357.1027931015,-37.9402653246137,643.378878593445,49.2336877627979,26.4144199859062,-4472.28009162722
5905,6,2023,1.491713,35.011236,1,36108.7096579652,-1283.54961677969,805.495287895203,52.2896982333634,23.161022083509,-8470.0233529112
5908,4,2023,2.01406,35.028622,1,30218.965686995,-861.919180183083,638.939210414886,57.9929796407258,24.2072096994478,-5838.22691843904
5918,6,2023,2.009217,35.204115,1,30437.8986654326,330.961899352504,747.791903495789,50.9800216654634,21.6795397597361,-5059.14206583398
5921,6,2023,2.484485,35.148879,1,29705.0184450602,-520.148658027422,481.593935630644,48.0985948614757,26.396682742111,-5073.51616487566
5923,4,2023,1.734344,35.324677,1,27868.4422097595,999.356024747046,792.266027450562,49.9268223650448,20.9069412562401,-3503.50448986572
5924,3,2023,1.705073,35.192863,1,28192.4005136963,-607.834296469312,734.449652519318,50.6341819374102,23.4200630902155,-4075.34967182915
5925,1,2023,1.518026,34.92861,1,32754.147717359,-507.116265213121,1016.20000767708,50.1617071275087,23.7172299441682,-6953.33980792301
5927,5,2023,2.130015,35.291743,1,31494.9811749939,-931.628563707255,532.845507621765,48.7518599540018,25.5611930934262,-6085.85222519829
5928,5,2023,2.130015,35.291743,1,31490.0244297591,-931.953252671687,532.845507621765,48.7518599540018,25.5611930934262,-6084.64056782675
5929,6,2023,2.009217,35.204115,1,30432.5157297284,330.00731731465,747.791903495789,50.9800216654634,21.6795397597361,-5056.26065955646
5930,6,2023,2.009217,35.204115,1,30435.5078900059,331.082129299004,747.791903495789,50.9800216654634,21.6795397597361,-5057.54613262248
5931,10,2023,1.797533,35.368568,1,29163.760769842,-176.579402931039,717.910006046485,47.7196300711636,24.6018314709947,-4631.98555611782
5993,10,2023,2.009217,35.204115,1,30447.753788424,330.259340267644,747.791903495788,50.9800216654634,21.6795397597361,-5065.83777774472
6010,6,2023,1.648451,35.609547,1,32857.4953420402,-1299.66042489344,561.290254419928,47.2396309709845,27.5302680497747,-7088.43462728124
6022,8,2023,1.535821,35.675145,1,28361.603462521,-35.1951866079388,643.378878593445,49.2336877627979,26.4144199859062,-4472.63484300607
6080,7,2023,1.495974,35.472715,1,32804.7674247225,105.14469392132,832.121936772449,55.5802848088674,25.341712009308,-6182.11228490549
6093,12,2023,1.966667,35.2,1,28669.796553693,23.8828993889005,701.204417744671,50.9800216654634,21.6795397597361,-4460.27704190117
6428,1,2023,2.998898,36.062158,1,38569.7654929889,-3739.07893963019,123.501187814769,47.8740325181039,30.2206166985917,-6773.90432079434
6430,9,2023,2.870471,35.871614,1,29590.1135713054,-3506.66450538795,139.380874037743,44.3870363170963,30.001366823449,-3860.89868514406
6464,8,2023,3.916191,35.836858,1,32039.2320211684,-3379.18163917085,416.879957914352,49.7353571694318,29.8847708349359,-3960.53951339599
6482,7,2023,2.133727,35.495993,1,37534.0905734019,-2229.01257355753,279.125398039818,46.5263073789651,28.2388104147018,-7842.975336102
6645,4,2023,2.91825,35.404212,1,34808.5424936719,-2392.64785839388,164.869907628799,45.1270217379647,29.1662003173132,-6308.1808205186
6690,6,2023,3.101128,35.601344,1,37683.4972288639,-3176.89880086131,183.110286935302,45.1716985416423,29.7500946166853,-7201.00250625768
6691,1,2023,2.3729,35.6422,1,39232.3869995147,-3829.98155126546,186.784188605845,43.8217126632649,28.0777226400158,-7382.94787256543
6691,5,2023,3.495904,36.040405,1,26143.1047259173,-3226.26263278749,727.768695235252,58.4124554477439,29.6079019886174,-1774.41825531113
6693,5,2023,2.3729,35.6422,1,39231.8408710396,-3828.74502880167,186.784188605845,43.8217126632649,28.0777226400158,-7382.82977299775
6694,3,2023,2.076213,35.45491,1,35312.9813821801,-1479.70184959365,322.417780160904,46.5263073789651,28.2388104147018,-6761.50246944408
6695,4,2023,1.776522,35.502838,1,34322.2073159555,-1073.27798325832,601.003999824067,46.7094113706517,27.0621261788286,-6295.03316767151
6698,1,2023,2.97263,35.554842,1,41379.8366476363,-4019.72367019371,142.81386770308,45.2704778050648,29.5761875640312,-7938.00348864431
6699,5,2023,4.406781,34.283832,1,31679.2646540302,341.769305628685,574.607046604156,46.9986883419815,28.0303473189542,-4707.77844205625
6700,6,2023,2.02592,35.528844,1,37590.5177807353,-2361.71544744454,355.803807258606,46.3552608431036,28.6548351810403,-8394.75379722822
6701,7,2023,3.101128,35.601344,1,37686.9311241921,-3177.24188893774,183.089768823708,45.1716985416423,29.7500946166853,-7202.54294148975
6702,5,2023,2.520439,35.376795,1,34211.8307350749,-1127.41728347724,191.542432546616,44.9902983489425,28.9522528644022,-6563.3156989528
6703,2,2023,2.094923,36.159971,1,35697.4923746775,-2612.51349475441,153.538090478461,40.8563707797596,30.1662531587087,-6495.57937388343
6704,9,2023,2.3729,35.6422,1,39231.5074512046,-3829.83400410145,186.784188605845,43.8217126632649,28.0777226400158,-7382.42327061732
6705,3,2023,4.0338522,35.751607,1,28188.1873197722,-3182.61913490868,300.070811878677,49.0907127979062,29.1465151274436,-2973.49985996933
6706,9,2023,2.094923,36.159971,1,35699.0105776636,-2613.25266086388,153.538090478461,40.8563707797596,30.1662531587087,-6499.1303268658
6707,10,2023,4.0338522,35.751607,1,28187.9710801084,-3181.97432025288,299.99834537124,49.0938764110758,29.1477504773286,-2973.1789781696
6708,4,2023,2.735073,35.36719,1,34736.5664512641,-1627.30288301953,157.509698629379,45.9520596775536,28.6571138268737,-6562.97387512902
6709,2,2023,2.383763,35.647819,1,39339.6445021668,-3372.14351004338,186.784188605845,43.8217126632649,28.0777226400158,-7455.4799708703
6711,5,2023,2.933424,35.61444,1,42920.2821122848,-4058.37739150567,159.495262742043,45.0819108935336,29.2094359498046,-8388.62396933615
6716,6,2023,1.954198,36.029526,1,34968.3686956985,-3376.53362471461,205.006812189246,42.696400672223,29.9037890551842,-5126.65279080563
6717,5,2023,2.383763,35.647819,1,39342.9874719642,-3375.07431196499,186.784188605845,43.8217126632649,28.0777226400158,-7456.8359916248
6718,4,2023,2.133727,35.495993,1,37535.5166670693,-2230.60485599714,279.125398039818,46.5263073789651,28.2388104147018,-7843.53074516877
6719,10,2023,2.274269,35.43162,1,35993.014179629,-1649.04434017761,281.819752693176,46.0532004136675,28.6837097707949,-7121.23244075885
6720,3,2023,1.776522,35.502838,1,34306.0532543287,-1064.22970823073,601.283141970753,46.7094113706517,27.0621261788286,-6281.85295288784
6721,5,2023,4.517828,35.420658,1,30268.6767643956,-3140.2637771053,379.659523904324,46.7540058367975,29.3726077267024,-3564.6490256869
6723,8,2023,2.97263,35.554842,1,41386.1230950359,-4020.14038195343,142.81386770308,45.2704778050648,29.5761875640312,-7940.10055608483
6724,4,2023,1.954198,36.029526,1,34976.6053490584,-3375.8910382223,205.006812189246,42.696400672223,29.9037890551842,-5128.89307514052
6725,9,2023,2.383763,35.647819,1,39343.2072938224,-3372.66044999402,186.784188605845,43.8217126632649,28.0777226400158,-7456.47075118272
6726,4,2023,1.776522,35.502838,1,34329.743393913,-1077.28466091565,600.683306200573,46.7094113706517,27.0621261788286,-6297.39012147442
6727,8,2023,2.094923,36.159971,1,35698.7706205161,-2611.30288573363,153.538090478461,40.8563707797596,30.1662531587087,-6495.51662214529
6728,11,2023,3.121573,35.554842,1,38241.6609906606,-3164.02389924739,172.483075380325,45.1716985416423,29.7500946166853,-7355.62576869582
6729,12,2023,2.91825,35.404212,1,34803.1257725972,-2391.5910752298,164.733831261166,45.1270217379647,29.1662003173132,-6304.3983944274
6731,5,2023,2.198943,35.814437,1,38247.7972012367,-3148.0969530179,177.2289575987,44.8956857752047,28.3642476382321,-8089.4565878439
6732,7,2023,2.597218,36.219685,1,38594.0081718596,-3553.94460227393,136.76598199499,43.5064955054819,30.7311938960803,-6296.21715038184
6733,8,2023,4.690067,35.52045,1,30157.8170336434,-1792.41544456798,567.302666902542,46.4914158631507,28.395427628957,-4655.2615607132
6734,12,2023,2.133727,35.495993,1,37521.1651713978,-2225.35328264581,279.125398039818,46.5263073789651,28.2388104147018,-7834.14455267612
6735,3,2023,4.517828,35.420658,1,30269.1602659324,-3141.3152450287,379.659523904324,46.7540058367975,29.3726077267024,-3563.73648308229
6736,8,2023,3.709066,34.862484,1,31533.7284339502,-2172.56818132265,228.148251771927,47.1919672663957,28.4430591304553,-4591.32050513603
6737,4,2023,2.870214,34.950663,1,28781.5190856904,-2142.25469942781,358.195360169274,51.3449128510299,25.7064896363551,-4492.16852990989
6738,3,2023,3.122434,35.601158,1,33762.4496011931,-2654.4983887624,185.829052475419,45.1716985416423,29.7500946166853,-5274.75675804031
6739,9,2023,2.714609,35.148879,1,38016.7649030578,-2891.35555775208,193.687540230982,46.3335046745537,27.5732197170646,-8821.62890181981
6740,10,2023,3.747678,35.833449,1,32118.3560054175,-3750.0781787261,408.498236928375,48.7249561406944,29.8899340590324,-3855.97338569165
6741,7,2023,2.106037,35.893414,1,36120.5587291816,-2527.9786744368,195.098312090113,43.6624823067018,28.9935262305552,-6761.56293611482
6742,5,2023,2.383763,35.647819,1,39338.1495339892,-3376.2959490954,186.784188605845,43.8217126632649,28.0777226400158,-7455.84089857984
6743,9,2023,2.97263,35.554842,1,41379.0779172006,-4019.70687595231,142.81386770308,45.2704778050648,29.5761875640312,-7937.69611322352
6744,7,2023,4.138652,35.913845,1,30052.0790826246,-3340.19052910582,641.727923870087,54.6642832160885,29.8481158513457,-3204.34750471851
6745,9,2023,4.632103,35.726678,1,34886.0435748142,-3046.21098215966,409.731607675552,45.7097279481023,29.8909858302983,-5295.2517875182
6746,10,2023,2.144745,36.134171,1,31840.8771708376,-2491.93253287903,158.403303294224,41.6601084834373,30.4815149107638,-4167.87617224667
6747,4,2023,3.115517,35.604079,1,33878.9203039799,-2367.47824352868,192.953924207724,45.1716985416423,29.7500946166853,-5139.33697159198
6748,6,2023,3.526905,35.857986,1,35683.5884442996,-3391.31682293769,274.908658981323,49.8552507978291,30.122860562747,-5515.09551564755
6749,8,2023,3.057316,35.718846,1,36044.3949302281,-2854.13405582197,154.093521735517,44.839448605521,29.9031406328784,-5881.79729699679
6750,2,2023,3.123311,36.063517,1,34261.4570336055,-659.304749856542,121.680947303772,48.6768664112381,29.9424640516168,-5427.09389854931
6751,1,2023,2.133727,35.495993,1,37522.2006487287,-2224.51226659918,279.125398039818,46.5263073789651,28.2388104147018,-7835.25593439536
6752,2,2023,2.27427,35.431647,1,35989.2673508506,-1645.15483570692,281.819752693176,46.0532004136675,28.6837097707949,-7117.89694325736
6753,10,2023,2.27427,35.431647,1,36039.3268088009,-1671.31824565512,281.819752693176,46.0532004136675,28.6837097707949,-7149.45623007248
6754,4,2023,2.274269,35.43162,1,35981.6850243464,-1642.3009917689,281.819752693176,46.0532004136675,28.6837097707949,-7113.67564250033
6755,9,2023,3.115517,35.604079,1,33882.0538997421,-2365.68789626856,192.981662401806,45.1716985416423,29.7500946166853,-5138.78151398009
6756,11,2023,3.121573,35.554842,1,38244.0451473501,-3166.27515377854,172.483075380325,45.1716985416423,29.7500946166853,-7366.84585595792
6757,12,2023,2.144392,36.1371,1,31764.5900285989,-1926.46236580921,158.48327750575,41.6600315057822,30.4801692451775,-3955.06181334342
6758,1,2023,3.084758,35.43436,1,39565.5572517654,-3022.70705622993,138.56304192543,45.7876111750761,29.1855545374901,-8741.53275416393
6759,5,2023,4.0338522,35.751607,1,28182.2214238555,-3181.79139964143,300.264862978861,49.0822412620502,29.1432071026366,-2970.19011283042
6760,2,2023,4.138652,35.913845,1,30053.1505294777,-3341.5423256393,641.727923870087,54.6642832160885,29.8481158513457,-3205.7166518069
6761,10,2023,2.841198,35.040193,1,33612.4399660576,-3024.97196851125,288.975148677826,48.9566055164289,27.4466389677841,-6427.3740521171
6762,6,2023,2.520439,35.376795,1,34239.356175404,-1139.13135551354,191.542432546616,44.9902983489425,28.9522528644022,-6584.23836435354
6763,12,2023,2.076213,35.45491,1,35307.6379648587,-1476.62913343862,322.417780160904,46.5263073789651,28.2388104147018,-6758.29951749069
6764,3,2023,2.144745,36.134171,1,31840.3819702155,-2498.76311223217,158.411092233396,41.6601009863422,30.4813838521739,-4167.56334792484
6765,7,2023,2.157281,35.784354,1,38096.4817678507,-2796.59213680152,181.064847534522,44.8956857752047,28.3642476382321,-7500.79727336723
6766,2,2023,2.841197,35.040193,1,33594.401295779,-3027.53948169233,288.975148677826,48.9566055164289,27.4466389677841,-6432.86307421696
6767,2,2023,2.383763,35.647819,1,39340.9891984017,-3372.49948724778,186.784188605845,43.8217126632649,28.0777226400158,-7455.88325425698
6768,1,2023,3.121573,35.554842,1,38241.405429254,-3165.01862908207,172.483075380325,45.1716985416423,29.7500946166853,-7360.15974006313
6769,9,2023,2.97263,35.554842,1,41379.5732029619,-4019.35409356218,142.81386770308,45.2704778050648,29.5761875640312,-7938.48681781529
6770,8,2023,2.274269,35.43162,1,35979.5544854573,-1641.22713200865,281.819752693176,46.0532004136675,28.6837097707949,-7112.35243259713
6771,5,2023,4.138652,35.913845,1,30054.8311409471,-3343.93532968721,641.727923870087,54.6642832160885,29.8481158513457,-3207.67887261153
6772,8,2023,2.274269,35.43162,1,35983.0868722233,-1645.3066885332,281.819752693176,46.0532004136675,28.6837097707949,-7115.70555419612
6773,10,2023,4.0338522,35.751607,1,28188.9587653655,-3182.17729612766,299.974742744033,49.0949068123592,29.1481528356571,-2973.74955960558
6774,9,2023,4.2758,35.746148,1,27826.1616937838,-2500.72516385621,487.662553787231,47.9834154399502,28.5099445203668,-2611.67086407077
6775,4,2023,2.133727,35.495993,1,37529.0036385699,-2226.64324967562,279.125398039818,46.5263073789651,28.2388104147018,-7839.82901493893
6776,4,2023,3.69834,35.170874,1,30838.3853454145,-2837.95395366231,197.937722428758,46.9037506458995,28.9224492025158,-3738.01813640798
6777,8,2023,2.841198,35.040193,1,33596.6950407208,-3026.0485480064,288.975148677826,48.9566055164289,27.4466389677841,-6427.77880421358
6778,3,2023,3.526905,35.857986,1,35681.6452620088,-3391.20911892795,274.908658981323,49.8552507978291,30.122860562747,-5514.20001964257
6779,11,2023,2.998898,36.062158,1,38572.9539712617,-3739.01055976621,123.5511711507,47.8740325181039,30.2206166985917,-6774.50669240897
6780,6,2023,2.383763,35.647819,1,39339.038041631,-3375.01410289755,186.784188605845,43.8217126632649,28.0777226400158,-7455.83550754377
6781,12,2023,2.274269,35.43162,1,36018.3345631492,-1660.24749546358,281.819752693176,46.0532004136675,28.6837097707949,-7136.17239580695
6782,6,2023,1.776522,35.502838,1,34307.6748201862,-1065.08533018933,601.210924471104,46.7094113706517,27.0621261788286,-6282.29677462626
6783,2,2023,1.954198,36.029526,1,34971.4920658943,-3373.76078336172,205.006812189246,42.696400672223,29.9037890551842,-5128.77226391652
6784,6,2023,2.144745,36.134171,1,31838.7875425146,-2497.90546782704,158.406569493434,41.6601053396194,30.4814599528994,-4167.71094652152
6785,5,2023,2.97263,35.554842,1,41387.4542646932,-4020.32191957289,142.81386770308,45.2704778050648,29.5761875640312,-7940.39268650034
6786,8,2023,1.944077,36.030452,1,33391.7908295224,-3016.05157546471,216.646766969817,43.0323619626941,29.8372773453526,-4507.96217391233
6788,10,2023,2.91825,35.404212,1,34811.3319620111,-2394.4759441316,164.839824901536,45.1270217379647,29.1662003173132,-6309.56505022563
6789,2,2023,3.121705,35.621338,1,32775.2537505629,-1284.6901052446,194.527749538422,45.1716985416423,29.7500946166853,-4687.37464388252
6790,6,2023,3.084758,35.43436,1,39566.6255419434,-3022.66376969692,138.56304192543,45.7876111750761,29.1855545374901,-8741.2064841378
6796,6,2023,4.632103,35.726678,1,34881.7177857542,-3046.0925485995,409.731607675552,45.7097279481023,29.8909858302983,-5292.97888776313
6797,3,2023,2.3729,35.6422,1,39230.7147679156,-3830.84427182064,186.784188605845,43.8217126632649,28.0777226400158,-7381.74650438522
6809,9,2023,2.962668696,35.42179137,1,34268.3668353345,-1524.59253315624,172.277041077614,45.3817806219997,29.2240001086231,-5546.98262795809
6827,10,2023,4.690067,35.52045,1,30156.1644424036,-1794.69461675744,567.302666902542,46.4914158631507,28.395427628957,-4652.42687863788
6838,9,2023,2.572518,34.990619,1,34307.8230860313,-1708.01321055783,357.325998425484,48.6992359537113,27.4790467963371,-7531.20194042065
6855,1,2023,2.056447,35.430011,1,34992.4725027338,-787.634029374231,345.604832410812,47.4475395495108,28.154305875247,-6941.4490846307
6861,4,2023,3.115526,35.604179,1,33882.7483091152,-2376.21478184866,193.289218405783,45.1716985416423,29.7500946166853,-5144.09277239245
6862,7,2023,4.863304,35.391533,1,31044.9093641009,-1657.12434441856,633.447092294693,46.6564893892269,27.8183351542852,-5442.03531699328
6863,11,2023,4.863304,35.391533,1,31052.7951292884,-1658.96163422367,633.447092294693,46.6564893892269,27.8183351542852,-5445.11102905302
6888,6,2023,2.998898,36.062158,1,38575.612128943,-3741.58656844093,123.531816348491,47.8740325181039,30.2206166985917,-6776.6472833436
7052,4,2023,2.056447,35.430011,1,34999.4297391442,-791.660648281622,345.604832410812,47.4475395495108,28.154305875247,-6946.91673265052
7065,5,2023,2.094923,36.159971,1,35698.7868271632,-2611.34697688275,153.538090478461,40.8563707797596,30.1662531587087,-6495.61583362386
7066,8,2023,2.094923,36.159971,1,35698.651168636,-2613.90396238051,153.538090478461,40.8563707797596,30.1662531587087,-6499.61003454857
7075,1,2023,2.076213,35.45491,1,35305.8901883517,-1475.85829702665,322.417780160904,46.5263073789651,28.2388104147018,-6757.55742381544
7076,10,2023,2.076213,35.45491,1,35308.0197248319,-1477.72859291074,322.417780160904,46.5263073789651,28.2388104147018,-6759.67340628438
7096,4,2023,2.383763,35.647819,1,39338.5909736387,-3376.62712235347,186.784188605845,43.8217126632649,28.0777226400158,-7456.01081757013
7097,4,2023,2.383763,35.647819,1,39341.3148740131,-3375.90437871361,186.784188605845,43.8217126632649,28.0777226400158,-7456.56391275739
7098,5,2023,2.383763,35.647819,1,39343.5135571683,-3375.23940709318,186.784188605845,43.8217126632649,28.0777226400158,-7456.99597603067
7099,10,2023,2.383763,35.647819,1,39338.7515748272,-3374.69719303965,186.784188605845,43.8217126632649,28.0777226400158,-7455.70696305034
7100,12,2023,2.383763,35.647819,1,39338.048610502,-3374.41560227167,186.784188605845,43.8217126632649,28.0777226400158,-7455.479357769
7120,12,2023,0.885272,36.182066,1,28580.2660622089,-1324.62900516919,668.313644170761,51.5001517640791,25.1203852666567,-4623.39768364309
7121,12,2023,1.030211,36.040237,1,30577.4763760617,-1361.06406683778,474.207679569721,48.4881486587701,27.5331059965369,-4337.60164482682
7122,12,2023,1.025645,36.043495,1,30467.4721596755,-1431.87345568645,474.207679569721,48.4881486587701,27.5331059965369,-4551.75243497997
7123,12,2023,0.949792,35.890178,1,29584.6064459148,-299.220880942811,866.51287951168,51.7404313267573,23.8081367435591,-4676.5548908112
7136,12,2023,1.104671,36.076829,1,30270.381525452,-2527.72207803304,432.918410301208,48.1237716567096,27.1397162990483,-4619.11301443001
7139,11,2023,1.072232,36.133016,1,28088.2406520917,-1667.57467550099,411.474401593208,48.1237716567096,27.1397162990483,-4325.98147103724
26402,1,2023,3.739169,34.812856,1,32320.2552343884,-2969.71326230222,225.075876116753,47.1490992174241,28.5730975686687,-4795.5581370473
26403,2,2023,3.739169,34.812856,1,32319.1656218308,-2969.93081792634,225.075876116753,47.149099217424,28.5730975686687,-4797.99633109783
26404,4,2023,3.739169,34.812856,1,32318.9855555487,-2967.54446935708,225.075876116753,47.1490992174241,28.5730975686687,-4797.09591941855
26405,3,2023,3.739169,34.812856,1,32319.1962425458,-2969.63537630014,225.075876116753,47.1490992174241,28.5730975686687,-4797.76969858118
26406,8,2023,3.739169,34.812856,1,32320.0984682316,-2970.22902927363,225.075876116753,47.149099217424,28.5730975686688,-4796.15813021603
26408,6,2023,3.739169,34.812856,1,32318.7879654477,-2967.71718482039,225.075876116753,47.149099217424,28.5730975686687,-4797.60531240227
26409,11,2023,3.739169,34.812856,1,32320.2231838008,-2970.37601970401,225.075876116753,47.1490992174241,28.5730975686687,-4795.9700579963
26410,9,2023,3.739169,34.812856,1,32320.9188653248,-2972.10775851137,225.075876116753,47.149099217424,28.5730975686687,-4795.38842288604
26411,7,2023,3.739169,34.812856,1,32319.4066263655,-2969.50353320989,225.075876116753,47.149099217424,28.5730975686687,-4797.24785921953
26491,3,2023,4.269531,34.641403,1,31668.2194142254,-2384.8175378984,344.874423503876,45.7719513727835,30.0713002923417,-5725.3975110071
26492,1,2023,4.269531,34.641403,1,31658.0359003414,-2381.57835783375,344.874423503876,45.7719513727835,30.0713002923417,-5724.65700818073
26493,4,2023,4.269531,34.641403,1,31664.4592614489,-2384.7790566041,344.874423503876,45.7719513727835,30.0713002923417,-5725.59148364364
26494,4,2023,4.063473,34.641403,1,33191.6047739538,-2123.35097602451,308.653024315834,45.1749613691088,29.3955408923703,-5497.4189503059
26495,1,2023,4.063473,34.641403,1,33204.6184042801,-2125.25412914842,308.653024315834,45.1749613691088,29.3955408923703,-5500.28160141791
26497,1,2023,4.269531,34.641403,1,31668.1685692261,-2386.67692580631,344.874423503876,45.7719513727835,30.0713002923417,-5726.15226056007
26498,7,2023,4.063473,34.641403,1,33202.1244608373,-2125.17224324007,308.653024315834,45.1749613691088,29.3955408923703,-5499.51323706487
26499,4,2023,4.269531,34.641403,1,31663.6832483724,-2378.7830824392,344.874423503876,45.7719513727835,30.0713002923417,-5723.20770643308
26500,2,2023,3.411912,34.774079,1,30527.2666423639,-2279.6345866041,280.829237699509,49.155288180324,27.3491911848931,-4203.42591631428
26501,9,2023,4.063473,34.641403,1,33199.4094794,-2123.15275605128,308.653024315834,45.1749613691088,29.3955408923703,-5500.18014332365
26502,11,2023,4.269531,34.641403,1,31663.9760201879,-2377.99003713824,344.874423503876,45.7719513727835,30.0713002923417,-5722.86917042707
26503,7,2023,4.063473,34.641403,1,33195.4789077026,-2122.79363513015,308.653024315834,45.1749613691088,29.3955408923703,-5499.15041330086
26504,8,2023,3.411912,34.774079,1,30525.1647650231,-2281.64226093696,280.829237699509,49.155288180324,27.3491911848931,-4202.7616377561
26505,6,2023,4.269531,34.641403,1,31659.7972900779,-2380.30947062547,344.874423503876,45.7719513727835,30.0713002923417,-5724.04558300405
26506,11,2023,4.269531,34.641403,1,31657.1905059433,-2379.9491957142,344.874423503876,45.7719513727835,30.0713002923417,-5724.04639911596
26508,12,2023,4.269531,34.641403,1,31669.9624286875,-2386.67101564048,344.874423503876,45.7719513727835,30.0713002923417,-5726.05028680332
26509,12,2023,4.269531,34.641403,1,31666.0077773959,-2385.18937756047,344.874423503876,45.7719513727835,30.0713002923417,-5725.67114263189
26578,2,2023,4.20468,34.35986,1,31908.150959543,-1040.46290130861,580.830280590111,46.718027066798,28.3456494736345,-4529.05843202332
26579,4,2023,4.20468,34.35986,1,31908.8985491558,-1041.483306243,580.769795874523,46.718027066798,28.3456494736345,-4530.41221937662
26580,1,2023,4.20468,34.35986,1,31902.6736962125,-1036.30340440885,580.936187799034,46.718027066798,28.3456494736345,-4526.2526685421
26581,4,2023,4.20468,34.35986,1,31901.181325233,-1034.4364361163,581.042479477792,46.718027066798,28.3456494736345,-4523.84725768174
26582,9,2023,4.20468,34.35986,1,31898.3305876702,-1032.80087162967,581.039621884233,46.718027066798,28.3456494736345,-4523.62109877183
26583,4,2023,4.20468,34.35986,1,31904.06423897,-1037.79013766137,580.86547134146,46.718027066798,28.3456494736345,-4527.88948861207
26585,9,2023,4.20468,34.35986,1,31910.4006013979,-1042.34389648017,580.76845678775,46.718027066798,28.3456494736345,-4530.59943810211
26586,9,2023,4.20468,34.35986,1,31912.5749752409,-1044.15166093354,580.709622472045,46.718027066798,28.3456494736345,-4532.06980259506
26587,11,2023,4.20468,34.35986,1,31899.6407509443,-1033.12263206933,581.087508597536,46.718027066798,28.3456494736345,-4522.73497474588
26588,6,2023,4.20468,34.35986,1,31898.9237175082,-1032.78512200837,581.07847775077,46.718027066798,28.3456494736345,-4522.85557775068
26595,2,2023,3.115511,35.604176,1,33881.4899653673,-2369.49749894492,193.071045438704,45.1716985416423,29.7500946166853,-5140.62432371835
26603,11,2023,2.998898,36.062158,1,38574.7673623843,-3742.79568425279,123.490941241685,47.8740325181039,30.2206166985917,-6777.22571397757
26604,6,2023,2.998898,36.062158,1,38569.4519613506,-3736.9644145449,123.54542615676,47.8740325181039,30.2206166985917,-6772.52403055308
26605,6,2023,2.998898,36.062158,1,38574.336876393,-3740.92843350548,123.5277097084,47.8740325181039,30.2206166985917,-6775.97952010715
26606,9,2023,3.115511,35.604176,1,33883.7995198175,-2370.56348303104,193.154765085665,45.1716985416423,29.7500946166853,-5141.41258630869
26607,4,2023,2.998898,36.062158,1,38570.0587288315,-3739.3557909771,123.499221073404,47.8740325181039,30.2206166985917,-6774.13576475113
26644,8,2023,2.998898,36.062158,1,38566.5550927403,-3737.95183916766,123.478600654853,47.8740325181039,30.2206166985917,-6772.55592526895
26645,2,2023,2.998898,36.062158,1,38572.2045583984,-3739.64023295662,123.525198549045,47.8740325181039,30.2206166985917,-6774.74657155724
26646,11,2023,2.998898,36.062158,1,38577.261581267,-3741.59165176822,123.556755787742,47.8740325181039,30.2206166985917,-6776.98619864052
26647,6,2023,2.998898,36.062158,1,38579.0870811645,-3743.58293478819,123.538303980655,47.8740325181039,30.2206166985917,-6778.59345876484
26668,3,2023,1.984274,36.105646,1,34512.2214008214,-2058.72179779227,213.98685220114,41.8708824255931,30.1886271420135,-5152.26979593383
26670,2,2023,1.984274,36.105646,1,34513.1960571309,-2063.98875058334,214.015058765524,41.8708824255931,30.1886271420135,-5152.39821339693
26688,11,2023,1.312804,35.762769,1,29206.8824477759,-1085.89417262807,702.536049365997,50.5757893662307,25.6673931505038,-4680.64748686852
26703,1,2023,1.072239,36.133253,1,28069.6251754013,-1664.12659573285,411.474401593208,48.1237716567097,27.1397162990483,-4325.29463778559
26704,12,2023,1.072334,36.132728,1,28113.2725334723,-1672.67153801912,411.474401593208,48.1237716567097,27.1397162990483,-4326.11965696906
26706,3,2023,1.025218,35.725577,1,28629.7656049704,-652.945925266132,837.557466745377,53.986480191892,25.2768337005894,-4424.46750816311
15,10,2024,-0.85717,38.613665,1,32216.8408447563,556.851733362626,837.549016850384,58.6765543280606,26.7496147849536,-5275.01197421249
19,4,2024,2.439415,40.666091,1,36012.1346628384,-477.826973212424,318.224885366184,55.3467540950684,28.2375616035392,-8138.55474456251
20,3,2024,2.439415,40.666091,1,36027.3898440292,-481.957471867269,318.224885366184,55.3467540950684,28.2375616035392,-8150.00936535616
21,3,2024,2.442898,40.647455,1,36220.8177872683,-425.909020908724,329.174783176049,55.398823095588,28.1007228408549,-7879.2125942506
30,6,2024,3.955735,41.788467,1,38032.6537506207,-1075.40710778921,257.671664924985,47.8223371811807,29.9243747163846,-8850.96929650749
31,9,2024,3.576744,41.482859,1,34855.9979022019,-291.289320132394,324.484381138987,52.1493761553992,28.3500679627577,-8558.28013171431
32,5,2024,3.874555,41.721711,1,37483.8587252246,-945.75067831994,251.339526697211,48.5836832406843,29.59350418202,-8316.54305498593
33,7,2024,3.471535,40.884953,1,32210.0276306966,171.180026537813,436.440701562911,53.7178173993087,26.8419399476876,-6772.63353250547
34,6,2024,3.955735,41.788467,1,38032.7486463678,-1075.0497042294,257.676436504411,47.8219820360021,29.9244997281776,-8852.15560481104
35,6,2024,3.939309,41.852953,1,33848.048513872,-1051.73804601715,262.924958917898,47.9551978602914,29.9834936059933,-5306.47410574782
36,6,2024,3.955735,41.788467,1,38039.1465030539,-1077.53912509004,257.714270732879,47.8191660619557,29.925490956515,-8844.94167783449
38,6,2024,3.874555,41.721711,1,37483.3370912581,-945.799120039451,251.339526697211,48.5836832406843,29.59350418202,-8316.58312788258
39,5,2024,3.952617,40.339625,1,32592.8048481894,-1154.11334251612,489.23997830808,55.4176076289021,24.8185412862178,-6542.96646093754
40,8,2024,3.874555,41.721711,1,37480.3782727476,-944.269333359543,251.339526697211,48.5836832406843,29.59350418202,-8316.21395630928
41,10,2024,3.955735,41.788467,1,38032.5172635633,-1075.18942733652,257.672620439496,47.8222660629321,29.9243997501463,-8851.66257366776
42,8,2024,3.955735,41.788467,1,38035.9418802471,-1075.82440004789,257.700232945071,47.8202108842697,29.9251231770298,-8850.09511698774
43,12,2024,3.924354,41.227552,1,39917.6762456122,-1103.73010542457,319.120715444471,49.8825074240546,28.9793659939792,-7250.53723879682
44,10,2024,3.955735,41.788467,1,38036.0485207747,-1075.55692407383,257.704120727202,47.8199215194796,29.9252250339983,-8850.99118057378
45,7,2024,3.384413,40.225019,1,31998.9222821948,-62.599188612132,480.283588980441,53.3720037184076,26.8505740320314,-6115.00664586942
46,10,2024,3.924354,41.227552,1,39897.0293042149,-1102.48404081885,319.120715444471,49.8825074240546,28.9793659939792,-7243.20189095737
48,8,2024,3.874555,41.721711,1,37487.2823166615,-947.548032705442,251.339526697211,48.5836832406843,29.59350418202,-8316.97987655042
49,9,2024,3.934295,41.855676,1,33942.5711674714,-1081.74417660975,265.15181979818,47.8092863388559,30.093057170135,-5652.28260410798
50,9,2024,3.955735,41.788467,1,38035.5606995679,-1075.19378288826,257.703069139633,47.8199997883759,29.9251974831947,-8852.11094203929
51,9,2024,3.955735,41.788467,1,38036.2474263157,-1075.82112238824,257.703326255077,47.8199806514608,29.925204219426,-8850.15254488268
53,5,2024,3.939309,41.852953,1,33857.1516677863,-1053.30020189579,262.884655099395,47.9578387039693,29.9815106217652,-5313.489833407
54,12,2024,3.955735,41.788467,1,38032.2723298059,-1075.78915060833,257.663722889501,47.8229283010925,29.9241666410267,-8849.66118772472
56,12,2024,3.729854,41.283651,1,35480.1442950987,223.384571995067,329.874528512876,50.7193549415689,27.7642987819318,-7329.05828244877
58,10,2024,3.874555,41.721711,1,37483.356722542,-946.944558261422,251.339526697211,48.5836832406843,29.59350418202,-8316.96008200294
78,2,2024,3.00315,34.950662,1,27995.9808541045,-723.312779354229,688.47791547592,55.5118140127909,24.1258850066002,-3448.02249712608
79,2,2024,2.841198,35.040193,1,33028.7359387968,-2458.68187352784,418.983873816149,52.7896424717,27.5339009616762,-6018.30360731985
80,3,2024,2.866041,35.176928,1,33241.0513880384,-2261.22099122888,315.391555847338,47.6718223755945,29.0268015390754,-5466.58352230003
81,3,2024,2.841198,35.040193,1,33027.0088603297,-2459.97571674735,418.983873816149,52.7896424717,27.5339009616762,-6022.53156024536
82,3,2024,2.841197,35.040193,1,33021.4646846755,-2459.75039546426,418.983873816149,52.7896424717,27.5339009616762,-6019.03660695913
83,4,2024,3.00315,34.950662,1,27999.6486681447,-721.202103907353,688.736187447935,55.5410782696412,24.1156464455001,-3449.90808524258
84,4,2024,2.841198,35.040193,1,33032.4762782845,-2459.0811243217,418.983873816149,52.7896424717,27.5339009616762,-6021.61925252672
85,4,2024,2.841198,35.040193,1,33025.6778363094,-2459.33367478279,418.983873816149,52.7896424717,27.5339009616762,-6019.40095557268
86,4,2024,3.022222,34.936389,1,28548.9941086514,-721.845514477608,691.075972422958,56.2111571738049,23.8812087887624,-3779.15796388163
87,4,2024,3.00315,34.950662,1,27996.9591914117,-724.04040294674,688.560293429746,55.5280740958265,24.1201961604934,-3448.76927173126
88,1,2024,3.00315,34.950662,1,27997.4577393261,-723.922357125348,688.597836880097,55.5331435220687,24.1184225418914,-3449.0560499111
89,4,2024,3.00315,34.950662,1,27997.607368287,-723.303434316707,688.602666108691,55.5308500710101,24.1192249418605,-3449.03260640828
90,4,2024,2.640068,34.906551,1,29411.6859639496,-268.372392380223,708.515119903255,55.1740339579452,25.6127381496742,-4880.18054462516
91,5,2024,3.35468,35.346625,1,40971.0312860549,-2563.15609506157,309.556639122362,47.7111841769365,28.6257337372092,-7746.18297544278
92,5,2024,3.021741,35.346625,1,37936.4032628728,-2412.85072430174,220.74318310198,47.5018883849931,29.1376165633869,-8580.27205390715
93,5,2024,3.00315,34.950662,1,27997.713738888,-723.658593161154,688.614797029831,55.5344200496119,24.1179759286282,-3449.16534039022
94,5,2024,2.841198,35.040193,1,33025.2717347581,-2459.8598724314,418.983873816149,52.7896424717,27.5339009616762,-6021.26088442119
95,5,2024,3.35468,35.346625,1,40968.3239929054,-2563.22636390559,309.617245139604,47.7054705986694,28.6297267204692,-7746.62930268811
97,5,2024,2.841198,35.040193,1,33034.2924430671,-2458.43989834755,418.983873816149,52.7896424717,27.5339009616762,-6019.97719915156
98,5,2024,3.022222,34.936389,1,28545.6884464622,-719.84076812106,691.075972422957,56.2111571738049,23.8812087887624,-3776.73283135566
99,1,2024,3.022222,34.936389,1,28540.9769523333,-715.891318442425,691.075972422958,56.2111571738049,23.8812087887624,-3772.79742900331
100,5,2024,2.757745,34.87759,1,31349.5405852477,-2010.33113077732,545.336794779432,55.3998244106781,26.5183673476478,-6211.53498000898
101,5,2024,2.841198,35.040193,1,33027.2156553906,-2459.68668388994,418.983873816149,52.7896424717,27.5339009616762,-6021.50207461489
102,5,2024,3.00315,34.950662,1,27997.5988299868,-722.758929809086,688.596422953752,55.5271808230685,24.1205086860346,-3448.92421170881
103,5,2024,3.021741,35.346625,1,37935.3846351356,-2411.80118014174,220.796627025993,47.5047187135343,29.1340913166629,-8578.52478295686
104,5,2024,2.866041,35.176928,1,33230.6477794494,-2259.27208157682,315.391555847338,47.6718223755945,29.0268015390754,-5458.3953356401
105,6,2024,3.021741,35.346625,1,37934.9353869692,-2412.07927398958,220.795599992013,47.504664323,29.1341590614672,-8578.63981307869
106,6,2024,2.84405,35.043071,1,33505.7016559896,-2429.64854162401,415.344906554055,52.7922234647429,27.4817264988468,-6147.50949680722
107,6,2024,2.841197,35.040193,1,33031.9627248331,-2459.33673396907,418.983873816149,52.7896424717,27.5339009616762,-6022.37325360118
109,5,2024,3.00315,34.950662,1,27998.8195202612,-721.710854818171,688.678791342241,55.5346557877131,24.1178934519411,-3449.48641192616
110,2,2024,3.022222,34.936389,1,28547.2541388257,-721.595515708674,691.075972422958,56.2111571738049,23.8812087887624,-3778.23324566308
111,6,2024,2.563048,35.258796,1,37875.7623595045,-2325.23154670589,285.515509803779,48.9730580850501,29.0236583952912,-8150.85668299667
112,7,2024,2.572518,34.990619,1,33596.6489852158,-1086.05437893117,569.393743894994,52.6573726223626,27.5538575677924,-6947.94981568928
113,7,2024,2.757745,34.87759,1,31346.5813801015,-2012.07551757409,545.336794779432,55.3998244106782,26.5183673476478,-6213.66557224377
114,7,2024,2.876673,35.256246,1,35869.4353583285,-2328.49455290085,287.901184479519,47.29732034445,29.0815297291796,-7523.35937178393
115,8,2024,2.4109,35.958777,1,38255.0686857325,-3734.2619783572,245.419305259419,46.8467996709175,29.9763037857028,-6619.80306577051
116,8,2024,2.866041,35.176928,1,33240.0179864833,-2261.08716646105,315.391555847338,47.6718223755945,29.0268015390754,-5465.16846028327
117,8,2024,2.572518,34.990619,1,33588.9022543146,-1082.67200072139,569.393743894994,52.6573726223626,27.5538575677924,-6942.11242270478
118,8,2024,3.00315,34.950662,1,28000.3352313811,-721.174295425367,688.787819473785,55.5489737799172,24.1128840768949,-3450.33158823735
119,8,2024,3.022222,34.936389,1,28546.77650434,-719.952844320393,691.075972422958,56.2111571738049,23.8812087887624,-3777.2929434008
120,9,2024,3.00315,34.950662,1,27997.91740012,-720.817897602585,688.603361121389,55.5181472657571,24.1236692183166,-3448.74986404523
121,2,2024,2.841198,35.040193,1,33039.9096003162,-2456.77282391327,418.983873816149,52.7896424717,27.5339009616762,-6016.13641011285
122,9,2024,3.00315,34.950662,1,27997.6397630553,-721.87296880248,688.591286117801,55.521836974605,24.1223783155722,-3448.78023733584
123,9,2024,3.022222,34.936389,1,28549.4563551875,-722.307421397235,691.075972422958,56.2111571738049,23.8812087887624,-3779.57608805556
124,9,2024,2.841198,35.040193,1,33032.4208805024,-2458.38713459432,418.983873816149,52.7896424717,27.5339009616762,-6018.89159769644
125,2,2024,2.841198,35.040193,1,33040.4907224734,-2457.47162962695,418.983873816149,52.7896424717,27.5339009616762,-6019.12323919419
126,9,2024,2.981014,34.641403,1,28237.1144501179,438.526865856369,809.820430255451,57.7404991379735,24.7619014010403,-2683.99675376186
127,9,2024,2.841198,35.040193,1,33022.3903176023,-2460.17047117116,418.983873816149,52.7896424717,27.5339009616762,-6021.1127255547
128,10,2024,3.021741,35.346625,1,37935.0377863608,-2411.97783789289,220.79709657018,47.5047435800526,29.1340603447772,-8578.5681333531
129,10,2024,3.022222,34.936389,1,28544.9035005769,-721.34319754608,691.075972422958,56.2111571738049,23.8812087887624,-3777.02037082544
130,10,2024,2.841198,35.040193,1,33036.214927383,-2457.13808423952,418.983873816149,52.7896424717,27.5339009616762,-6015.81927451396
132,2,2024,2.757745,34.87759,1,31347.8073432141,-2011.5185382141,545.336794779432,55.3998244106781,26.5183673476478,-6212.93682664493
133,10,2024,2.857829,36.219685,1,36350.0674922277,-2674.04370776531,197.326358055157,49.2606350400713,30.6308221215976,-5783.67808137386
134,11,2024,3.022222,34.936389,1,28544.7364119015,-720.39643091873,691.075972422957,56.2111571738049,23.8812087887624,-3776.52781496977
135,11,2024,3.00315,34.950662,1,27999.7035650354,-720.172678704754,688.730069137888,55.5349704268085,24.1177833704988,-3449.74686263298
136,11,2024,3.00315,34.950662,1,27996.8181268663,-721.895686095999,688.529838522466,55.5123092678447,24.1257117338206,-3448.27046563352
137,11,2024,2.610057,35.07185,1,33859.6350183937,-1984.19604256364,377.676691412926,51.0303659666217,27.5858842373763,-7543.4730224268
138,12,2024,2.966667,34.7,1,27697.3299505813,-462.110318151778,714.033798220278,56.7846538088647,25.7278195476706,-3738.24367985526
139,2,2024,2.563048,35.258796,1,37874.4118779348,-2324.67716501111,285.515509803779,48.9730580850501,29.0236583952912,-8152.23452697709
140,2,2024,2.573833,34.990967,1,33690.9309793965,-1122.60935544867,569.393743894994,52.6573726223626,27.5538575677924,-6993.34733820949
212,7,2024,3.798133,34.840341,1,31038.8915113748,-119.264249111054,332.757191376493,48.2756916473612,29.4809900405411,-4094.02625333304
213,7,2024,3.586447,34.641403,1,29084.5574760495,-1777.39959728382,456.876129300952,48.2409881261371,28.1962856063426,-4368.60091797447
216,5,2024,3.709066,34.862484,1,31433.0423265543,-1502.65627997237,327.857654156019,48.8817497915638,28.7357245453937,-4221.58966815002
217,4,2024,3.586447,34.641403,1,29075.9220752175,-1775.54404697272,456.876129300953,48.2409881261371,28.1962856063426,-4364.53552093581
218,3,2024,4.063473,34.641403,1,31968.7428243623,-1497.18883353631,379.790486553044,46.330017882075,29.8001254180742,-4980.53296287439
220,2,2024,3.69834,35.170874,1,30607.0260717771,-2503.55583002117,324.931214272149,48.1755448442896,29.3261515202201,-3723.21331967196
261,10,2024,-0.85717,38.613665,1,32220.2281205193,554.097583176308,837.599607041693,58.6775263910916,26.7501696985048,-5275.04900443685
312,6,2024,2.27427,35.431647,1,35961.5811242464,-1275.32615145269,462.704611019581,50.3662172034771,28.6899624086251,-6837.38382400544
322,11,2024,2.076213,35.45491,1,34179.0725069073,-1025.34688543686,495.165625098467,51.9428958994206,28.0835918058246,-6342.16197296148
333,11,2024,2.580193,35.490699,1,37822.7379716359,-2223.37881452368,335.177339297486,48.3153488614611,27.8936237175391,-7113.44130753079
344,7,2024,1.516667,34.866667,1,31019.626092829,247.55029837967,1427.93737516191,54.95188359457,23.4535264437316,-5531.46286094659
355,7,2024,3.798132,34.840341,1,31039.1416651046,-118.678075760271,332.697788347763,48.2756916473612,29.4809900405411,-4093.7279370983
366,7,2024,2.27427,35.431647,1,35929.3437516361,-1260.44431811629,462.704611019581,50.3662172034771,28.6899624086251,-6818.82699857386
377,6,2024,2.133727,35.495993,1,36786.7817387357,-1642.2019923276,424.206855492128,51.9428958994206,28.0835918058246,-7263.65209261599
384,7,2024,2.27427,35.431647,1,35930.6647998883,-1260.65270574261,462.704611019581,50.3662172034771,28.6899624086251,-6819.39926561676
385,6,2024,2.27427,35.431647,1,35898.3032394281,-1245.04794769723,462.704611019581,50.3662172034771,28.6899624086251,-6800.46298268942
387,11,2024,2.580193,35.490699,1,37835.494188437,-2226.37245832757,335.177339297486,48.3153488614611,27.8936237175391,-7116.03359029792
395,6,2024,2.133727,35.495993,1,36785.4512789696,-1636.72253843184,424.206855492128,51.9428958994206,28.0835918058246,-7262.37878590209
469,2,2024,-0.271944,38.158915,1,33484.14498097,-157.178422091661,756.748219624162,58.9888505556006,26.4969779162242,-6733.12415785925
498,8,2024,-0.31772,38.359368,1,33280.511953176,598.206407997988,804.382083967328,57.1460816985521,26.48457988607,-5940.48399964419
503,6,2024,-0.644254,38.4128,1,32892.2124068646,1044.55369469848,643.582000457092,59.2934957988145,25.8519211664369,-5279.20030752306
504,5,2024,-0.644254,38.4128,1,32894.7736319445,1045.11932575398,643.806068157662,59.2964748012369,25.8510641917227,-5280.62229915363
506,5,2024,-0.648565,38.40593,1,33289.1581176842,599.049092706985,665.222235206269,59.5850371673059,25.7680529630871,-5493.94892648152
507,2,2024,-0.644254,38.4128,1,32896.3254718882,1044.64883745869,643.875181346061,59.2973936679684,25.8507998597609,-5281.2969052558
516,2,2024,1.858742,35.5001,1,30780.5974223542,-187.505314411411,693.747150214701,51.8205383931002,28.4125214915458,-5121.58197689467
524,1,2024,3.122434,35.601158,1,33182.9088519155,-2506.97745450154,261.513726778005,46.6638416907354,30.1925496766693,-5054.74544300515
692,12,2024,-0.994936,38.473758,1,33919.380352273,958.362228490751,937.143046743072,59.0144749906323,26.6882467537413,-5668.81394679949
693,9,2024,-0.607904,38.191243,1,32543.1217190812,1691.61997099646,998.831336371601,60.6636756555858,24.5918788013562,-5112.92806020386
725,5,2024,3.586447,34.641403,1,29074.1336755106,-1775.18417091913,456.876129300953,48.2409881261371,28.1962856063426,-4363.36647461207
731,4,2024,-1.380077,36.697969,1,28020.5913288001,1627.15898134262,1825.70761888082,65.3682334041715,19.493620649105,-2594.58975643966
732,3,2024,-1.38074,36.393603,1,30052.9309136545,-185.511509294577,1203.85878706863,61.594398877594,23.1371266418902,-4608.05838459608
742,4,2024,-1.356374,36.270554,1,31749.3165820472,-530.841640130468,1182.90051521338,57.7875460913526,23.550443823698,-5414.0046959883
745,5,2024,-1.885397,36.144131,1,33620.0467821431,-659.906278223919,844.939383154638,52.4237679284537,27.3230666628891,-5770.0571978182
746,6,2024,-1.149933,36.51101,1,31717.8948702735,-644.755950913765,1401.15929094667,71.1353066113284,19.4265538152728,-5721.7861643195
747,9,2024,-1.356374,36.270554,1,31752.1347265794,-533.860065108507,1182.90051521338,57.7875460913526,23.550443823698,-5415.83894392323
771,8,2024,-1.483391,36.100246,1,29082.3992740389,308.328696721094,1248.8148231872,59.7308885219198,21.975029940857,-4014.38117980446
772,8,2024,-1.483391,36.100246,1,29089.8029888558,305.718492250945,1248.5190317533,59.7308885219198,21.975029940857,-4018.23911718497
802,1,2024,-1.742422,36.094382,1,31225.2952906157,-438.559293094476,1275.35434783995,56.0696457288372,25.0306991174139,-4215.91003672139
803,8,2024,-1.507843,36.306459,1,29130.166237652,-367.042396751403,1063.81317899708,54.7355834838024,24.5123185301956,-4099.90417795197
818,8,2024,-1.562952,36.474485,1,30951.119397506,-36.4055289330262,1077.64086718758,60.6312055952336,23.6313037323387,-4054.13690561969
819,9,2024,-1.903692,36.287051,1,31199.3420559375,-2809.80413798774,819.531999390308,52.0505477317521,27.0836898623052,-2444.39592320471
820,10,2024,-1.951439,37.222052,1,32416.8723405229,814.712863058033,1144.90941610712,68.1859606326808,21.030363819046,-5169.64778002159
821,7,2024,-1.149933,36.51101,1,31718.4652257748,-645.221688302156,1401.1837226847,71.1383238662755,19.4258988713356,-5723.07634025883
824,7,2024,-1.903692,36.287051,1,31177.8225460038,-2811.0751696165,819.586442121392,52.0505477317521,27.0836898623052,-2440.74000717211
825,9,2024,-1.903692,36.287051,1,31150.2323102481,-2814.25045864003,819.602193316635,52.0505477317521,27.0836898623052,-2433.60335203903
835,10,2024,1.495974,35.472715,1,32130.0609686857,1043.99272971998,1119.41650517147,61.2820746075468,25.0897288963443,-5329.38539499064
836,10,2024,1.966667,35.2,1,27858.7204717336,387.841503061835,1091.8889922799,57.577310242126,21.3632515565077,-3551.02127492683
837,10,2024,1.398694,35.023495,1,32531.8544417911,-308.550671269921,1145.58311105656,60.3674840525948,21.1245244941642,-6693.46146201225
838,10,2024,1.398694,35.132379,1,33318.18412242,-722.905870085171,1313.8294082082,65.2084227259175,20.8627036853783,-6888.04006120328
839,10,2024,1.742595,35.313701,1,26840.4013168872,1279.84090733079,1168.992646053,56.198217388752,20.6335163401342,-2812.40551562076
840,10,2024,1.728687,35.58767,1,29933.0762205085,-69.9072380772151,709.698838905759,52.1768618679469,26.9073018183474,-4944.85402860426
842,10,2024,1.666667,35.466667,1,29771.9192274442,1576.94499684036,1031.09131902068,53.8858515642676,25.0404642977133,-3868.08466639244
843,10,2024,1.790621991,35.30270424,1,27888.7308458809,-64.0692077778045,1083.37998485561,55.2864044233387,23.1162065919414,-4247.17607416268
845,11,2024,3.101128,35.601344,1,36990.2241938761,-2886.81500429824,258.179000920928,46.6638416907354,30.1925496766693,-6928.61317669234
848,12,2024,2.5398,36.2221,1,38515.294950416,-3538.74436009475,217.023100617876,45.5363220566908,31.1952948134237,-6779.19581275692
849,12,2024,2.857829,36.219685,1,36355.3545981167,-2678.03012003741,197.326358055157,49.2606350400713,30.6308221215976,-5787.47247058533
856,1,2024,3.101128,35.601344,1,36984.6519813263,-2885.70386938326,258.164763070897,46.6638416907354,30.1925496766693,-6925.69753863753
857,3,2024,2.133727,35.495993,1,36800.5699391935,-1649.91592373362,424.206855492128,51.9428958994206,28.0835918058246,-7273.77917546258
864,6,2024,3.078623,35.598298,1,41133.8613524763,-3422.11981864104,246.469458631237,46.6638416907354,30.1925496766693,-8782.6735036022
865,9,2024,3.101128,35.601344,1,36988.5455185345,-2886.38307088413,258.162240909106,46.6638416907354,30.1925496766693,-6927.67336600718
866,9,2024,1.966667,35.2,1,27857.5904562214,388.18709288751,1091.89991950102,57.577310242126,21.3632515565077,-3549.96251735478
867,9,2024,1.300454,35.199375,1,30016.1687003721,1709.65668315521,1648.2155467321,74.9532103923926,18.1438678581641,-3971.63451054829
868,9,2024,1.495974,35.472715,1,32128.1956151404,1043.36542195854,1119.48339105413,61.2820746075468,25.0897288963443,-5327.57545065747
869,9,2024,2.095474,35.094627,1,29792.2706330794,361.871472773492,1006.76374299759,59.5950936725433,22.3337621261513,-4525.14912063052
870,9,2024,2.076213,35.45491,1,34184.4152869479,-1025.88771756177,495.165625098467,51.9428958994206,28.0835918058246,-6343.61557917968
871,9,2024,1.966667,35.2,1,27849.8990213155,387.665832674918,1091.89441353372,57.577310242126,21.3632515565077,-3547.10040241767
872,9,2024,1.966667,35.2,1,27850.6057728485,387.894174299476,1091.90000700363,57.577310242126,21.3632515565077,-3547.08446099186
873,9,2024,2.1,35.09,1,29492.2669988574,367.249750279526,995.224104802496,59.5950936725433,22.3337621261513,-4450.28268125219
874,9,2024,1.495974,35.472715,1,32128.067528165,1045.19711445634,1119.40745044357,61.2820746075468,25.0897288963443,-5327.47546367965
875,9,2024,1.760062,35.247811,1,28675.1343322334,-32.2702894329128,1035.38740731698,56.6378333288354,23.8483885084123,-4547.37929608884
876,9,2024,1.27,35.06,1,30355.9653566075,1649.53624873302,1492.72161667755,71.4503274867436,17.8552433882472,-3931.72711980205
877,9,2024,1.631563,35.047396,1,33438.8036919777,-772.618013264961,1114.27943575669,58.4667313355256,23.2128753842769,-7051.87462434504
878,9,2024,1.290104,35.079476,1,30440.9727419842,1498.24938938655,1492.72161667755,71.4503274867436,17.8552433882472,-4088.57551103588
884,1,2024,3.101128,35.601344,1,36986.8826014436,-2887.85104817769,258.39108571713,46.6638416907354,30.1925496766693,-6927.93953705046
886,10,2024,1.669117,35.187367,1,29472.8356012023,-973.642695544471,1172.24072772945,56.8365068379151,23.0816351232199,-6152.04961880026
887,10,2024,2.01,35.21,1,29687.8788209824,993.335936388132,1182.19927243097,57.577310242126,21.3632515565077,-4235.11411664272
888,10,2024,1.669117,35.187367,1,29480.4608412405,-975.665147308987,1172.24072772945,56.8365068379151,23.0816351232199,-6156.14191500364
889,10,2024,1.966667,35.2,1,27834.5335722701,388.041654059352,1091.92327022509,57.577310242126,21.3632515565077,-3539.20057080183
890,10,2024,1.966667,35.2,1,27842.8768971956,387.820460510614,1091.90715768418,57.577310242126,21.3632515565077,-3543.51321610272
891,10,2024,2.273011,35.003197,1,31216.566289779,-681.455094048309,1027.60352066637,59.3071387930053,21.405559481428,-6541.69252737973
892,10,2024,1.555755,35.049829,1,32787.0094186644,-570.051284342829,1167.71502472828,58.3148986863691,23.1576970789013,-6856.87387070433
894,7,2024,1.60508,34.983731,1,32743.3471402366,-366.706378181621,1324.95473708678,58.4667313355256,23.2128753842769,-6906.32456938835
895,10,2024,1.554851,34.948367,1,32762.407649434,-55.6709260214439,1401.62760825148,55.5951548197962,23.6264848966055,-6774.58673154759
896,10,2024,1.648451,35.609547,1,31921.4403659072,-66.7331446947318,838.009246434787,53.4893887029845,27.1577226658657,-5944.16021556842
905,12,2024,3.302102,38.377394,1,37408.0465033027,-1558.34219818498,564.143280383665,50.688858224295,27.399993831169,-7953.42898136702
906,10,2024,3.561599,38.644335,1,31590.640991594,994.816873317624,891.040387456863,55.692613740816,25.2785021259278,-5468.15557455292
907,11,2024,3.096662827,37.34659908,1,33288.3044197074,-3172.05014461174,250.463533678788,43.9745751483859,30.158512515709,-3193.91643272789
908,11,2024,2.34474,38.052812,1,29939.9141843644,816.823401361498,810.175097098721,54.6284252419257,25.0807562012313,-3870.68080319378
910,10,2024,2.201581,38.126834,1,30625.1690580329,983.597399144466,643.280485579339,53.5377162928589,27.0659563144483,-3735.17686338041
916,1,2024,2.333724,37.994872,1,29429.5649525076,85.3974197276879,1046.7055293029,54.6811731028848,24.2768273317097,-3552.97346209857
917,12,2024,2.201581,38.126834,1,30625.1818084175,983.566945099117,643.26163129389,53.5377162928589,27.0659563144483,-3735.15012519487
918,11,2024,2.201581,38.126834,1,30625.2606710133,983.287717772496,643.218648798973,53.5377162928589,27.0659563144483,-3734.38881733436
960,4,2024,2.065769,39.011855,1,34028.4273448211,-1021.0705087293,170.904932847247,51.8556758140417,28.6405575069574,-5750.3673426639
1097,12,2024,2.201581,38.126834,1,30625.3106479047,983.065847265707,643.226519401829,53.5377162928589,27.0659563144483,-3733.61655373214
1098,11,2024,2.333724,37.994872,1,29427.4371741754,79.0011441279695,1047.29418733807,54.6811731028848,24.2768273317097,-3555.19020449958
1099,12,2024,3.096662827,37.34659908,1,33289.6992711818,-3172.16000325324,250.458242318594,43.9745751483859,30.158512515709,-3194.2623876001
1100,11,2024,2.255386,38.037754,1,30434.1790539533,1902.86214772195,985.955762742786,54.6811731028848,24.2768273317097,-3434.88756577797
1101,10,2024,2.255386,38.037754,1,30436.8714607752,1895.70197835973,985.955762742786,54.6811731028848,24.2768273317097,-3437.44164153823
1111,11,2024,3.096662827,37.34659908,1,33272.8176573356,-3171.28829035398,250.642526260654,43.9745751483859,30.158512515709,-3189.63033354489
1112,12,2024,3.096662827,37.34659908,1,33285.1387191078,-3171.99023054086,250.525522558161,43.9745751483859,30.1585125157091,-3192.94560694854
1123,11,2024,2.285769,38.083676,1,29705.6364746371,674.121397139458,720.183073194523,54.5786398522691,25.839534117485,-3965.89422270649
1131,7,2024,2.499818,37.569655,1,34329.8974697378,-2824.17778721677,223.374281097195,48.1113764373677,29.3277397683844,-4088.89973748396
1132,9,2024,3.302102,38.377394,1,37403.3764543517,-1556.03795732779,564.143280383665,50.688858224295,27.399993831169,-7950.5307902247
1133,11,2024,3.321065,37.072678,1,39423.9650949956,-2977.55970505895,245.942615170497,41.2714371907172,31.0285042976421,-5479.40526212442
1172,7,2024,3.589983,38.628205,1,30743.0922400976,931.132592497092,913.684090048075,55.331652045886,25.4237372851763,-5557.32924995645
1174,9,2024,3.526509,39.08417,1,35716.1082256184,427.005761049669,662.878111802042,56.8412003836657,24.8126377362806,-7075.54720182042
1175,11,2024,3.51327,38.400961,1,29036.1766456917,-599.204207953623,696.538825634485,52.131037670646,26.781919153488,-4526.41847773389
1176,10,2024,3.593285,38.589507,1,32276.0429072537,558.365899708703,881.576245591165,55.331652045886,25.4237372851763,-6170.39288951731
1178,1,2024,3.083289,39.267433,1,32261.4651599919,-13.0494794914375,497.455895203166,52.5202399948625,26.8834965509578,-5393.33550853567
1179,1,2024,3.364300835,39.06241003,1,30540.0631386989,981.394578668654,630.402704611421,55.5133679413097,26.0965992981402,-5033.18679353757
1180,4,2024,3.364300835,39.06241003,1,30539.5169130024,980.647898449709,630.402704611421,55.5133679413097,26.0965992981402,-5033.59760413988
1181,6,2024,3.083289,39.267433,1,32261.7964300965,-11.3512777381547,497.455895203166,52.5202399948625,26.8834965509578,-5393.72772431263
1182,3,2024,3.364300835,39.06241003,1,30542.0167655047,978.655023707817,630.402704611421,55.5133679413097,26.0965992981402,-5033.78020308222
1183,4,2024,3.083289,39.267433,1,32263.7503843453,-14.4930113552244,497.455895203166,52.5202399948625,26.8834965509578,-5394.82873633652
1184,3,2024,3.083289,39.267433,1,32260.5018475451,-10.5847228059768,497.455895203166,52.5202399948625,26.8834965509578,-5392.87963552178
1198,11,2024,3.367141,39.422182,1,34424.5923147803,572.535256034793,479.2809445858,56.1808506416128,25.9200671711906,-5813.63778245851
1199,12,2024,2.996756,39.316857,1,36772.7112732411,-111.473113462279,516.128448373336,52.21444344898,27.3272861737806,-6773.36942520285
1204,7,2024,2.950016,39.490078,1,32903.5029969454,-271.797535013403,411.903650137782,52.847485321552,27.3159655393765,-5965.08017727488
1205,4,2024,3.369522,39.425231,1,33653.176404489,596.421460634219,479.2809445858,56.1808506416128,25.9200671711906,-5493.02577602011
1232,12,2024,2.438686,40.647591,1,35012.6286912263,-195.903798292884,328.961871422463,55.3978106567141,28.1033835580075,-7438.8791272657
1233,12,2024,2.531993,40.718079,1,33904.2572961662,-138.172543479867,363.632901807216,55.2230005203418,28.1497848218908,-7456.46384069612
1234,12,2024,2.441251,40.647029,1,35655.1831081704,-302.154127999788,329.991088794393,55.4027047955275,28.0905216268595,-7650.39911214124
1235,12,2024,2.439415,40.666091,1,36009.2893689876,-477.246539959403,318.224885366184,55.3467540950684,28.2375616035392,-8136.79519214077
1236,7,2024,2.442898,40.647455,1,36213.3866264325,-422.709811133502,329.267347774705,55.3992632591603,28.0995660789044,-7875.62983558304
1237,4,2024,2.439415,40.666091,1,36017.2336522769,-479.864267356375,318.224885366184,55.3467540950684,28.2375616035392,-8143.67466084399
1238,3,2024,2.439415,40.666091,1,36012.205828244,-478.112832375891,318.224885366184,55.3467540950684,28.2375616035392,-8139.13437144779
1239,3,2024,2.531993,40.718079,1,33896.4539438453,-139.797413147656,363.632901807216,55.2230005203418,28.1497848218908,-7453.04414711049
1514,12,2024,-0.452824,39.646405,1,34025.4318129022,-1099.75682300235,400.58018822176,58.6417207209595,28.6763001997692,-4348.22334524129
1521,4,2024,-0.458287,39.64418,1,33575.9152981303,-774.338989721095,400.624454040561,58.6653520746019,28.6721434782546,-4190.17686998253
1525,1,2024,-1.380659,38.018206,1,32052.544094369,1267.29073206661,1462.97339081437,66.5869539260183,22.8164928457125,-4315.13644918346
1629,2,2024,1.061163,38.666146,1,33385.7409742925,125.338561999159,300.436843371569,50.8686046946826,29.2255442370917,-4223.42293041799
1631,1,2024,0.369456,37.599546,1,31067.2549620082,-20.5825518510173,899.318953563468,58.5810960262589,23.5572321782347,-4394.60559820851
1632,1,2024,1.249148,38.823889,1,35082.7420832398,-683.66363405057,266.432802641081,50.3258785335817,29.4472790805688,-5460.78815159341
1639,3,2024,1.025645,36.043495,1,29730.7607971,-542.647843815507,670.679419256747,54.3566229170481,27.1017144666995,-3890.28841949671
1640,6,2024,1.229458,35.971317,1,28724.5576230155,14.7622862774712,944.570007705595,53.1671504239277,25.1784422174395,-4513.28557779157
1642,6,2024,1.026105,36.227414,1,28604.4961326011,-885.92250701544,636.934183567762,55.2374174678892,25.5295395606203,-3342.27876162081
1643,6,2024,1.042762,36.319125,1,27539.3083437027,-1376.05553052725,758.025625329465,55.7134630993738,25.1942980170467,-3204.97500980009
1645,6,2024,1.059592,35.981461,1,28491.9696561143,-1184.40239221437,802.978353421204,53.6956380189105,26.0584337592342,-4697.75543141479
1646,6,2024,0.966155,36.016247,1,28817.1818390266,-1393.04241763046,741.155954122543,54.3566229170481,27.1017144666995,-3921.16668172738
1854,11,2024,1.495974,35.472715,1,32130.6057467007,1043.58356693788,1119.42238489412,61.2820746075468,25.0897288963443,-5329.9068580886
1872,12,2024,1.312804,35.762769,1,28879.9479273868,-305.130624940973,979.311645962496,56.74883618545,25.3593228491278,-4047.2899304827
1892,5,2024,1.249148,38.823889,1,35114.7038304629,-694.420971774513,264.884462532407,50.3244448032521,29.4473444347998,-5474.45418868287
1913,10,2024,1.4121,35.032,1,34983.04483229,-921.389746274607,1125.68879870383,60.3674840525949,21.1245244941642,-7709.40194223885
1914,10,2024,1.966667,35.2,1,27864.5858602135,388.00649416318,1091.88683240687,57.577310242126,21.3632515565077,-3553.54637103761
1915,10,2024,1.495974,35.472715,1,32125.4662752586,1047.07743916449,1119.38229154173,61.2820746075468,25.0897288963443,-5324.98856518233
1916,6,2024,1.536662,35.631419,1,29710.0700811623,828.080203817091,946.059452204092,58.280543015801,26.2888040080531,-4512.67199461889
1917,6,2024,1.734344,35.324677,1,27785.2906003527,1664.7212201162,1168.992646053,56.198217388752,20.6335163401342,-2759.54366127531
1918,6,2024,1.586722,35.308212,1,29237.3346374804,638.160452697545,1254.51059000426,58.5638122831366,20.4375588019255,-4842.33998024391
1919,6,2024,1.554851,34.948367,1,32772.4691723119,-59.0702610020158,1401.67072296899,55.5909535591184,23.6253552898106,-6781.33777581984
1920,10,2024,1.790621991,35.30270424,1,27903.7468727942,-66.9819481021526,1082.66938004249,55.2864044233387,23.1162065919414,-4257.02006119313
1921,10,2024,1.666667,35.466667,1,29773.605197754,1580.56661749462,1031.09131902068,53.8858515642675,25.0404642977133,-3867.04398318893
1924,10,2024,1.728687,35.58767,1,29936.2026579061,-69.1152223818617,709.698838905759,52.1768618679469,26.9073018183474,-4945.55524901333
1925,3,2024,1.511485,35.280762,1,30629.656915494,194.810066167923,1247.27062573002,62.896599778223,22.0853903973689,-5723.4813549109
1927,8,2024,1.589614,34.985221,1,33832.7587708544,-531.463018460998,1380.11109427516,58.4667313355256,23.2128753842769,-7349.2521440548
1930,8,2024,1.420601,35.016787,1,34005.3735854964,-832.034624139346,1125.68879870383,60.3674840525949,21.1245244941642,-7565.06877053241
1931,8,2024,1.335826,35.088363,1,28912.3900490385,1119.01169128427,1388.39984164435,71.4503274867435,17.8552433882472,-3868.61974208533
1932,8,2024,1.567516,35.26978,1,30619.2138231963,583.46615929124,1251.75679200695,58.5638122831366,20.4375588019255,-5411.05979028591
1933,6,2024,1.507382,35.5001,1,31888.9620627811,1292.68559794759,1113.32316944065,61.2820746075468,25.0897288963443,-4730.3749881614
1935,6,2024,1.687555897,35.0975127,1,28390.1353726617,118.065207109832,1137.36637983961,59.5513456959974,24.0801109119408,-4464.30189006055
1937,8,2024,2.01,35.21,1,29683.260148648,993.168166034139,1182.19927243097,57.577310242126,21.3632515565077,-4233.57592943589
1938,8,2024,1.554851,34.948367,1,32769.7951468843,-58.1033590608489,1401.65639560915,55.5923496710958,23.6257306670359,-6779.49099486336
1940,10,2024,1.742595,35.313701,1,26841.8805813356,1280.60612128019,1168.992646053,56.198217388752,20.6335163401342,-2812.93544605241
1941,10,2024,1.398694,35.132379,1,33315.597881721,-721.965679503954,1313.77856135294,65.2084227259175,20.8627036853783,-6886.57607723961
1942,12,2024,1.603738,35.45628,1,30360.7314806631,582.712946966997,1024.14118153672,56.5057018085571,25.467481815359,-4950.73201144643
1962,12,2024,1.648451,35.609547,1,31905.1901880512,-65.7547975058212,838.810153665972,53.5004507458409,27.1598332254927,-5939.70705379745
1968,12,2024,1.728687,35.58767,1,29934.5423670388,-69.6660672865132,709.698838905759,52.1768618679469,26.9073018183474,-4945.26263788232
1969,12,2024,1.535821,35.675145,1,28038.2759168638,1030.46806894784,931.556453476114,55.357259451369,26.1101815659709,-3613.87823037704
1994,11,2024,1.603738,35.45628,1,30356.313383712,583.170436353666,1024.14118153672,56.5057018085571,25.467481815359,-4946.3248260946
1995,11,2024,1.603738,35.456279,1,30353.589809416,581.929905440311,1024.14118153672,56.5057018085572,25.467481815359,-4946.73655200769
1996,11,2024,1.728687,35.58767,1,29933.8640216646,-71.7714189152247,709.698838905759,52.1768618679469,26.9073018183474,-4946.28564071039
1998,12,2024,1.603738,35.456279,1,30351.9569890355,581.321272780448,1024.14118153672,56.5057018085572,25.467481815359,-4946.70699989367
2000,12,2024,1.959424,35.324677,1,28868.2879622635,1260.27932346485,865.995163522079,54.7589155423461,23.954585942892,-3438.34561804774
2003,7,2024,1.536662,35.631419,1,29711.5216755376,827.145906968186,946.059452204092,58.280543015801,26.2888040080531,-4514.59231599618
2004,1,2024,2.009217,35.204115,1,29718.3823467974,1093.61862368669,1182.19927243097,57.577310242126,21.3632515565077,-4162.69622148034
2005,1,2024,1.760062,35.247811,1,28677.8860051895,-37.3897692428121,1035.25346911666,56.6476048289003,23.8536825461639,-4549.90186407579
2006,1,2024,1.648451,35.609547,1,31907.1546307596,-63.9461988398693,838.426193793946,53.4951475341902,27.1588214101753,-5937.9620327834
2009,1,2024,1.237617,35.121302,1,29482.9383586514,1827.53186562914,1715.59995169868,74.6199842500211,16.7869971895479,-2864.85114244998
2010,1,2024,1.666667,35.466667,1,29773.8664813285,1581.12025689089,1031.09131902068,53.8858515642676,25.0404642977133,-3866.89930741105
2011,1,2024,1.966667,35.2,1,27855.1901703693,388.187440818795,1091.90271928618,57.577310242126,21.3632515565077,-3548.82405603814
2012,1,2024,1.536662,35.631419,1,29712.3144319258,826.9718390112,946.059452204092,58.280543015801,26.2888040080531,-4514.12704219054
2013,6,2024,1.290104,35.079476,1,30445.4006100492,1496.09210848058,1492.72161667755,71.4503274867435,17.8552433882472,-4089.59974739341
2014,6,2024,1.738554,35.619629,1,31518.6835425854,-246.116200546328,645.063748992121,52.1768618679469,26.9073018183474,-5625.97679700446
2015,6,2024,1.966667,35.2,1,27859.1121872973,388.038233688889,1091.89404849124,57.577310242126,21.3632515565077,-3550.90589489845
2016,6,2024,1.309221,35.207071,1,30114.6191070285,1565.83570173884,1353.20500579857,74.9532103923926,18.1438678581641,-4250.25332789934
2018,6,2024,1.734344,35.324677,1,27789.4909820794,1666.70609836847,1168.992646053,56.198217388752,20.6335163401342,-2760.90707849772
2019,6,2024,1.495974,35.472715,1,32131.1668125248,1043.6172753606,1119.40903235652,61.2820746075468,25.0897288963443,-5330.44742238689
2020,6,2024,2.095474,35.094627,1,29793.8841288425,361.001441304929,1006.77115946359,59.5950936725433,22.3337621261513,-4526.60198011499
2021,6,2024,1.256796,35.066346,1,30031.18403478,2014.90190051446,1492.72161667755,71.4503274867435,17.8552433882472,-3624.5532457944
2022,6,2024,1.51721,34.97271,1,34430.1571633053,-417.916182228082,1393.25862754966,57.1237549204364,22.9188780418077,-7565.44931591451
2024,2,2024,1.728687,35.58767,1,29935.6311136293,-71.4369359969175,709.698838905759,52.1768618679469,26.9073018183474,-4946.75340944152
2026,1,2024,1.489864,35.010159,1,34631.1770539919,-849.807083909854,1109.51617380583,57.1237549204365,22.9188780418077,-7485.62060624529
2029,8,2024,1.261311,35.286253,1,30168.8011328677,2517.03765404004,1517.27891993514,76.2543037060157,17.6385203335455,-3882.3850914518
2030,8,2024,1.925091,35.412435,1,31054.3345639609,-729.937552616695,657.132484809845,53.0727834995935,26.7949646677042,-5511.1484438162
2031,8,2024,1.966667,35.2,1,27839.8561180154,387.827946932429,1091.910997641,57.577310242126,21.3632515565077,-3542.0594363445
2032,8,2024,1.4121,35.032,1,34989.0975684243,-921.649821283749,1125.68879870383,60.3674840525949,21.1245244941642,-7710.47596939898
2033,8,2024,1.420601,35.016787,1,34006.1015170593,-832.700818697397,1125.68879870383,60.3674840525949,21.1245244941642,-7565.8237430602
2034,8,2024,1.554851,34.948367,1,32770.3362098443,-58.8274593544894,1401.68356504025,55.5897021792621,23.6250188271874,-6780.3093977727
2040,6,2024,1.728687,35.58767,1,29932.9838234852,-70.5148415042652,709.698838905759,52.1768618679469,26.9073018183474,-4945.18793874986
2041,7,2024,1.648451,35.609547,1,31900.2615131221,-64.365092583164,838.88096502253,53.5014287845331,27.1600198283656,-5936.9668291795
2043,7,2024,1.58823,35.43436,1,29312.8430611066,1614.64740876238,1305.25384700891,58.0997654839822,21.3348242935153,-3781.39049252682
2044,7,2024,1.495974,35.472715,1,32125.9899250627,1045.4454087001,1119.4412748351,61.2820746075468,25.0897288963443,-5325.47173133823
2045,7,2024,1.666667,35.466667,1,29775.1122216611,1584.23348706344,1031.09131902068,53.8858515642676,25.0404642977133,-3865.20501850981
2046,7,2024,1.734344,35.324677,1,27791.8967013503,1667.72111958441,1168.992646053,56.198217388752,20.6335163401342,-2759.16643801567
2047,7,2024,1.648451,35.609547,1,31914.1370105285,-66.0696187199328,838.335891208817,53.4939002847862,27.1585834438005,-5941.89363518453
2049,7,2024,1.797533,35.368568,1,28631.5622133554,303.795697953754,1070.43962360572,53.7303413284415,24.2659408388677,-4157.62309241242
2050,12,2024,1.648451,35.609547,1,31910.3152756298,-64.6871299763098,838.351901674564,53.4941214195836,27.1586256347576,-5939.48006915821
2051,7,2024,1.495974,35.472715,1,32133.1439897273,1041.99671416072,1119.43606926582,61.2820746075468,25.0897288963443,-5332.34035554493
2053,7,2024,1.495974,35.472715,1,32127.6674509487,1044.08959340603,1119.46358006784,61.2820746075468,25.0897288963443,-5327.07485733488
2055,7,2024,1.797533,35.368568,1,28632.1156152724,300.380238852534,1070.58701609127,53.7303413284415,24.2659408388677,-4160.08399798027
2055,4,2024,1.648451,35.609547,1,31913.1787329073,-65.4055228620012,838.29212407939,53.4932957779937,27.1584681081751,-5940.91176114766
2056,5,2024,1.648451,35.609547,1,31910.1965981428,-64.6678140550973,838.35596548455,53.4941775484815,27.1586363437548,-5939.43315493844
2248,6,2024,1.507382,35.5001,1,31891.4226798155,1295.3784324384,1113.7039081318,61.2820746075468,25.0897288963443,-4730.02755300588
2249,12,2024,2.484485,35.148879,1,28972.2243839909,935.813829124831,757.28168884579,52.1502165298016,26.4615942619924,-3675.23777857542
2250,5,2024,1.495974,35.472715,1,32132.0726786745,1042.00953434128,1119.4583287585,61.2820746075468,25.0897288963443,-5331.30785218605
2251,6,2024,1.772266,35.423399,1,28809.2201883849,1198.48977908169,1150.46922616017,53.7303413284415,24.2659408388677,-3544.86299858586
2252,12,2024,1.495974,35.472715,1,32127.3042723581,1044.01024847527,1119.4748315754,61.2820746075468,25.0897288963443,-5326.72188961757
2253,7,2024,1.533855,35.448918,1,31131.8281693067,707.526457572308,1197.24132261197,62.0554074550584,24.2572057998698,-4670.7597581069
2254,6,2024,1.648451,35.609547,1,31913.6131447676,-65.6230775646899,838.299443852845,53.4933968779021,27.1584873973234,-5941.25784111269
2255,7,2024,1.507382,35.5001,1,31890.2433921655,1293.78976170206,1113.37933789305,61.2820746075468,25.0897288963443,-4731.21851312077
2256,6,2024,1.648451,35.609547,1,31902.1257852981,-64.3308092223913,838.779027815537,53.5000208390077,27.1597512023061,-5937.40122387404
2257,6,2024,1.495965,35.472716,1,32129.9243054424,1043.0239137465,1119.46088084467,61.2820746075468,25.0897288963443,-5329.24365250318
2258,6,2024,1.536662,35.631419,1,29708.7910085835,828.164267877698,946.059452204092,58.280543015801,26.2888040080531,-4514.29957359446
2259,6,2024,1.514709,35.53295,1,28322.9272919664,591.889341233617,1075.54236577069,61.2820746075468,25.0897288963443,-3608.6429964067
2260,5,2024,1.648451,35.609547,1,31905.626703124,-64.3492620303838,838.576598636782,53.4972249093874,27.1592177586869,-5938.13139044438
2261,5,2024,1.536662,35.631419,1,29704.7902810257,830.155761405998,946.059452204092,58.280543015801,26.2888040080531,-4511.65389475955
2262,6,2024,1.797533,35.368568,1,28626.1212970291,304.433633454905,1071.32323425877,53.7303413284415,24.2659408388677,-4155.50236416203
2263,5,2024,1.603738,35.456279,1,30358.8374733536,582.751659307878,1024.14118153672,56.5057018085571,25.467481815359,-4949.16701158916
2264,6,2024,1.536662,35.631419,1,29710.705771282,827.588680731481,946.059452204092,58.280543015801,26.2888040080531,-4513.88447422133
2265,5,2024,1.536662,35.631419,1,29708.0732302424,828.634049168205,946.059452204092,58.280543015801,26.2888040080531,-4513.32314823484
2266,6,2024,1.495974,35.472715,1,32127.1063446522,1044.53244921591,1119.45658770078,61.2820746075468,25.0897288963443,-5326.53831014929
2267,6,2024,1.495974,35.472715,1,32129.5066932963,1043.21616742708,1119.46159070151,61.2820746075468,25.0897288963443,-5328.84230265864
2268,6,2024,1.728687,35.58767,1,29935.3618267648,-70.9228481781211,709.698838905759,52.1768618679469,26.9073018183474,-4946.3380571867
2269,6,2024,1.797533,35.368568,1,28624.4490797767,306.270782002671,1071.4826305332,53.7303413284415,24.2659408388677,-4153.75581288513
2270,6,2024,1.734344,35.324677,1,27791.9052591627,1667.79392252623,1168.992646053,56.198217388752,20.6335163401342,-2760.58038093398
2271,6,2024,1.58823,35.43436,1,29310.9479294654,1616.4440803176,1305.25384700891,58.0997654839822,21.3348242935153,-3780.05436685544
2272,6,2024,1.495974,35.472715,1,32131.46791034,1043.32422166932,1119.41512787558,61.2820746075468,25.0897288963443,-5330.73524600332
2273,6,2024,1.797533,35.368568,1,28634.3936765086,301.226655409448,1070.14035727081,53.7303413284415,24.2659408388677,-4160.2283891702
2274,6,2024,1.648451,35.609547,1,31904.3775356001,-65.3656199087199,838.800247016657,53.5003139162868,27.1598071193804,-5939.0819568164
2275,6,2024,1.966667,35.2,1,27834.9080521705,388.022862733409,1091.92230924154,57.577310242126,21.3632515565077,-3539.40679859744
2276,6,2024,1.648451,35.609547,1,31915.7840766558,-66.4802684733785,838.301346705344,53.4934231598921,27.1584924117414,-5942.71433986086
2277,6,2024,1.536662,35.631419,1,29707.9155469208,828.749611435173,946.059452204092,58.280543015801,26.2888040080531,-4513.05327106785
2278,6,2024,1.536662,35.631419,1,29707.5250421914,829.182594969768,946.059452204092,58.280543015801,26.2888040080531,-4511.72503002168
2279,6,2024,1.495974,35.472715,1,32131.1099972035,1041.3414116614,1119.50760888033,61.2820746075468,25.0897288963443,-5330.36984283049
2281,12,2024,1.495974,35.472715,1,32133.1279240177,1039.65916655731,1119.53631012546,61.2820746075468,25.0897288963443,-5332.30324119797
2282,12,2024,1.603738,35.45628,1,30361.0453294721,582.770101988729,1024.14118153672,56.5057018085571,25.467481815359,-4950.8609200142
2283,12,2024,1.495974,35.472715,1,32132.4427922867,1042.38818680934,1119.43429679151,61.2820746075468,25.0897288963443,-5331.66760117247
2284,12,2024,1.495974,35.472715,1,32131.4195154874,1041.23955345697,1119.50531175814,61.2820746075468,25.0897288963443,-5330.66826542423
2285,12,2024,1.797533,35.368568,1,28629.8426313289,301.160110519435,1070.91727910481,53.7303413284415,24.2659408388677,-4158.85097275663
2286,12,2024,1.966667,35.2,1,27831.5333875238,387.949119331971,1091.9244019757,57.577310242126,21.3632515565077,-3537.89949148558
2289,7,2024,1.507382,35.5001,1,31887.6728888067,1291.44153923285,1113.20283939134,61.2820746075468,25.0897288963443,-4729.98381281117
2289,11,2024,1.797533,35.368568,1,28624.8583741138,306.075300692255,1071.4260815764,53.7303413284415,24.2659408388677,-4154.01354131406
2290,7,2024,1.495974,35.472715,1,32130.5204309481,1041.03950229004,1119.53335513358,61.2820746075468,25.0897288963443,-5329.793848283
2291,7,2024,1.507382,35.5001,1,31890.3145291418,1294.5220390186,1113.70428623201,61.2820746075468,25.0897288963443,-4728.95957591424
2292,7,2024,1.495974,35.472715,1,32128.6485095948,1045.42888381985,1119.38518949297,61.2820746075468,25.0897288963443,-5328.03739364746
2293,7,2024,1.601116,35.58767,1,30937.9774254199,503.389585501048,927.525815078956,53.5014287845331,27.1600198283656,-5114.65020277419
2294,7,2024,1.58823,35.43436,1,29312.3274460769,1614.87166518789,1305.25384700891,58.0997654839822,21.3348242935153,-3781.00871781206
2295,7,2024,1.648451,35.609547,1,31901.4364136136,-63.8370809843949,838.746229080535,53.4995678264762,27.1596647707155,-5936.67708219248
2296,7,2024,1.728687,35.58767,1,29934.2764186841,-69.2944269815557,709.698838905759,52.1768618679469,26.9073018183474,-4944.93601033381
2297,7,2024,1.728687,35.58767,1,29933.6079242731,-68.8099141106004,709.698838905759,52.1768618679469,26.9073018183474,-4944.38880723074
2298,7,2024,1.666667,35.466667,1,29772.5019820404,1578.2517364374,1031.09131902068,53.8858515642676,25.0404642977133,-3867.61295203323
2299,7,2024,1.603738,35.456279,1,30360.4980202401,582.215244021954,1024.14118153672,56.5057018085571,25.467481815359,-4951.56930067164
2300,7,2024,1.495974,35.472715,1,32132.6718622885,1043.04908460503,1119.4013442896,61.2820746075468,25.0897288963443,-5331.89166947078
2301,12,2024,1.728687,35.58767,1,29936.5149547677,-69.2175764805918,709.698838905759,52.1768618679469,26.9073018183474,-4945.73567628727
2302,7,2024,1.728687,35.58767,1,29936.5951720824,-71.0464259913082,709.698838905759,52.1768618679468,26.9073018183474,-4946.88125595582
2303,12,2024,1.728687,35.58767,1,29934.1493755722,-69.6387171768571,709.698838905759,52.1768618679469,26.9073018183474,-4945.09725375946
2304,7,2024,1.495974,35.472715,1,32127.9342806118,1044.0022069301,1119.46159799859,61.2820746075468,25.0897288963443,-5327.33185023076
2305,12,2024,1.536662,35.631419,1,29710.8736466644,827.572553014333,946.059452204092,58.280543015801,26.2888040080531,-4513.69266221386
2306,12,2024,1.734344,35.324677,1,27791.5082131787,1667.66288521782,1168.992646053,56.198217388752,20.6335163401342,-2761.61349624161
2307,12,2024,1.495974,35.472715,1,32127.5462758153,1045.04875861697,1119.42494201018,61.2820746075468,25.0897288963443,-5326.97074803721
2308,12,2024,1.648451,35.609547,1,31920.7558356988,-66.0337992979892,837.942801190505,53.4884709685562,27.1575475686203,-5943.19046912614
2309,12,2024,2.484485,35.148879,1,28972.7526566745,936.961805935216,757.350997156243,52.151504382892,26.4607838162941,-3674.67358634516
2310,12,2024,1.495974,35.472715,1,32126.3090016199,1045.68242558305,1119.42421471883,61.2820746075468,25.0897288963443,-5325.7838027434
2311,12,2024,1.535821,35.675145,1,28038.8605370107,1030.736891146,931.556453476114,55.357259451369,26.1101815659709,-3614.09885599733
2312,12,2024,1.495974,35.472715,1,32133.6450322347,1041.09078479012,1119.46398552747,61.2820746075468,25.0897288963443,-5332.81716748718
2313,12,2024,1.648451,35.609547,1,31901.9471949888,-64.3532777489025,838.792799708546,53.5002110548838,27.1597874941514,-5937.39167087714
2314,12,2024,1.648451,35.609547,1,31902.4015927454,-64.449492127807,838.780446692138,53.5000404363757,27.1597549413454,-5937.59755425783
2315,12,2024,1.648451,35.609547,1,31916.6730882606,-66.3299919881394,838.226903940149,53.492394964582,27.1582962393401,-5942.7161823765
2316,12,2024,1.495974,35.472715,1,32131.6224451297,1043.66304806019,1119.39743796866,61.2820746075468,25.0897288963443,-5330.88598144531
2317,12,2024,1.535821,35.675145,1,28039.0878977968,1030.8436510202,931.556453476114,55.357259451369,26.1101815659709,-3614.17847283101
2318,12,2024,1.648451,35.609547,1,31905.9127004819,-65.741553167833,838.766239856516,53.4998442131199,27.1597175033345,-5939.83797135964
2320,11,2024,1.059592,35.981461,1,28493.0025340579,-1186.39680009436,802.978353421204,53.6956380189105,26.0584337592342,-4698.67249740661
2322,11,2024,1.042762,36.319125,1,27541.72182627,-1375.27616447794,758.025625329465,55.7134630993738,25.1942980170467,-3205.3231481805
2323,11,2024,1.072425,36.133141,1,27501.7260515811,-678.472552611752,595.305309824646,54.1512258861954,26.7065206128174,-3723.9105364848
2328,12,2024,1.925091,35.412435,1,31057.3989094862,-730.251971193035,657.132484809845,53.0727834995935,26.7949646677042,-5511.41343670727
2354,8,2024,1.554851,34.948367,1,32761.1968277708,-54.6830109721005,1401.59574825094,55.5982593784058,23.6273196295034,-6773.28558624496
2357,12,2024,1.99,35.03,1,28945.2894935285,-770.214318639293,959.015037789548,63.2200175103751,24.0419155780952,-4732.3233874972
2359,12,2024,1.481232,35.192863,1,32707.4814678195,-213.493652053492,1209.54643319306,61.9766706317111,22.29771091621,-6648.19341423301
2367,12,2024,1.507382,35.5001,1,31892.4588313688,1296.16933616724,1113.69883301766,61.2820746075468,25.0897288963443,-4731.05998275304
2369,11,2024,1.966667,35.2,1,27856.7234091658,387.674730912771,1091.88658830427,57.577310242126,21.3632515565077,-3550.3343076233
2377,12,2024,1.797533,35.368568,1,28630.0653701949,302.339956641438,1070.79746642664,53.7303413284415,24.2659408388677,-4158.13182395843
2417,10,2024,0.935698,36.022809,1,28786.4671228893,-448.87062791048,781.80429276824,57.1075388291171,26.565100488159,-3657.23494629272
2425,10,2024,1.666667,35.466667,1,29772.6407320955,1578.08662810191,1031.09131902068,53.8858515642676,25.0404642977133,-3868.47960804263
2426,10,2024,1.739282,35.467237,1,29683.3368916016,434.018321419561,984.94612760139,53.8858515642675,25.0404642977133,-4575.27917998919
2427,10,2024,1.797533,35.368568,1,28633.0319926704,304.98568258467,1070.10196162634,53.7303413284415,24.2659408388677,-4157.28005097688
2434,6,2024,2.160457,35.06084,1,26920.6541177103,729.443248807038,940.791211553151,57.768471190773,22.8496434960426,-3269.05039575687
2435,2,2024,1.210252,35.74825,1,29270.0739787107,-401.314880156294,997.359727103263,61.6482286084636,25.1401746197477,-4305.76292105583
2438,4,2024,1.966667,35.2,1,27849.2790348494,387.592014182267,1091.89304590034,57.577310242126,21.3632515565077,-3546.9211929069
2439,4,2024,1.495974,35.472715,1,32126.972622796,1046.14024561552,1119.39038317803,61.2820746075468,25.0897288963443,-5326.4300183458
2440,5,2024,1.495974,35.472715,1,32132.4568947651,1042.37729279421,1119.43446112956,61.2820746075468,25.0897288963443,-5331.68111048425
2441,5,2024,1.797533,35.368568,1,28626.4628636588,305.014994339616,1071.22505946492,53.7303413284415,24.2659408388677,-4155.22067884213
2442,4,2024,1.728687,35.58767,1,29935.9528034801,-69.2241470773769,709.698838905759,52.1768618679469,26.9073018183474,-4945.52717210343
2443,5,2024,1.495974,35.472715,1,32130.2071337345,1042.10570226393,1119.49422518579,61.2820746075468,25.0897288963443,-5329.50567563191
2444,5,2024,1.533855,35.448918,1,31136.4735949326,705.48560241776,1197.2844366807,62.055936153297,24.2566366355105,-4673.86157667536
2445,5,2024,1.495974,35.472715,1,32129.9259314144,1044.9360670094,1119.37914948196,61.2820746075468,25.0897288963443,-5329.26253866533
2562,7,2024,1.648451,35.609547,1,31900.2995255902,-63.528427325025,838.767132377156,53.4998565405171,27.1597198553148,-5936.08160117576
2563,8,2024,1.261311,35.286253,1,30169.3876167272,2516.82869385409,1517.27891993514,76.2543037060157,17.6385203335455,-3882.51402032908
2577,6,2024,1.603738,35.45628,1,30356.1817674926,581.570801022735,1024.14118153672,56.5057018085572,25.467481815359,-4949.50831990434
2578,5,2024,1.495974,35.472715,1,32128.9687531035,1043.47200279694,1119.46215499541,61.2820746075468,25.0897288963443,-5328.32538983118
2579,5,2024,1.495974,35.472715,1,32128.0627533381,1043.74776639819,1119.46978496619,61.2820746075468,25.0897288963443,-5327.4525177913
2581,4,2024,1.734344,35.324677,1,27787.0509272775,1665.65224777973,1168.992646053,56.198217388752,20.6335163401342,-2762.19738964873
2584,4,2024,1.536662,35.631419,1,29709.3335701796,828.144686513211,946.059452204092,58.280543015801,26.2888040080531,-4513.54243926969
2587,5,2024,1.58823,35.43436,1,29307.963169013,1618.00816230111,1305.25384700891,58.0997654839822,21.3348242935153,-3777.8593187329
2588,7,2024,1.603738,35.456279,1,30354.7469705156,581.706266589248,1024.14118153672,56.5057018085572,25.467481815359,-4948.10465057671
2588,4,2024,1.536662,35.631419,1,29709.5904492437,828.189491626906,946.059452204092,58.280543015801,26.2888040080531,-4512.93753911806
2589,6,2024,1.728687,35.58767,1,29934.6124081358,-69.911067227434,709.698838905759,52.1768618679469,26.9073018183474,-4945.4381819619
2590,6,2024,1.648451,35.609547,1,31902.6232121731,-63.9738534996423,838.696905628471,53.4988865763647,27.159534793007,-5937.07910814423
2591,5,2024,1.666667,35.466667,1,29772.3765447328,1577.19506184052,1031.09131902068,53.8858515642675,25.0404642977133,-3869.31650455527
2592,6,2024,1.728687,35.58767,1,29935.2201853973,-69.9744215423138,709.698838905759,52.1768618679469,26.9073018183474,-4945.70688884761
2593,5,2024,1.495974,35.472715,1,32125.9025854242,1045.87103727145,1119.42481601624,61.2820746075468,25.0897288963443,-5325.39364658095
2595,5,2024,1.495974,35.472715,1,32132.7169384303,1041.39773387523,1119.47069686431,61.2820746075468,25.0897288963443,-5331.92423576708
2596,4,2024,1.728687,35.58767,1,29934.0646545697,-71.6965104720126,709.698838905759,52.1768618679469,26.9073018183474,-4946.31634563112
2597,5,2024,1.966667,35.2,1,27852.2257069654,387.993403754683,1091.90085408973,57.577310242126,21.3632515565077,-3547.70486853798
2598,5,2024,1.495974,35.472715,1,32129.9071278095,1044.84328365157,1119.3834976325,61.2820746075468,25.0897288963443,-5329.24384905711
2599,4,2024,1.495974,35.472715,1,32129.0239259345,1044.15986304668,1119.43146474354,61.2820746075468,25.0897288963443,-5328.38693818871
2600,5,2024,1.495974,35.472715,1,32131.662975968,1040.91203947019,1119.51412879805,61.2820746075468,25.0897288963443,-5330.89984773437
2601,5,2024,1.536662,35.631419,1,29713.3866768622,826.365221750491,946.059452204092,58.280543015801,26.2888040080531,-4515.17207929138
2602,5,2024,1.603738,35.456279,1,30352.1560317106,581.269362358198,1024.14118153672,56.5057018085571,25.467481815359,-4946.97005003685
2603,3,2024,1.739282,35.467237,1,29684.7774485933,433.978837422847,984.94612760139,53.8858515642676,25.0404642977133,-4576.48023204522
2604,5,2024,1.728687,35.58767,1,29936.0176430369,-71.409635524369,709.698838905759,52.1768618679469,26.9073018183474,-4946.88353660632
2605,5,2024,1.495965,35.472716,1,32125.956842853,1045.83123433451,1119.42536516126,61.2820746075468,25.0897288963443,-5325.44552231786
2606,5,2024,1.648451,35.609547,1,31918.1179590325,-65.265737010526,837.980478288417,53.4889913605012,27.157646855727,-5941.74396834553
2607,5,2024,1.495974,35.472715,1,32133.4578547081,1039.55302766989,1119.53374275031,61.2820746075468,25.0897288963443,-5332.62161344578
2608,6,2024,1.536662,35.631419,1,29707.9354738528,828.846196080346,946.059452204092,58.280543015801,26.2888040080531,-4512.59013132136
2609,5,2024,1.495974,35.472715,1,32127.8441561034,1044.43612261811,1119.44487280813,61.2820746075468,25.0897288963443,-5327.25067740951
2610,11,2024,1.536662,35.631419,1,29710.0606788555,827.824411427519,946.059452204092,58.280543015801,26.2888040080531,-4513.83879919823
2611,12,2024,1.728687,35.58767,1,29934.082085512,-70.8861977231009,709.698838905759,52.1768618679469,26.9073018183474,-4945.83021400286
2612,10,2024,1.495974,35.472715,1,32133.5801540759,1039.77483220241,1119.52159926194,61.2820746075468,25.0897288963443,-5332.74257085491
2613,10,2024,1.797533,35.368568,1,28630.7725161416,300.185369268783,1070.82765252787,53.7303413284415,24.2659408388677,-4159.79363062861
2614,10,2024,1.734344,35.324677,1,27783.0910840746,1663.85734079963,1168.992646053,56.198217388752,20.6335163401342,-2762.55557685894
2615,10,2024,1.648451,35.609547,1,31917.0667901613,-65.4597909736909,838.072035168787,53.4902559340936,27.1578881274346,-5941.76236362535
2616,10,2024,1.533855,35.448918,1,31129.40977995,709.122442510156,1198.12709246844,62.0662694538602,24.2455124327699,-4669.74333396749
2617,10,2024,1.536662,35.631419,1,29713.930754088,826.095109064802,946.059452204092,58.280543015801,26.2888040080531,-4515.53251419884
2618,10,2024,1.495974,35.472715,1,32128.4270203424,1044.24798974666,1119.44045585861,61.2820746075468,25.0897288963443,-5327.81156693705
2619,10,2024,1.738554,35.619629,1,31518.0813735817,-246.621409715657,645.063748992121,52.1768618679469,26.9073018183474,-5625.22265317756
2620,10,2024,1.648451,35.609547,1,31917.5343244463,-66.3368902932655,838.177624193722,53.491714318128,27.1581663768053,-5942.8987802553
2622,10,2024,1.648451,35.609547,1,31912.0674773544,-64.283777517437,838.187465064482,53.4918502391559,27.1581923095772,-5939.35483538299
2623,10,2024,1.734344,35.324677,1,27783.6366799021,1664.0443251844,1168.992646053,56.198217388752,20.6335163401342,-2761.22511451332
2624,10,2024,1.666667,35.466667,1,29771.9755806888,1576.39363550823,1031.09131902068,53.8858515642676,25.0404642977133,-3869.42442854184
2625,10,2024,1.536662,35.631419,1,29708.6771312036,828.517170217147,946.059452204092,58.280543015801,26.2888040080531,-4512.90183473294
2626,10,2024,1.797533,35.368568,1,28627.7613307863,304.715574029997,1071.02421953997,53.7303413284415,24.2659408388677,-4155.8249361775
2627,10,2024,1.648451,35.609547,1,31901.7779879434,-64.0559126558788,838.758676853179,53.4997397537471,27.1596975732241,-5937.00535155846
2628,10,2024,1.858742,35.5001,1,30780.9057784323,-188.036668063562,693.774223127409,51.8205383931002,28.4125214915458,-5121.87008814298
2629,10,2024,1.728687,35.58767,1,29933.4036248913,-70.2093364319784,709.698838905759,52.1768618679469,26.9073018183474,-4945.16155650485
2630,10,2024,0.966155,36.016247,1,28816.7077085982,-1393.69531048393,741.155954122543,54.3566229170481,27.1017144666995,-3920.98187134792
2631,10,2024,1.495974,35.472715,1,32130.7755140569,1040.60963861438,1119.54635944189,61.2820746075468,25.0897288963443,-5330.03466455898
2632,10,2024,1.648451,35.609547,1,31923.2014254633,-66.9861110170243,837.944730696893,53.4884976186869,27.1575526532769,-5944.81735030575
2633,10,2024,1.507382,35.5001,1,31888.3772563987,1292.30497289831,1113.35612429962,61.2820746075468,25.0897288963443,-4729.56615889453
2634,10,2024,1.507382,35.5001,1,31888.9186233038,1292.34528934943,1113.17822931912,61.2820746075468,25.0897288963443,-4731.38740891702
2635,10,2024,1.797533,35.368568,1,28625.7089645149,302.723567342659,1071.50962628042,53.7303413284415,24.2659408388677,-4156.51374874476
2637,10,2024,1.666667,35.466667,1,29772.257082217,1577.48367568314,1031.09131902068,53.8858515642676,25.0404642977133,-3868.25494548317
2638,10,2024,1.58823,35.43436,1,29303.734880777,1620.2429380109,1305.25384700891,58.0997654839822,21.3348242935153,-3774.73813758012
2639,11,2024,1.728687,35.58767,1,29933.1796645545,-71.1914752800429,709.698838905759,52.1768618679469,26.9073018183474,-4945.67319226511
2640,10,2024,1.797533,35.368568,1,28631.3023702284,303.299557450425,1070.51929315956,53.7303413284415,24.2659408388677,-4157.87490810375
2641,11,2024,1.728687,35.58767,1,29935.8497275918,-69.4701960290207,709.698838905759,52.1768618679469,26.9073018183474,-4945.63808673412
2642,11,2024,1.648451,35.609547,1,31905.6748893653,-64.5190292347825,838.599116993346,53.4975359304591,27.1592770993101,-5938.34236186011
2643,9,2024,1.666667,35.466667,1,29773.2683248905,1580.04459412321,1031.09131902068,53.8858515642676,25.0404642977133,-3866.83756651437
2644,11,2024,1.797533,35.368568,1,28626.7295000618,305.587994941541,1071.13989182491,53.7303413284415,24.2659408388677,-4154.92081910935
2645,11,2024,1.495974,35.472715,1,32131.1563543205,1042.29793622007,1119.46558803587,61.2820746075468,25.0897288963443,-5330.42599451615
2646,11,2024,1.495974,35.472715,1,32128.6713611753,1044.38027227906,1119.42955460664,61.2820746075468,25.0897288963443,-5328.04908504523
2647,11,2024,1.738554,35.619629,1,31520.6899674251,-244.828940929324,645.063748992121,52.1768618679469,26.9073018183474,-5627.26706451868
2648,11,2024,1.648451,35.609547,1,31912.3791614912,-65.363788811971,838.332707227725,53.4938563079885,27.1585750533382,-5940.70047534505
2649,11,2024,1.648451,35.609547,1,31905.9533322561,-64.2762289175643,838.546494860202,53.4968091193262,27.1591384288807,-5938.11084530419
2650,11,2024,1.648451,35.609547,1,31908.0707395249,-65.275453360679,838.571583721936,53.4971556439334,27.1592045433276,-5939.72362515861
2651,11,2024,1.728687,35.58767,1,29934.7432235641,-69.1630301454626,709.698838905759,52.1768618679469,26.9073018183474,-4945.03264074975
2652,11,2024,1.797533,35.368568,1,28635.1758260073,301.877913518518,1069.96008808162,53.7303413284415,24.2659408388677,-4160.03462020679
2653,10,2024,1.495974,35.472715,1,32133.5321390496,1041.66161252332,1119.44208402649,61.2820746075468,25.0897288963443,-5332.71211056161
2654,11,2024,1.445041,35.883134,1,27079.5700907732,785.53719060256,949.550637191453,50.9496359478299,24.9558848711111,-3002.40004374437
2655,11,2024,1.648451,35.609547,1,31910.5420138452,-64.2159922442606,838.267224031178,53.4929518612581,27.1584024912916,-5938.96637162366
2656,11,2024,1.648451,35.609547,1,31902.4640219473,-63.6019858878867,838.650799105686,53.4982497581277,27.1594132925863,-5936.60621297731
2657,11,2024,1.495974,35.472715,1,32131.4710507314,1042.45889217851,1119.45197615253,61.2820746075468,25.0897288963443,-5330.73138051094
2658,11,2024,1.648451,35.609547,1,31920.6239654798,-65.7189234688321,837.902316746047,53.4879118018486,27.1574408835628,-5942.78927184597
2659,11,2024,1.648451,35.609547,1,31906.7214817923,-65.1061535866929,838.625244113956,53.497896795384,27.1593459497884,-5939.24982320752
2660,11,2024,1.495974,35.472715,1,32126.5513542348,1045.32501043905,1119.43439335268,61.2820746075468,25.0897288963443,-5326.01302693238
2661,11,2024,1.738554,35.619629,1,31518.4040067476,-245.848988496508,645.063748992121,52.1768618679469,26.9073018183474,-5627.12374062977
2662,11,2024,1.397999,35.586864,1,32406.2911912939,625.866278875532,1261.20858442201,63.9340302913113,23.3387767923768,-5475.98685533693
2663,11,2024,1.495974,35.472715,1,32131.945208291,1041.86910600816,1119.46705312352,61.2820746075468,25.0897288963443,-5331.18353098451
2664,11,2024,1.797533,35.368568,1,28633.8708724496,302.742094762289,1070.12050400092,53.7303413284415,24.2659408388677,-4159.04802597431
2665,11,2024,1.797533,35.368568,1,28633.1950836933,300.084874704693,1070.42508382175,53.7303413284416,24.2659408388677,-4160.61958986042
2666,11,2024,1.648451,35.609547,1,31916.8002312009,-65.5830595691699,838.106466244157,53.4907314923312,27.1579788605866,-5941.85498045387
2667,11,2024,1.495974,35.472715,1,32132.8427779101,1042.4881338509,1119.42155792807,61.2820746075468,25.0897288963443,-5332.0532589258
2668,11,2024,1.728687,35.58767,1,29933.5162518158,-71.2544440092088,709.698838905759,52.1768618679469,26.9073018183474,-4945.83926849368
2669,11,2024,1.648451,35.609547,1,31919.8190234797,-66.5247768929076,838.072456737853,53.4902617567593,27.157889238358,-5943.5844525008
2670,11,2024,1.603738,35.456279,1,30357.9786229478,581.755957885995,1024.14118153672,56.5057018085572,25.467481815359,-4950.53681111837
2671,11,2024,1.797533,35.368568,1,28633.3829175741,301.383214316505,1070.30110577868,53.7303413284415,24.2659408388677,-4159.80806518079
2673,5,2024,1.739282,35.467237,1,29682.052017354,433.954904394183,984.94612760139,53.8858515642675,25.0404642977133,-4573.96563248159
2674,5,2024,1.739282,35.467237,1,29681.6151581361,433.970407202099,984.94612760139,53.8858515642675,25.0404642977133,-4573.61314188011
2675,5,2024,1.58823,35.43436,1,29310.8921509643,1615.90415534775,1305.25384700891,58.0997654839822,21.3348242935153,-3779.97130015673
2676,11,2024,1.738554,35.619629,1,31517.8390798173,-246.254670220863,645.063748992121,52.1768618679469,26.9073018183474,-5626.63888338596
2677,11,2024,1.738554,35.619629,1,31517.1902807166,-246.340007464653,645.063748992121,52.1768618679469,26.9073018183474,-5627.19464459217
2680,10,2024,1.648451,35.609547,1,31912.6052092027,-65.1148648534501,838.28191446787,53.4931547639589,27.1584412036935,-5940.45074818011
2681,10,2024,1.670977,35.770711,1,30736.3009516089,-1005.21128324273,672.217793679225,50.4684723867471,26.8733189108593,-5122.84128974289
2682,10,2024,1.670977,35.770711,1,30733.0647175672,-1008.80290434809,672.217793679225,50.4684723867471,26.8733189108593,-5122.651576822
2683,10,2024,1.536662,35.631419,1,29707.3981677435,829.165815171734,946.059452204092,58.280543015801,26.2888040080531,-4512.00030377433
2684,10,2024,1.536662,35.631419,1,29703.1194126524,831.068449099072,946.059452204092,58.280543015801,26.2888040080531,-4510.193122786
2685,7,2024,1.536662,35.631419,1,29712.3197733593,826.867992793362,946.059452204092,58.280543015801,26.2888040080531,-4514.58743000517
2689,9,2024,1.728687,35.58767,1,29936.248637825,-71.0912434034958,709.698838905759,52.1768618679469,26.9073018183474,-4946.77711513794
2691,9,2024,1.668478,35.412435,1,30510.8207455887,2423.96384325389,1367.05958593973,55.6377700690787,21.0212427816756,-3997.38037755978
2692,7,2024,1.536662,35.631419,1,29710.3829095924,827.931583824449,946.059452204092,58.280543015801,26.2888040080531,-4512.84796027804
2693,5,2024,1.648451,35.609547,1,31917.5338563967,-65.1809489944119,838.001929031108,53.4892876358072,27.1577033829623,-5941.52516140822
2695,9,2024,1.495965,35.472716,1,32130.884010218,1044.29067002638,1119.3863605771,61.2820746075468,25.0897288963443,-5330.17961138403
2696,9,2024,1.728687,35.58767,1,29935.6578066736,-70.4505774547966,709.698838905759,52.1768618679469,26.9073018183474,-4946.16263730764
2697,8,2024,1.495974,35.472715,1,32130.7103310739,1041.80788832184,1119.49618111589,61.2820746075468,25.0897288963443,-5329.9889385183
2699,10,2024,1.666667,35.466667,1,29772.6113773364,1578.52209173769,1031.09131902068,53.8858515642676,25.0404642977133,-3867.47348162554
2700,10,2024,1.507382,35.5001,1,31889.3802222207,1293.62492862878,1113.61936629145,61.2820746075468,25.0897288963443,-4728.66062604552
2701,6,2024,1.495974,35.472715,1,32124.4080314153,1047.60874260396,1119.3820482062,61.2820746075468,25.0897288963443,-5323.97457419291
2703,7,2024,1.666667,35.466667,1,29773.9344204518,1581.55881951897,1031.09131902068,53.8858515642676,25.0404642977133,-3866.24890558436
2724,9,2024,1.507382,35.5001,1,31887.9902941684,1291.95345516967,1113.3303872923,61.2820746075468,25.0897288963443,-4729.37346434986
2725,9,2024,1.179877,35.897036,1,27085.3254194565,22.4634569231466,1039.02282951401,54.7524971542839,23.2471042111923,-3422.74743249935
2726,9,2024,1.666667,35.466667,1,29772.5819399278,1577.9124825821,1031.09131902068,53.8858515642676,25.0404642977133,-3868.61460380533
2727,9,2024,1.666667,35.466667,1,29773.859244111,1581.44631973387,1031.09131902068,53.8858515642675,25.0404642977133,-3866.19551357638
2728,9,2024,1.49424,35.405583,1,28606.9546620323,1910.40076327565,1270.62870084928,63.5595296566381,22.6379593437487,-3231.75711583842
2729,9,2024,1.648451,35.609547,1,31902.7398113924,-63.821503083306,838.667356763479,53.4984784506815,27.1594569255099,-5936.92214891519
2730,9,2024,1.728687,35.58767,1,29933.7144774606,-69.2649387277733,709.698838905759,52.1768618679469,26.9073018183474,-4944.70552276213
2731,9,2024,1.440788,35.4508,1,29929.3665525968,3586.26211564235,1294.43306313151,68.4701483228534,19.7742219280088,-2812.62537704582
2732,9,2024,1.734344,35.324677,1,27789.0817263493,1666.46987448864,1168.992646053,56.198217388752,20.6335163401342,-2759.88713789358
2733,9,2024,1.648451,35.609547,1,31910.6644510701,-64.8763808669195,838.359915704619,53.4942321084879,27.1586467534185,-5939.77527434796
2735,8,2024,1.648451,35.609547,1,31911.6101612511,-64.4872133238588,838.24540562971,53.4926505078895,27.1583449951979,-5939.50426935911
2736,8,2024,1.648451,35.609547,1,31897.776881166,-63.4601194475224,838.88096502253,53.5014287845331,27.1600198283656,-5935.29679686828
2737,8,2024,1.648451,35.609547,1,31904.6368250218,-65.073330904812,838.742075422141,53.499510456602,27.1596538249487,-5938.7886763402
2738,6,2024,1.797533,35.368568,1,28625.7115611824,304.407350948051,1071.39474888137,53.7303413284415,24.2659408388677,-4155.39211000253
2739,9,2024,1.536662,35.631419,1,29707.2543033271,829.192621704405,946.059452204092,58.280543015801,26.2888040080531,-4512.10603714523
2740,9,2024,1.739282,35.467237,1,29681.0647531901,433.936582763726,984.94612760139,53.8858515642675,25.0404642977133,-4573.03208995038
2741,9,2024,2.484485,35.148879,1,28972.8448279138,937.071516792516,757.274600591557,52.150084819332,26.4616771473652,-3674.5973784199
2742,9,2024,1.397999,35.586864,1,32405.1337715872,624.850753086242,1259.91209986805,63.9340302913113,23.3387767923769,-5479.98709774302
2743,9,2024,1.495974,35.472715,1,32132.9240240923,1042.12881372465,1119.43511812792,61.2820746075468,25.0897288963443,-5332.12936299242
2744,9,2024,1.536662,35.631419,1,29712.126193138,826.759546159293,946.059452204092,58.280543015801,26.2888040080531,-4515.37825039433
2745,9,2024,1.728687,35.58767,1,29935.7941077215,-71.1265461173102,709.698838905759,52.1768618679469,26.9073018183474,-4946.62616136234
2746,9,2024,1.495974,35.472715,1,32125.7206770745,1046.84849338653,1119.3866930905,61.2820746075468,25.0897288963443,-5325.23110155594
2747,9,2024,1.648451,35.609547,1,31911.1630271399,-64.4380080418235,838.264297576919,53.4929114413928,27.1583947794669,-5939.35551797287
2748,9,2024,1.648451,35.609547,1,31902.3381128166,-64.3222701539826,838.765337534388,53.4998317503456,27.1597151255252,-5937.43409085916
2749,11,2024,1.648451,35.609547,1,31899.3551318668,-63.5372783781772,838.823922403505,53.5006409181339,27.1598695090227,-5935.90115357617
2750,11,2024,1.797533,35.368568,1,28630.4206456078,302.036686742961,1070.75832235557,53.7303413284415,24.2659408388677,-4158.44564100585
2751,11,2024,1.495974,35.472715,1,32131.8768190866,1040.55470670419,1119.52486637562,61.2820746075468,25.0897288963443,-5331.10234251908
2777,5,2024,1.39097,34.884487,1,34275.1095545855,-150.917309314438,1343.53015569902,57.6552020534396,22.0076009239656,-7001.7257726823
2779,6,2024,1.734344,35.324677,1,27785.6646375558,1665.04112848959,1168.992646053,56.198217388752,20.6335163401342,-2762.6826661488
2780,5,2024,1.495974,35.472715,1,32130.2740376828,1041.43294607406,1119.52173538825,61.2820746075468,25.0897288963443,-5329.56085022332
2821,11,2024,1.734344,35.324677,1,27783.6487414906,1664.05773806896,1168.992646053,56.198217388752,20.6335163401342,-2761.39303034987
2822,9,2024,2.160457,35.06084,1,26926.7195392509,728.843763769355,940.791211553151,57.768471190773,22.8496434960426,-3271.82961270732
2823,9,2024,1.445041,35.883134,1,27077.4937682256,785.371568464958,949.184245253867,50.9460927738101,24.9593102797686,-3001.63618188197
2824,9,2024,1.739282,35.467237,1,29681.0943394786,434.017198226911,984.94612760139,53.8858515642676,25.0404642977133,-4573.26040502306
2825,11,2024,1.536662,35.631419,1,29713.9053484269,826.105608518569,946.059452204092,58.280543015801,26.2888040080531,-4515.52520795492
2826,4,2024,1.734344,35.324677,1,27791.364596625,1667.63075667458,1168.992646053,56.198217388752,20.6335163401342,-2762.29898270465
2827,7,2024,1.648451,35.609457,1,31900.9059645947,-62.2076730469133,838.533138303852,53.4966246400344,27.1591032315351,-5934.63743438206
2828,11,2024,1.495974,35.472715,1,32124.7144064661,1047.18410003754,1119.39376374927,61.2820746075468,25.0897288963443,-5324.26443452162
2829,9,2024,1.648451,35.609547,1,31912.696017405,-65.738111882983,838.370382704523,53.4943766775429,27.1586743361729,-5941.2086556353
2830,9,2024,1.734344,35.324677,1,27791.0209567937,1667.45067982827,1168.992646053,56.198217388752,20.6335163401342,-2761.83146689654
2831,11,2024,1.648451,35.609547,1,31903.2868478909,-64.9018445175544,838.795520600527,53.5002486355455,27.1597946642762,-5938.31221131011
2832,9,2024,1.536662,35.631419,1,29709.6093211864,828.07741240276,946.059452204092,58.280543015801,26.2888040080531,-4513.41178690104
2833,11,2024,1.536662,35.631419,1,29707.6588271156,828.676884057558,946.059452204092,58.280543015801,26.2888040080531,-4513.77550034771
2834,9,2024,1.536662,35.631419,1,29708.726027064,828.322631739762,946.059452204092,58.280543015801,26.2888040080531,-4513.69558132654
2835,9,2024,1.734344,35.324677,1,27787.7677522516,1665.92769612878,1168.992646053,56.198217388752,20.6335163401342,-2761.10462356416
2836,9,2024,1.495974,35.472715,1,32127.5988583736,1045.71574895565,1119.39522892975,61.2820746075468,25.0897288963443,-5327.0290989173
2837,8,2024,1.528611,35.429444,1,28592.0312561862,1332.45863337382,1319.89886759254,63.5595296566381,22.6379593437487,-3483.34845607695
2839,8,2024,1.507382,35.5001,1,31890.4836698943,1294.07910549524,1113.42881855593,61.2820746075468,25.0897288963443,-4731.09386538517
2840,8,2024,1.495974,35.472715,1,32129.7113300533,1045.04363696543,1119.37910679205,61.2820746075468,25.0897288963443,-5329.05692225276
2841,8,2024,1.536662,35.631419,1,29708.1504987884,828.563844616585,946.059452204092,58.280543015801,26.2888040080531,-4513.51580853771
2842,8,2024,1.445041,35.883134,1,27079.1231387028,785.422188773362,948.868231397355,50.9430367783816,24.9622647023116,-3004.06541092652
2843,8,2024,1.728687,35.58767,1,29935.8214152351,-71.6324965842449,709.698838905759,52.1768618679469,26.9073018183474,-4946.94484693363
2844,8,2024,1.734344,35.324677,1,27788.4170471431,1666.18161408481,1168.992646053,56.198217388752,20.6335163401342,-2760.20999131704
2845,8,2024,1.400963,35.573993,1,31933.4482373368,1005.13226595146,1189.34092698608,63.9340302913113,23.3387767923769,-4938.35397246819
2846,8,2024,1.495974,35.472715,1,32131.8443613722,1042.53707186647,1119.44067911127,61.2820746075468,25.0897288963443,-5331.09207467807
2847,8,2024,1.400963,35.573993,1,31948.9328534127,1001.72871377123,1187.99052618612,63.9340302913113,23.3387767923768,-4950.25605720305
2848,8,2024,1.734344,35.324677,1,27784.9344998779,1664.61063304007,1168.992646053,56.198217388752,20.6335163401342,-2760.64963370637
2885,10,2024,0.798088,35.954428,1,28271.8761718224,519.859373236636,926.992243299722,59.8383162084304,25.7442679745246,-3214.29012553056
2887,2,2024,0.589999,35.640001,1,29455.6991117747,1444.07107174817,1392.89075664617,64.4935712649008,23.1136900312914,-3530.98367531148
2888,2,2024,0.949792,35.890178,1,29374.5148829874,-243.191947566188,1104.33973377602,57.5477156785965,23.5397369845964,-4685.70904304678
2894,8,2024,0.650291,35.578539,1,31597.1999542304,-48.6669990274065,1413.32002093745,64.4568970595475,23.7837129432261,-6212.11105512632
2925,7,2024,0.867736,35.686181,1,29866.056956523,2028.27635173865,1243.35740088671,59.540950772116,24.1587448717684,-3816.42046302688
2956,12,2024,0.899796,36.28485,1,27895.5216256238,268.997680246742,944.266713589124,56.9302128840202,23.9947379593424,-3543.34560686636
2958,12,2024,1.026105,36.227414,1,28608.9647164698,-884.726711560938,636.934183567762,55.2374174678892,25.5295395606203,-3343.50133129314
2960,11,2024,0.885272,36.182066,1,28548.3429138333,-388.130679177316,909.018392205238,57.1843881628704,24.7293261932762,-3932.10872767933
2961,11,2024,1.072451,36.132742,1,27531.711452834,-692.665702847369,595.305309824646,54.1512258861954,26.7065206128174,-3729.20932680984
3022,7,2024,0.885272,36.182066,1,28547.430800542,-389.226135047003,909.018392205238,57.1843881628704,24.7293261932762,-3933.5741009821
3085,11,2024,1.072232,36.133016,1,27509.6750337414,-680.012861774224,595.305309824646,54.1512258861954,26.7065206128174,-3720.50160223528
3087,10,2024,0.885272,36.182066,1,28549.0129599899,-386.471296478838,909.018392205238,57.1843881628704,24.7293261932762,-3931.54460331229
3088,9,2024,0.984618,36.1666,1,28236.7018782502,-1466.74596094325,686.635769831017,55.2374174678892,25.5295395606203,-4197.88441897621
3307,9,2024,1.030211,36.040237,1,29815.38313902,-465.207947670997,670.679419256747,54.3566229170481,27.1017144666995,-3718.33427413996
3309,8,2024,1.326812,35.871614,1,27677.3605156007,1371.64193363692,1106.12320018397,53.4324630342497,23.2920216391864,-2744.13340392547
3310,11,2024,1.072425,36.133141,1,27499.0928074335,-676.799121027138,595.305309824646,54.1512258861954,26.7065206128174,-3722.52547563882
3321,6,2024,0.984618,36.1666,1,28240.131931306,-1464.37370773911,686.635769831017,55.2374174678892,25.5295395606203,-4198.53895912419
3324,6,2024,1.648451,35.609547,1,31920.1413292048,-66.5006830793356,838.049948907826,53.489950881079,27.1578299254745,-5943.62107946831
3325,8,2024,1.797533,35.368568,1,28623.3353469437,307.038446595115,1071.62066239825,53.7303413284415,24.2659408388677,-4152.89757420396
3326,8,2024,1.648451,35.609547,1,31904.8912191678,-64.3024182135552,838.61276540721,53.4977244408548,27.1593130657618,-5937.92712426214
3328,8,2024,1.648451,35.609547,1,31911.8691142048,-64.3259594216994,838.205607175474,53.4921008160036,27.1582401178694,-5939.36493676379
3329,9,2024,1.739282,35.467237,1,29679.502725965,433.960615257194,984.94612760139,53.8858515642675,25.0404642977133,-4571.69568820226
3330,9,2024,1.603738,35.456279,1,30356.2965126723,582.939678475146,1024.14118153672,56.5057018085571,25.467481815359,-4946.78592578702
3331,8,2024,1.734344,35.324677,1,27791.7763885257,1667.75876338805,1168.992646053,56.198217388752,20.6335163401342,-2761.06648324707
3332,9,2024,1.440788,35.4508,1,29929.7637628964,3587.17592213695,1294.07809567122,68.4618116721117,19.7757573687067,-2811.54177881702
3333,8,2024,1.728687,35.58767,1,29933.8104059064,-71.785446225957,709.698838905759,52.1768618679469,26.9073018183474,-4946.27378903387
3334,10,2024,1.648451,35.609547,1,31915.0384037758,-64.9107802288377,838.107762799409,53.4907494002101,27.1579822772834,-5940.69996449715
3335,9,2024,1.49424,35.405583,1,28607.44174913,1906.76957650771,1270.40241248497,63.5595296566381,22.6379593437487,-3235.09676841661
3336,10,2024,1.666667,35.466667,1,29774.2272107441,1582.21750871545,1031.09131902068,53.8858515642676,25.0404642977133,-3866.0033201003
3337,9,2024,1.666667,35.466667,1,29771.9918354258,1576.06635799934,1031.09131902068,53.8858515642676,25.0404642977133,-3870.18055172411
3338,9,2024,1.728687,35.58767,1,29935.1650042883,-70.082966653824,709.698838905759,52.1768618679469,26.9073018183474,-4945.75206850911
3340,11,2024,1.648451,35.609547,1,31909.4101143697,-64.7195480358749,838.409976239759,53.4949235391101,27.1587786734965,-5939.33556338549
3340,8,2024,1.507382,35.5001,1,31891.9910437528,1295.7131517071,1113.65351480703,61.2820746075468,25.0897288963443,-4730.93448198769
3341,9,2024,1.648451,35.609547,1,31907.5242107258,-63.9002896517555,838.397464308179,53.4947507256831,27.1587457019155,-5937.98215764295
3342,9,2024,1.536662,35.631419,1,29705.4989692724,829.730125717234,946.059452204092,58.280543015801,26.2888040080531,-4512.44485150011
3343,8,2024,1.728687,35.58767,1,29932.9967673848,-70.6239333133551,709.698838905759,52.1768618679469,26.9073018183474,-4945.2590902746
3344,10,2024,1.495958,35.472721,1,32126.9437624124,1047.07456469937,1119.35104340737,61.2820746075468,25.0897288963443,-5326.4112593535
3345,6,2024,1.495974,35.472715,1,32133.3125690604,1040.77560614497,1119.48453201967,61.2820746075468,25.0897288963443,-5332.49381230633
3346,9,2024,1.648451,35.609547,1,31918.9420631617,-65.7734017631846,838.009606377252,53.4893936744703,27.15772361439,-5942.51419414988
3347,9,2024,1.648451,35.609547,1,31911.5924467483,-65.5922599342396,838.413049103863,53.4949659811721,27.1587867711421,-5940.81225068097
3348,7,2024,1.495974,35.472715,1,32131.3094249046,1042.71494360242,1119.44448574192,61.2820746075468,25.0897288963443,-5330.57776750126
3349,9,2024,1.397999,35.586864,1,32390.7217441733,629.407246030204,1260.50536958569,63.9340302913113,23.3387767923768,-5469.52798492585
3350,9,2024,1.397999,35.586864,1,32405.9734766493,623.809664796634,1259.13513713479,63.9340302913113,23.3387767923768,-5483.28341448371
3351,9,2024,1.397999,35.586864,1,32401.109431332,625.667963577529,1259.64292378647,63.9340302913113,23.3387767923769,-5478.64123346459
3352,10,2024,1.326812,35.871614,1,27675.8702843557,1371.7740066416,1106.12320018397,53.4324630342497,23.2920216391864,-2744.12622252562
3353,9,2024,1.739282,35.467237,1,29679.9604768415,433.979583867027,984.94612760139,53.8858515642676,25.0404642977133,-4572.15297614668
3354,11,2024,1.536662,35.631419,1,29710.7242526773,827.587425558278,946.059452204092,58.280543015801,26.2888040080531,-4513.86104878424
3355,11,2024,1.797533,35.368568,1,28625.7473711955,304.233596501653,1071.40052345928,53.7303413284415,24.2659408388677,-4155.51917870887
3413,2,2024,1.142865,39.085895,1,35751.2279492615,-1213.88582225104,150.545565808095,51.8326551697908,29.3315255045239,-5377.3887652091
3415,8,2024,0.937576,38.587897,1,33384.5652431613,-1017.64378565226,455.00203178693,52.0059065246321,28.9978555328425,-5601.79280185947
3425,2,2024,3.924354,41.227552,1,39922.1360946583,-1105.01998401618,319.120715444471,49.8825074240546,28.9793659939792,-7251.54708212257
3426,5,2024,3.871231,41.709405,1,36832.5882970609,-802.90132386022,251.339526697211,48.5836832406843,29.59350418202,-8343.68370388342
3427,5,2024,3.955735,41.788467,1,38036.201844271,-1075.57211790253,257.705493416911,47.8198193511852,29.9252609974365,-8850.96475323754
3429,6,2024,3.874555,41.721711,1,37487.041722428,-947.367222354823,251.339526697211,48.5836832406843,29.5935041820199,-8316.93115585543
3432,6,2024,3.874555,41.721711,1,37482.9515536882,-945.916280730833,251.339526697211,48.5836832406843,29.59350418202,-8316.63957496266
3433,6,2024,3.955735,41.788467,1,38038.8434495599,-1076.11167108732,257.726208238166,47.8182775621388,29.9258037101774,-8849.59621220169
3434,6,2024,3.960339,41.787351,1,37693.2117721105,-922.676324891958,258.637322733056,47.7504639744222,29.9496742248535,-8388.87475958923
3436,6,2024,3.955735,41.788467,1,38037.628605451,-1076.55059259151,257.709466898771,47.8195236078267,29.9253650996735,-8847.96364836786
3437,6,2024,3.955735,41.788467,1,38036.166120502,-1076.77560758933,257.692402889978,47.8207936695627,29.924918035474,-8847.00384393241
3441,7,2024,3.955735,41.788467,1,38037.2439844728,-1076.44764964886,257.706698545882,47.8197296543143,29.9252925709094,-8848.24377059676
3442,7,2024,3.729854,41.283651,1,35481.0286765022,223.526763669856,329.874528512876,50.7193549415689,27.7642987819318,-7328.95759902382
3443,7,2024,3.729854,41.283651,1,35479.0573035732,224.334337282033,329.874528512876,50.7193549415689,27.7642987819318,-7327.25095485072
3444,7,2024,4.018726,41.061607,1,39132.9227883183,-1117.25609264025,334.921653433354,49.6958306148189,28.8923761100283,-7954.01083156448
3454,7,2024,3.955735,41.788467,1,38033.0274729614,-1075.09985765216,257.678700777883,47.8218135077781,29.92455905044,-8852.03307968577
3455,8,2024,3.955735,41.788467,1,38032.4539694718,-1075.49440142816,257.668719071153,47.8225564389341,29.9242975372292,-8850.65346737529
3456,8,2024,3.955735,41.788467,1,38030.1539573278,-1073.8783481094,257.662908943678,47.8229888824868,29.9241453162582,-8855.60548967922
3457,8,2024,3.576755,41.482465,1,34854.1633213908,-292.987479684852,324.484381138987,52.1493761553992,28.3500679627577,-8534.13256168254
3458,8,2024,3.576755,41.482465,1,34855.1657738187,-292.814571111338,324.484381138987,52.1493761553992,28.3500679627577,-8539.59905187659
3459,8,2024,3.934295,41.855676,1,33937.8272310566,-1083.0359214755,265.132915813539,47.8105249924173,30.0921270770376,-5646.91173306224
3460,8,2024,3.919171,41.860172,1,38556.9439402801,-1102.18158329956,266.200762467888,47.7405560368461,30.1446660957267,-8323.03218329391
3461,8,2024,3.955735,41.788467,1,38031.3445852201,-1074.7175747478,257.665881598715,47.8227676299393,29.9242231975849,-8853.03376935719
3462,8,2024,3.576755,41.482465,1,34855.4551892385,-293.030270606737,324.484381138987,52.1493761553992,28.3500679627577,-8538.49725246478
3463,8,2024,3.955735,41.788467,1,38036.3981888436,-1076.01591323688,257.702780735436,47.82002125409,29.9251899272216,-8849.53491962452
3464,8,2024,3.874555,41.721711,1,37483.7969689121,-946.893963557167,251.339526697211,48.5836832406843,29.59350418202,-8316.9233557915
3465,8,2024,3.916276,41.839761,1,34765.4023867179,183.812136608903,258.873690793946,48.2206507679889,29.7841675596811,-7003.93177590362
3466,8,2024,3.934295,41.855676,1,33945.0442174975,-1079.5030610623,265.104653816133,47.8123768148984,30.0907365612703,-5655.93185757599
3467,8,2024,3.955735,41.788467,1,38039.6223852881,-1077.47584760912,257.719711041028,47.8187611437858,29.9256334884978,-8845.22181506633
3468,8,2024,3.955735,41.788467,1,38031.9300598307,-1075.21928563987,257.666394119847,47.822729483365,29.9242366252532,-8851.47705445073
3469,8,2024,3.933462,41.860615,1,34371.7399110688,-947.469236476569,266.200762467888,47.7405560368461,30.1446660957267,-6060.75597298373
3470,8,2024,3.934295,41.855676,1,33937.2344064802,-1082.09758589493,265.090152476081,47.8133269921674,30.0900230822582,-5646.76219590048
3471,9,2024,3.955735,41.788467,1,38034.4475248627,-1075.60060357145,257.687624266992,47.8211493389883,29.9247928391449,-8850.60370405901
3472,9,2024,3.955735,41.788467,1,38033.2282009063,-1075.23897138162,257.679233597668,47.8217738503899,29.9245730099178,-8851.60684413394
3473,9,2024,3.955735,41.788467,1,38036.8967968679,-1075.5439996169,257.71272922003,47.8192807956334,29.9254505700375,-8851.16458421901
3474,9,2024,3.955735,41.788467,1,38033.3922623684,-1076.19031422772,257.670711247435,47.8224081627055,29.9243497307498,-8848.51217758834
3475,9,2024,3.934295,41.855676,1,33942.9919964968,-1080.6220790865,265.116818996512,47.8115797107805,30.091335099119,-5653.29882470967
3476,10,2024,3.955735,41.788467,1,38036.5154652462,-1075.32476305286,257.71122330285,47.8193928799514,29.9254111161397,-8851.82748760073
3477,10,2024,3.955735,41.788467,1,38034.6050390302,-1075.27457516561,257.692659651398,47.8207745589974,29.9249247624301,-8851.69864730341
3478,11,2024,3.955735,41.788467,1,38033.9030056502,-1074.79565950353,257.690701631565,47.8209202929864,29.9248734637828,-8853.16529179656
3479,12,2024,3.952617,40.339625,1,32595.1796041038,-1156.10241425848,488.794794997529,55.4145497931613,24.8224637964249,-6540.75265365656
3480,12,2024,3.871231,41.709405,1,36832.702967611,-803.44598088775,251.339526697211,48.5836832406843,29.59350418202,-8343.23249920548
3522,1,2024,3.141546,41.185758,1,34548.0616641385,-398.767427223853,347.611964833006,53.7025562638036,27.9552703371031,-8191.39855833185
3543,2,2024,3.471535,40.884953,1,32210.39168668,172.431893721961,436.440701562911,53.7178173993087,26.8419399476876,-6775.26187257154
3544,7,2024,3.553486,41.024485,1,34284.8637647515,-16.0751454539088,361.609638310736,52.8161668927312,27.2003528379569,-7332.95974076342
3545,4,2024,3.955735,41.788467,1,38038.2162585139,-1076.98541745395,257.710774371015,47.8194262936207,29.9253993544632,-8846.62247704401
3546,5,2024,3.874555,41.721711,1,37479.1239656698,-944.933165061099,251.339526697211,48.5836832406843,29.59350418202,-8316.49106278586
3547,4,2024,3.874555,41.721711,1,37477.1240866972,-944.754652558379,251.339526697211,48.5836832406843,29.59350418202,-8316.5239137256
3548,2,2024,3.397616,40.224804,1,33471.9846494838,-26.237693595623,466.314877367101,53.3720037184076,26.8505740320314,-5869.71159804781
3549,3,2024,3.384413,40.225019,1,32000.6403418587,-62.5395133104023,480.283588980441,53.3720037184076,26.8505740320314,-6114.62187480996
3551,4,2024,3.866302,40.833314,1,34982.2095041913,-231.161706960145,411.749761918094,51.7894331768306,26.5905951730975,-6708.54642941508
3551,7,2024,3.553486,41.024485,1,34284.8850467433,-16.5219870414359,361.609638310736,52.8161668927313,27.2003528379569,-7333.75084509316
3552,5,2024,3.933462,41.860615,1,34363.4694670143,-950.263164619954,266.200762467888,47.7405560368461,30.1446660957267,-6051.96517897984
3553,5,2024,3.955735,41.788467,1,38037.0712046052,-1076.23083127878,257.707253599521,47.8196883420766,29.9253071128974,-8848.93065053953
3554,7,2024,3.924354,41.227552,1,39893.5302243595,-1103.16547275881,319.120715444471,49.8825074240546,28.9793659939792,-7241.45000835133
3555,7,2024,3.729854,41.283651,1,35477.3708937925,225.358377132782,329.874528512876,50.7193549415689,27.7642987819318,-7325.21871696837
3556,7,2024,3.471535,40.884953,1,32210.772664114,172.32811800832,436.440701562911,53.7178173993087,26.8419399476876,-6776.49424233949
3557,7,2024,3.955735,41.788467,1,38033.7738690269,-1074.97770228945,257.68748155582,47.8211599608768,29.9247891002195,-8852.54735730328
3558,8,2024,3.384413,40.225019,1,31991.1007837775,-62.8120902548899,480.283588980441,53.3720037184076,26.8505740320314,-6116.52443041356
3558,4,2024,3.866302,40.833314,1,34981.7774677125,-231.624553775559,411.749761918094,51.7894331768305,26.5905951730975,-6705.82746524855
3560,8,2024,3.933462,41.860615,1,34360.8594463617,-951.3036341968,266.200762467888,47.7405560368461,30.1446660957267,-6049.37711165788
3561,11,2024,3.955735,41.788467,1,38031.8687051338,-1074.39172554849,257.674622061885,47.8221170836368,29.9244521911478,-8854.18148424715
3562,12,2024,3.924354,41.227552,1,39923.2468620429,-1104.4494380334,319.120715444471,49.8825074240546,28.9793659939792,-7252.30322581811
3563,12,2024,3.729854,41.283651,1,35478.1850232783,224.154751541818,329.874528512876,50.7193549415689,27.7642987819318,-7327.41849064794
3609,4,2024,3.919171,41.860172,1,38558.2362913565,-1101.98455087471,266.200762467888,47.740556036846,30.1446660957267,-8325.22196886667
3611,5,2024,3.932067,41.219346,1,35705.8590348076,-652.611372862515,319.120715444471,49.8825074240546,28.9793659939792,-6123.32493331999
3615,7,2024,3.952617,40.339625,1,32593.7639531864,-1155.43331248864,488.962940850312,55.4157047385201,24.8209822632942,-6541.67782731699
3616,7,2024,3.030839,40.553317,1,34079.5841927384,-1.95148387122509,475.31786443049,53.2024104540937,27.5093217871503,-7328.08280013134
3617,5,2024,3.874555,41.721711,1,37482.7380193695,-946.71530042291,251.339526697211,48.5836832406843,29.59350418202,-8316.91278678523
3618,8,2024,3.141546,41.185758,1,34546.0665819361,-398.511512375167,347.611964833006,53.7025562638036,27.9552703371031,-8191.18389170434
3619,2,2024,3.955735,41.788467,1,38039.8797105929,-1077.36332017951,257.723470835903,47.8184813049939,29.9257319922964,-8845.63141662662
3624,4,2024,1.495974,35.472715,1,32128.7209389988,1041.90033607297,1119.53526970875,61.2820746075468,25.0897288963443,-5328.06066865503
3625,5,2024,1.734344,35.324677,1,27787.9158844663,1665.97100218213,1168.992646053,56.198217388752,20.6335163401342,-2760.59520035616
3626,4,2024,1.760062,35.247811,1,28677.1545111423,-35.0343132555467,1035.34628270095,56.6408335870678,23.850013998894,-4548.87243108969
3627,5,2024,2.014061,35.028626,1,29973.1324292167,-330.337760154777,1016.29903174103,63.2200175103751,24.0419155780952,-5048.64492483692
3628,5,2024,1.554851,34.948367,1,32759.6284805732,-54.5246087605859,1401.60606436576,55.5972541372718,23.627049347009,-6772.54543973211
3630,4,2024,1.363187,35.115875,1,30154.1180273009,673.105337565251,1319.28187225509,65.2084227259175,20.8627036853783,-4774.76614914386
3631,2,2024,1.734344,35.324677,1,27791.9836506367,1667.84718399562,1168.992646053,56.198217388752,20.6335163401342,-2760.93683546278
3632,4,2024,1.648451,35.609547,1,31906.4426591756,-64.314428810458,838.523469906497,53.4964911011903,27.159077753267,-5938.25506989884
3633,9,2024,2.124498,35.192863,1,30022.0093233415,52.6892725138127,1048.57932317391,56.6086237207655,22.6746667094135,-5259.88718023167
3634,9,2024,1.648451,35.609547,1,31903.2596045194,-65.6102271378317,838.88096502253,53.5014287845331,27.1600198283656,-5938.98168961694
3635,9,2024,1.966667,35.2,1,27859.4411186312,388.009817814588,1091.89287594773,57.577310242126,21.3632515565077,-3551.10481730769
3637,6,2024,1.966667,35.2,1,27849.2639331005,387.898463571473,1091.90171457816,57.577310242126,21.3632515565077,-3546.43937530349
3638,7,2024,1.966667,35.2,1,27848.1720531035,387.869009883594,1091.90218938085,57.577310242126,21.3632515565077,-3545.96416515846
3639,9,2024,1.40075,35.472715,1,30032.6476632262,2792.6229815299,1386.60342562051,68.2348020093473,19.8175679093936,-3186.27743064713
3640,7,2024,1.27973,35.121377,1,30087.099796431,1885.78812635797,1649.92028218082,71.4503274867435,17.8552433882472,-4176.16492064552
3641,4,2024,1.290104,35.079476,1,30446.3626921098,1497.47375588654,1492.72161667755,71.4503274867435,17.8552433882472,-4092.51200461866
3642,7,2024,1.491713,35.011236,1,34635.3833256957,-912.878003832515,1109.51617380583,57.1237549204365,22.9188780418077,-7525.30375252407
3643,9,2024,1.966667,35.2,1,27849.8638655161,387.6119053737,1091.89291710502,57.577310242126,21.3632515565077,-3547.1685463543
3644,9,2024,1.290104,35.079476,1,30444.4027342125,1497.37907935182,1492.72161667755,71.4503274867436,17.8552433882472,-4090.53107344846
3645,6,2024,1.300454,35.199375,1,30020.6349580993,1707.96583052701,1646.74728231912,74.9532103923926,18.1438678581641,-3973.66258620265
3648,9,2024,1.966667,35.2,1,27843.3859060109,388.110892368037,1091.91453124079,57.577310242126,21.3632515565077,-3543.32478161052
3649,7,2024,1.734344,35.324677,1,27792.0912259008,1667.90802099954,1168.992646053,56.198217388752,20.6335163401342,-2761.17483737934
3650,7,2024,1.966667,35.2,1,27844.4864786614,388.455957360057,1091.92246146711,57.577310242126,21.3632515565077,-3543.35780709812
3656,7,2024,2.295554,35.181869,1,28337.1383903169,112.777891197084,905.658695323081,53.9504157023084,25.6659178923171,-4323.28360539493
3659,7,2024,1.397999,35.586864,1,32423.5362556119,619.621838572189,1259.71145196844,63.9340302913113,23.3387767923769,-5491.31868399733
3660,7,2024,1.966667,35.2,1,27838.1781699934,387.856410339787,1091.9138088775,57.577310242126,21.3632515565077,-3541.2149385666
3661,5,2024,1.495974,35.472715,1,32131.7429675524,1040.84822754745,1119.51514424999,61.2820746075468,25.0897288963443,-5330.97650661858
3662,3,2024,1.400206,35.044323,1,33834.2217569711,-347.314707798622,1141.32000582527,60.3674840525949,21.1245244941642,-6954.16923774049
3663,2,2024,1.787769,35.082859,1,28407.0377564265,413.173945152493,1045.46059180595,59.9336688620283,25.0853259157831,-3945.44521572045
3664,9,2024,1.446419064,34.98481544,1,32736.4139011746,527.892275832532,1377.0115315425,58.7110766005213,22.0408095681875,-6079.43249099746
3665,9,2024,1.491713,35.011236,1,34632.7787736398,-914.788152980773,1109.51617380583,57.1237549204364,22.9188780418077,-7525.4854945472
3666,9,2024,1.752807,35.021268,1,29393.1359628406,-288.503539049287,1034.65801183557,62.399540521669,24.2412858735863,-5043.54487531208
3667,9,2024,1.495974,35.472715,1,32125.5255486169,1046.27273372581,1119.41561155301,61.2820746075468,25.0897288963443,-5325.0350239982
3668,7,2024,1.760062,35.247811,1,28674.0058090648,-34.7665540275335,1035.18163803199,56.652845286416,23.8565217397104,-4548.01261439259
3673,9,2024,1.495974,35.472715,1,32131.5814565337,1042.17231057,1119.46186742722,61.2820746075468,25.0897288963443,-5330.83524513113
3724,3,2024,2.306505,35.082859,1,28066.2995317899,2306.51291690733,1184.91554973321,55.9687781766335,22.3366869219448,-2114.72905387846
3725,3,2024,1.536662,35.631419,1,29709.2354203821,828.157882448995,946.059452204092,58.280543015801,26.2888040080531,-4513.63688425125
3726,3,2024,1.648451,35.609547,1,31905.2579084726,-65.0180222010932,838.697654226361,53.4988969159167,27.1595367657205,-5938.84902914351
3727,3,2024,1.495974,35.472715,1,32128.8341972119,1045.11696612002,1119.39456731379,61.2820746075468,25.0897288963443,-5328.21347806798
3728,3,2024,1.495974,35.472715,1,32132.3909843097,1043.37146199817,1119.39359060457,61.2820746075468,25.0897288963443,-5331.62317708983
3729,3,2024,1.666667,35.466667,1,29773.2761346467,1579.24673569438,1031.09131902068,53.8858515642676,25.0404642977133,-3868.53849994021
3730,3,2024,1.728687,35.58767,1,29936.1215848978,-70.0478150364484,709.698838905759,52.1768618679469,26.9073018183474,-4946.09292268532
3731,3,2024,1.536662,35.631419,1,29708.0563234947,828.771141246201,946.059452204092,58.280543015801,26.2888040080531,-4512.73695163334
3732,3,2024,1.738554,35.619629,1,31521.7440137585,-244.491340239191,645.063748992121,52.1768618679469,26.9073018183474,-5626.93779656585
3734,3,2024,1.648451,35.609547,1,31916.7387201165,-65.7593575977494,838.136846692944,53.4911511037585,27.1580589194825,-5942.05199155666
3735,3,2024,1.648451,35.609547,1,31912.6030668426,-65.1491351381589,838.287216140512,53.4932279900801,27.1584551747201,-5940.49099965303
3736,3,2024,1.495974,35.472715,1,32128.9963640814,1042.7001785782,1119.49476571609,61.2820746075468,25.0897288963443,-5328.34126527267
3737,3,2024,1.648451,35.609547,1,31908.4293643227,-66.027306790579,838.662071346694,53.4984054490845,27.159442997321,-5940.6865578574
3738,3,2024,1.269852,35.860309,1,27796.5051276878,-625.510146141724,1157.14176429092,53.4324630342497,23.2920216391864,-3599.63675788297
3739,3,2024,1.536662,35.631419,1,29710.3127856399,827.682808321961,946.059452204092,58.280543015801,26.2888040080531,-4514.07862509926
3741,5,2024,1.495965,35.472716,1,32132.496489322,1043.13317206315,1119.40147852409,61.2820746075468,25.0897288963443,-5331.72350414234
3742,5,2024,1.495974,35.472715,1,32131.9504147307,1040.45466639544,1119.52757624933,61.2820746075468,25.0897288963443,-5331.17233302752
3745,1,2024,1.648451,35.609547,1,31897.4082384318,-63.1903402863853,838.88096502253,53.5014287845331,27.1600198283656,-5935.04926921942
3746,1,2024,1.648451,35.609547,1,31912.3797387204,-66.1934432034531,838.456867933129,53.4955712020372,27.1589022430074,-5941.68434055294
3747,1,2024,1.666667,35.466667,1,29772.8701372006,1579.42354202304,1031.09131902068,53.8858515642675,25.0404642977133,-3866.61633101778
3748,1,2024,1.728687,35.58767,1,29935.776868874,-70.6617847772392,709.698838905759,52.1768618679469,26.9073018183474,-4946.33644022976
3749,1,2024,1.734344,35.324677,1,27788.4978046261,1666.25410083654,1168.992646053,56.198217388752,20.6335163401342,-2760.95048708432
3750,1,2024,1.495974,35.472715,1,32132.8038950395,1041.10155394436,1119.48149143785,61.2820746075468,25.0897288963443,-5332.00551230912
3751,1,2024,1.507382,35.5001,1,31887.4503721959,1291.34428877296,1113.23777384806,61.2820746075468,25.0897288963443,-4729.512525648
3752,1,2024,1.536662,35.631419,1,29711.234866929,827.229150328084,946.059452204092,58.280543015801,26.2888040080531,-4514.66828476958
3753,1,2024,1.734344,35.324677,1,27790.855811368,1667.24763582468,1168.992646053,56.198217388752,20.6335163401342,-2759.20725112741
3754,1,2024,1.495974,35.472715,1,32129.8383370344,1042.19625346807,1119.49828446876,61.2820746075468,25.0897288963443,-5329.14972512772
3755,1,2024,1.738554,35.619629,1,31513.1823614756,-248.67092794535,645.063748992121,52.1768618679469,26.9073018183474,-5625.37499374834
3858,11,2024,1.595731,37.806697,1,34179.7646819857,-1474.77831018261,267.240540185104,50.7449478985746,28.0543416243868,-5373.79292679871
3859,11,2024,1.616488,37.807393,1,34846.1959798199,-1318.65449203214,259.289818988055,50.7449478985746,28.0543416243868,-5707.88430792586
3860,10,2024,2.009488,37.508141,1,38897.5306863019,-2593.16277015462,242.339312523603,48.9315517276938,28.5976314482142,-8087.67136293966
3861,10,2024,1.592822,37.806062,1,34672.4076309843,-1527.20508359317,268.43895269675,50.7449478985746,28.0543416243868,-5530.6499304764
3862,10,2024,1.595146,37.808776,1,34731.4767071978,-1494.0238735218,267.799103009931,50.7449478985746,28.0543416243868,-5527.3424396042
3863,10,2024,1.595146,37.808776,1,34719.420651075,-1493.72795449815,267.794606434822,50.7449478985746,28.0543416243868,-5523.75786928683
3864,9,2024,1.595731,37.806697,1,34174.6866294797,-1474.62588655129,267.236501282712,50.7449478985746,28.0543416243868,-5372.32391493976
3865,6,2024,2.162836,37.851804,1,29572.1644048857,617.229458282478,923.602147963829,52.8388707117975,25.5025887035933,-3838.37134765671
3877,9,2024,1.990223,37.912656,1,29227.5680201354,-1613.02581911059,351.242365974088,52.1050892458529,27.9221837236582,-3612.62027901685
3878,9,2024,1.990223,37.912656,1,29229.2729063346,-1613.04950162499,351.242365974088,52.1050892458529,27.9221837236582,-3612.86994210636
3879,9,2024,1.595146,37.808776,1,34723.6872178393,-1493.68350733324,267.787851523237,50.7449478985746,28.0543416243868,-5525.32192897358
3880,9,2024,1.113251,37.592782,1,38943.9904606402,-1090.06369506094,469.799259820604,55.2741330518755,26.6523425173456,-8947.01041258494
3881,9,2024,1.990223,37.912656,1,29228.6117829378,-1613.14872418948,351.242365974088,52.1050892458529,27.9221837236582,-3612.71538795201
3882,9,2024,1.990223,37.912656,1,29229.9653268551,-1613.68471954361,351.242365974088,52.1050892458529,27.9221837236582,-3612.63919410692
3883,9,2024,2.009488,37.508141,1,38896.8164400213,-2593.15874817633,242.339312523603,48.9315517276938,28.5976314482142,-8086.60599843621
3884,9,2024,1.990223,37.912656,1,29228.0933628132,-1613.67819717965,351.242365974088,52.1050892458529,27.9221837236582,-3612.35386986077
3885,8,2024,1.990223,37.912656,1,29228.471748473,-1613.60393956483,351.242365974088,52.1050892458529,27.9221837236582,-3612.4516878113
3886,8,2024,1.990223,37.912656,1,29230.402402669,-1613.84283921158,351.242365974088,52.1050892458529,27.9221837236582,-3612.62281257431
3887,8,2024,2.162836,37.851804,1,29571.8409819628,618.364318979912,923.602147963829,52.8388707117975,25.5025887035933,-3838.0448746278
3888,7,2024,1.990223,37.912656,1,29227.8467882301,-1613.17038218668,351.242365974088,52.1050892458529,27.9221837236582,-3612.58614031634
3889,7,2024,2.162836,37.851804,1,29572.1346420079,617.28618824054,923.60214796383,52.8388707117975,25.5025887035933,-3838.36037828428
3904,5,2024,1.596262,37.806631,1,34035.5437456911,-1463.18643702361,266.702253469665,50.7449478985746,28.0543416243868,-5346.04499460811
3905,2,2024,1.420153,37.725918,1,38130.5673511349,-1588.12136017854,310.510384052992,51.1472068754808,27.4303415336678,-7443.50267456961
4140,11,2024,2.01406,35.028622,1,29978.1772489133,-332.354704405701,1016.29903174103,63.2200175103751,24.0419155780952,-5052.90711584058
4142,11,2024,1.495974,35.472715,1,32129.2399641245,1041.82328217278,1119.52731769305,61.2820746075468,25.0897288963443,-5328.5635303188
4143,11,2024,2.295554,35.181869,1,28336.0553738957,116.786474338028,905.759836959227,53.9504157023084,25.6659178923171,-4319.32861477811
4144,11,2024,1.495974,35.472715,1,32130.3684439427,1042.14997508315,1119.48884807124,61.2820746075468,25.0897288963443,-5329.66242749486
4145,2,2024,1.470953,35.643873,1,31648.4205707793,-466.594316390361,904.934736193947,58.280543015801,26.2888040080531,-5542.08885349486
4146,4,2024,1.309221,35.207071,1,30111.0570604696,1567.54856168624,1353.20500579857,74.9532103923926,18.1438678581641,-4249.51056316306
4147,2,2024,1.536662,35.631419,1,29707.6208788176,828.669435769932,946.059452204092,58.280543015801,26.2888040080531,-4513.8671356578
4148,4,2024,2.484485,35.148879,1,28970.8858785509,932.802363711041,757.018294748689,52.1453222696512,26.4646742189493,-3676.69301543847
4150,8,2024,1.738554,35.619629,1,31512.604138725,-248.922172847599,645.063748992121,52.1768618679469,26.9073018183474,-5625.36405931149
4160,5,2024,1.495974,35.472715,1,32127.0823759175,1046.02665584156,1119.39291184132,61.2820746075468,25.0897288963443,-5326.53457511526
4533,1,2024,1.959424,35.324677,1,28865.967265288,1263.70231173711,865.995163522079,54.7589155423461,23.954585942892,-3434.6135329578
4534,1,2024,1.728687,35.58767,1,29934.7156594742,-71.7523270215437,709.698838905759,52.1768618679468,26.9073018183474,-4946.59770664885
4535,1,2024,1.533855,35.448918,1,31126.7661475749,710.70778617713,1198.81918202675,62.0747563942298,24.2363759090869,-4668.44844095756
4536,1,2024,1.648451,35.609547,1,31902.3051664898,-65.2864007526868,838.88096502253,53.5014287845331,27.1600198283656,-5938.34012198755
4537,1,2024,1.400963,35.573993,1,31942.4574185759,1006.52326708921,1188.07197198639,63.9340302913113,23.3387767923768,-4944.41826606073
4538,1,2024,1.495974,35.472715,1,32129.8055302096,1041.12590144367,1119.54515496244,61.2820746075468,25.0897288963443,-5329.10097076148
4539,1,2024,1.495974,35.472715,1,32132.2634914034,1040.04879614922,1119.53825626094,61.2820746075468,25.0897288963443,-5331.47035365633
4540,1,2024,1.507382,35.5001,1,31890.0675035355,1294.33168121616,1113.70463730248,61.2820746075468,25.0897288963443,-4728.71962692667
4541,1,2024,1.666667,35.466667,1,29773.8172579308,1580.82991469291,1031.09131902068,53.8858515642676,25.0404642977133,-3867.31841766514
4542,1,2024,1.349859,35.720323,1,30754.8531802872,-851.650584106569,899.974299667119,58.8413024702763,26.45073592271,-5162.15061712845
4543,1,2024,1.648451,35.609547,1,31919.8605918343,-65.4990611186456,837.913537665027,53.4880667839511,27.1574704530531,-5942.37347765086
4544,1,2024,1.734344,35.324677,1,27784.0084727105,1664.22678071225,1168.992646053,56.198217388752,20.6335163401342,-2761.48887138159
4545,1,2024,1.648451,35.609547,1,31903.8447169902,-64.185146115658,838.656683288089,53.4983310298098,27.1594287986491,-5937.57649513946
4546,1,2024,1.495974,35.472715,1,32131.9514963851,1040.87385005615,1119.50954883254,61.2820746075468,25.0897288963443,-5331.17876963323
4547,1,2024,1.58823,35.43436,1,29305.52088966,1619.79963439233,1305.25384700891,58.0997654839822,21.3348242935153,-3776.10760481563
4548,1,2024,1.507382,35.5001,1,31890.3830100887,1293.93828749213,1113.39878795416,61.2820746075468,25.0897288963443,-4731.21345759719
4549,1,2024,1.536662,35.631419,1,29705.1358300908,830.193413940526,946.059452204092,58.280543015801,26.2888040080531,-4510.94662109837
4550,4,2024,1.648451,35.609547,1,31906.1365801159,-65.4349069686356,838.708042464401,53.4990403971214,27.1595641409207,-5939.52055477945
4551,4,2024,1.738554,35.619629,1,31521.4920581926,-244.505879237661,645.063748992121,52.1768618679469,26.9073018183474,-5627.21438240562
4552,4,2024,1.728687,35.58767,1,29933.7747994126,-70.8408893944512,709.698838905759,52.1768618679469,26.9073018183474,-4945.68607268843
4553,4,2024,1.349859,35.720323,1,30753.6719825578,-851.084526844909,900.067343023717,58.8465090725867,26.4487423020175,-5160.51375897049
4554,4,2024,1.728687,35.58767,1,29935.6241382341,-70.5853816635421,709.698838905759,52.1768618679469,26.9073018183474,-4946.23199188887
4555,4,2024,1.507382,35.5001,1,31891.5831795343,1295.04816194944,1113.48660423461,61.2820746075469,25.0897288963443,-4731.74349147736
4556,4,2024,1.603738,35.456279,1,30360.2794469228,583.613409473867,1024.14118153672,56.5057018085572,25.467481815359,-4948.53040645792
4557,4,2024,1.666667,35.466667,1,29770.6715996169,1573.26203735559,1031.09131902068,53.8858515642675,25.0404642977133,-3870.86610022795
4558,4,2024,1.648451,35.609547,1,31909.615572598,-65.5267734908245,838.518772097443,53.4964262155668,27.1590653735485,-5940.33428519925
4559,4,2024,1.648451,35.609547,1,31908.4180085547,-64.2332509446424,838.395063679454,53.4947175684623,27.158739375752,-5938.55794293412
4560,4,2024,1.400963,35.573993,1,31948.035009959,999.327245391358,1188.44082535613,63.9340302913113,23.3387767923768,-4950.22758077619
4561,4,2024,1.495974,35.472715,1,32129.5865022108,1043.50433263728,1119.44752190052,61.2820746075468,25.0897288963443,-5328.92281483336
4562,4,2024,1.648451,35.609547,1,31906.6273946337,-65.4301842387899,838.678747902412,53.4986357838434,27.1594869435657,-5939.61444668885
4563,4,2024,1.797533,35.368568,1,28635.7444555782,299.541950002282,1070.03182248175,53.7303413284415,24.2659408388677,-4161.78102293879
4661,1,2024,1.60508,34.983731,1,32738.6370706587,-365.697688764758,1324.95473708678,58.4667313355256,23.2128753842769,-6903.56796140955
4726,11,2024,1.797533,35.368568,1,28627.232825761,305.032141878612,1071.09245622186,53.7303413284415,24.2659408388677,-4155.44886250403
4737,6,2024,1.734344,35.324677,1,27790.3768683604,1667.17640203617,1168.992646053,56.198217388752,20.6335163401342,-2762.24873059602
4738,7,2024,1.495974,35.472715,1,32133.601226458,1041.32728682115,1119.4548441306,61.2820746075468,25.0897288963443,-5332.77657064508
4740,6,2024,1.495974,35.472715,1,32125.9861331292,1046.87869961367,1119.37974132624,61.2820746075468,25.0897288963443,-5325.48741059255
4741,6,2024,1.495974,35.472715,1,32126.7289023475,1046.06144107807,1119.39895493258,61.2820746075468,25.0897288963443,-5326.19411256216
4742,6,2024,1.58823,35.3436,1,29057.7407547431,1110.90406710611,1254.54116652445,58.5638122831366,20.4375588019255,-4320.75905997727
4743,6,2024,1.648451,35.609547,1,31902.4162348482,-64.8056177179933,838.832129673448,53.5007542760464,27.1598911369115,-5938.02195974699
4744,6,2024,1.495974,35.472715,1,32134.7998882768,1039.68943201974,1119.49907371462,61.2820746075468,25.0897288963443,-5333.92097267203
4745,6,2024,1.507382,35.5001,1,31887.7326805394,1291.64738729909,1113.27883526043,61.2820746075468,25.0897288963443,-4729.49279228961
4746,5,2024,1.507382,35.5001,1,31889.7050650621,1293.46211713284,1113.42057852963,61.2820746075468,25.0897288963443,-4730.39586105015
4747,10,2024,1.734344,35.324677,1,27784.3567748364,1664.30333937292,1168.992646053,56.198217388752,20.6335163401342,-2759.73118301426
4748,10,2024,1.536662,35.631419,1,29707.7862771029,828.79886122598,946.059452204092,58.280543015801,26.2888040080531,-4513.0350271025
4750,5,2024,1.648451,35.609547,1,31904.6806546392,-65.4344874980354,838.792735249596,53.5002101645838,27.1597873242885,-5939.22488181858
4751,5,2024,1.536662,35.631419,1,29708.5168084877,828.705974885335,946.059452204092,58.280543015801,26.2888040080531,-4512.30562175805
4754,10,2024,1.507382,35.5001,1,31887.0143417801,1291.07449628287,1113.26883788678,61.2820746075468,25.0897288963443,-4728.86133109568
4755,11,2024,1.501555,35.806497,1,27783.476780357,-272.293248792983,807.356091875015,51.3557837709867,26.2047126825607,-3917.71440249621
4756,12,2024,1.648451,35.609547,1,31904.4721902427,-65.0272646376537,838.744876657581,53.4995491469587,27.1596612067955,-5938.70079736365
4847,1,2024,1.648451,35.609547,1,31915.0855570156,-64.4319001608265,838.031685588787,53.489698630119,27.1577817977734,-5940.13993016725
4849,4,2024,1.495974,35.472715,1,32132.1822637477,1043.6997243185,1119.38406406348,61.2820746075468,25.0897288963443,-5331.42404088248
4860,5,2024,1.495974,35.472715,1,32127.0471725642,1045.51875021298,1119.41544277603,61.2820746075468,25.0897288963443,-5326.49467393027
4861,5,2024,1.739282,35.467237,1,29681.9326726859,434.019068728331,984.94612760139,53.8858515642676,25.0404642977133,-4574.01761167368
4862,8,2024,1.797533,35.368568,1,28626.3697037465,305.91844050667,1071.17851615933,53.7303413284415,24.2659408388677,-4154.58815599161
4863,8,2024,1.728687,35.58767,1,29932.9015200577,-70.4753154653379,709.698838905759,52.1768618679469,26.9073018183474,-4945.13272610197
4864,8,2024,1.603738,35.456279,1,30350.9791162371,582.367847353496,1024.14118153672,56.5057018085571,25.467481815359,-4943.78342720923
4865,8,2024,1.715365,35.497959,1,31682.6764916591,73.3792490253785,962.761214694441,53.8858515642675,25.0404642977133,-5488.21968741523
4866,8,2024,1.397999,35.586864,1,32399.0532028383,627.981466319586,1261.33561989805,63.9340302913113,23.3387767923769,-5471.34687668935
4867,8,2024,1.728687,35.58767,1,29933.2922425841,-70.22741544166,709.698838905759,52.1768618679469,26.9073018183474,-4945.13032249949
4868,8,2024,1.603738,35.45628,1,30351.0835896044,580.991127094157,1024.14118153672,56.5057018085571,25.467481815359,-4946.70103226518
4869,8,2024,1.648451,35.609547,1,31923.247196879,-67.0279640328256,837.948421545811,53.4885485962874,27.157562379443,-5944.87635355918
4870,8,2024,1.495974,35.472715,1,32127.746565643,1043.07703379834,1119.50555583586,61.2820746075468,25.0897288963443,-5327.13522780893
4871,8,2024,1.648451,35.609547,1,31905.2566317443,-63.7341123236052,838.506127429084,53.4962515687939,27.159032052178,-5937.3270336971
4872,8,2024,1.648451,35.609547,1,31906.2010533695,-64.0752000649046,838.501781771862,53.4961915470529,27.1590206004539,-5937.9224876827
4873,8,2024,1.666667,35.466667,1,29772.3997996132,1577.8647149816,1031.09131902068,53.8858515642675,25.0404642977133,-3868.0159384138
4874,8,2024,1.728687,35.58767,1,29935.644404842,-71.6955460442422,709.698838905759,52.1768618679469,26.9073018183474,-4946.9160239748
4875,8,2024,1.400963,35.573993,1,31943.9253329742,1004.01465190352,1188.25756842791,63.9340302913113,23.3387767923769,-4946.10532539125
4876,9,2024,1.507382,35.5001,1,31890.4805137623,1294.59035685726,1113.67515488931,61.2820746075468,25.0897288963443,-4729.32555343729
4877,8,2024,1.739282,35.467237,1,29682.3603820346,433.989782565574,984.94612760139,53.8858515642675,25.0404642977133,-4574.33104093466
4878,8,2024,1.495974,35.472715,1,32134.5796941742,1039.06420542528,1119.53051336288,61.2820746075468,25.0897288963443,-5333.70240903801
4879,8,2024,1.400963,35.573993,1,31967.804683833,991.593309702203,1187.20636102517,63.9340302913113,23.3387767923769,-4966.30047045587
4880,8,2024,1.797533,35.368568,1,28624.6703916368,306.649980903711,1071.4188084424,53.7303413284415,24.2659408388677,-4153.57157299415
4881,8,2024,1.648451,35.609547,1,31902.7167170092,-65.0025855115696,838.843584829885,53.5009124934111,27.1599213236669,-5938.3158530556
4882,8,2024,1.495974,35.472715,1,32131.9714051532,1043.90731865518,1119.37970089232,61.2820746075468,25.0897288963443,-5331.22238615649
4883,8,2024,1.648451,35.609547,1,31911.3738780244,-64.7917524996944,838.305453331118,53.493479880157,27.1585032335673,-5939.81822506162
4884,7,2024,1.495931,35.472693,1,32125.5061434435,1047.93890413084,1119.34453527873,61.2820746075468,25.0897288963443,-5325.03650541886
4885,5,2024,1.495931,35.472693,1,32128.7021346314,1043.8653273888,1119.45098533029,61.2820746075468,25.0897288963443,-5328.07265302796
4886,5,2024,1.728687,35.58767,1,29933.3092967758,-68.556813164017,709.698838905759,52.1768618679469,26.9073018183474,-4944.12225519495
4887,5,2024,1.666667,35.466667,1,29771.7238189322,1575.58395718073,1031.09131902068,53.8858515642676,25.0404642977133,-3870.13453814328
4888,5,2024,1.648451,35.609547,1,31913.7830149405,-65.4169897132095,838.258417038168,53.4928302200364,27.1583792830059,-5941.04760619733
4889,5,2024,1.603738,35.45628,1,30359.0945537977,582.00714452818,1024.14118153672,56.5057018085571,25.467481815359,-4950.89612979746
4890,5,2024,1.495931,35.472693,1,32126.7756484472,1048.1875075905,1119.30716449634,61.2820746075468,25.0897288963443,-5326.25773676211
4891,5,2024,1.739282,35.467237,1,29680.7093498649,433.95799204741,984.94612760139,53.8858515642676,25.0404642977133,-4572.76918465788
4892,5,2024,1.648451,35.609547,1,31897.7295414881,-63.3062457062465,838.88096502253,53.5014287845331,27.1600198283656,-5935.26523371974
4893,5,2024,1.966667,35.2,1,27849.424226885,388.298973798883,1091.91247927295,57.577310242126,21.3632515565077,-3545.92559214361
4894,5,2024,1.536662,35.631419,1,29712.1647754144,826.7984928464,946.059452204092,58.280543015801,26.2888040080531,-4515.14341279226
4895,5,2024,1.648451,35.609547,1,31917.5763395162,-66.4064384814882,838.185659063089,53.4918252948626,27.1581875503822,-5942.98983901788
4896,5,2024,1.728687,35.58767,1,29934.3936659484,-68.8156785496869,709.698838905759,52.1768618679469,26.9073018183474,-4944.68926078863
4897,5,2024,1.495974,35.472715,1,32128.9175851363,1044.78609311103,1119.40693309215,61.2820746075468,25.0897288963443,-5328.2907819882
4898,5,2024,1.495974,35.472715,1,32124.9534267084,1047.18907268507,1119.38844081079,61.2820746075468,25.0897288963443,-5324.49523745605
4899,5,2024,1.495974,35.472715,1,32125.8315631845,1045.55582417634,1119.4399223565,61.2820746075468,25.0897288963443,-5325.32019609361
4900,5,2024,1.603738,35.456279,1,30355.8462536823,581.810001619955,1024.14118153672,56.5057018085571,25.467481815359,-4948.75387854402
4901,5,2024,1.728687,35.58767,1,29935.1500662082,-71.7344026124275,709.698838905759,52.1768618679469,26.9073018183474,-4946.75187053617
4902,5,2024,1.495974,35.472715,1,32127.1533370016,1044.15598899498,1119.47180339864,61.2820746075468,25.0897288963443,-5326.57797306317
4903,5,2024,1.728687,35.58767,1,29934.3659801254,-71.8271370391403,709.698838905759,52.1768618679469,26.9073018183474,-4946.51032699111
4905,5,2024,1.536662,35.631419,1,29705.4706183622,830.008356046255,946.059452204092,58.280543015801,26.2888040080531,-4511.24994759896
4906,5,2024,1.495974,35.472715,1,32133.4924161805,1041.43265650169,1119.45267251687,61.2820746075468,25.0897288963443,-5332.67241135051
4907,4,2024,1.797533,35.368568,1,28627.3200719246,303.962104640931,1071.15163787493,53.7303413284415,24.2659408388677,-4156.1909721192
4910,4,2024,1.728687,35.58767,1,29933.8810847084,-71.5948728222011,709.698838905759,52.1768618679469,26.9073018183474,-4946.18478455688
4911,4,2024,1.728687,35.58767,1,29932.9250800182,-69.4632272658775,709.698838905759,52.1768618679469,26.9073018183474,-4944.52724031651
4912,6,2024,1.715365,35.497959,1,31684.2363521188,69.0642432161756,963.428609976952,53.8858515642676,25.0404642977133,-5492.00295217413
4913,4,2024,1.966667,35.2,1,27856.5863422938,387.800804799575,1091.89033943843,57.577310242126,21.3632515565077,-3550.07123723129
4914,5,2024,1.495965,35.472716,1,32133.1554088041,1039.92042257401,1119.52450786545,61.2820746075468,25.0897288963443,-5332.33302616827
4915,4,2024,1.536662,35.631419,1,29706.9723404045,829.029832174081,946.059452204092,58.280543015801,26.2888040080531,-4513.27139850346
4916,4,2024,1.533855,35.448918,1,31120.8869910424,713.218085451017,1198.66981393045,62.0729247264764,24.2383477711572,-4664.47091993413
4918,4,2024,1.797533,35.368568,1,28623.5282061696,305.977753635315,1071.659751034,53.7303413284415,24.2659408388677,-4153.66458066508
4919,4,2024,1.966667,35.2,1,27848.7509088826,387.946726423019,1091.90366236641,57.577310242126,21.3632515565077,-3546.12235324168
4920,4,2024,1.397999,35.586864,1,32418.1064087909,620.736695320037,1259.35660723437,63.9340302913113,23.3387767923769,-5489.4687962066
4921,4,2024,1.728687,35.58767,1,29936.4285226177,-70.1383180539466,709.698838905759,52.1768618679469,26.9073018183474,-4946.26432017248
4922,4,2024,1.648451,35.609547,1,31902.2164220229,-63.5937341693946,838.664137130359,53.4984339814619,27.159448441097,-5936.54640143152
4923,4,2024,1.397999,35.586864,1,32417.8208674073,620.58440891259,1259.13488123867,63.9340302913113,23.3387767923768,-5490.10513218218
4924,4,2024,1.495974,35.472715,1,32132.7022183911,1039.74716617512,1119.54173190182,61.2820746075468,25.0897288963443,-5331.89170710591
4925,4,2024,1.648451,35.609547,1,31912.0197076188,-65.4824680746313,838.371596899996,53.4943934478776,27.1586775358343,-5940.76853492905
4926,4,2024,1.734344,35.324677,1,27785.1035044149,1664.68008823319,1168.992646053,56.198217388752,20.6335163401342,-2760.48434605168
4927,4,2024,1.728687,35.58767,1,29934.8085115138,-70.644055871594,709.698838905759,52.1768618679469,26.9073018183474,-4945.95847019641
4928,4,2024,1.536662,35.631419,1,29711.5050516236,827.078095717656,946.059452204092,58.280543015801,26.2888040080531,-4514.92241909597
4929,4,2024,1.715365,35.497959,1,31679.7438732887,76.023308144314,962.433160558716,53.8858515642676,25.0404642977133,-5485.7038209257
4930,4,2024,1.648451,35.609547,1,31898.5563670293,-63.6530345540602,838.88096502253,53.5014287845331,27.1600198283656,-5935.82089504799
4931,4,2024,1.666667,35.466667,1,29773.5057614291,1580.24917297261,1031.09131902068,53.8858515642676,25.0404642977133,-3867.32156775107
4932,4,2024,1.728687,35.58767,1,29932.8359029241,-70.9831894274976,709.698838905759,52.1768618679469,26.9073018183474,-4945.41618243091
4933,4,2024,1.797533,35.368568,1,28636.049264533,300.842849252558,1069.88618389257,53.7303413284415,24.2659408388677,-4161.00234528234
4934,4,2024,1.495974,35.472715,1,32127.091930361,1044.5315837311,1119.45693536629,61.2820746075468,25.0897288963443,-5326.52434420987
4935,4,2024,1.495974,35.472715,1,32129.0530953051,1042.40330934414,1119.50633550833,61.2820746075468,25.0897288963443,-5328.39167754159
4936,4,2024,1.715365,35.497959,1,31682.9928376543,76.6158081550771,962.201267583752,53.8858515642675,25.0404642977133,-5485.54005019826
4937,4,2024,1.495974,35.472715,1,32134.3190561868,1040.07516923223,1119.49290269806,61.2820746075468,25.0897288963443,-5333.45976746863
4938,4,2024,1.648451,35.609547,1,31909.6535186955,-64.9300365511038,838.427317855411,53.4951630596039,27.1588243723146,-5939.63449697427
4939,4,2024,1.495974,35.472715,1,32130.48585486,1042.65139647122,1119.46481240974,61.2820746075468,25.0897288963443,-5329.78204183645
4940,4,2024,1.507382,35.5001,1,31888.2738801468,1292.1158617885,1113.3038507582,61.2820746075468,25.0897288963443,-4729.8418672465
4941,4,2024,1.648451,35.609547,1,31907.7954988957,-64.7989050951471,838.516610618231,53.4963963614529,27.1590596775944,-5939.10312986959
4943,4,2024,1.648451,35.609547,1,31901.6900587901,-64.3336902141714,838.804946211682,53.5003788210532,27.1598195027513,-5937.31643118689
4944,4,2024,1.495931,35.472693,1,32125.3497380217,1047.99473876234,1119.34545979456,61.2820746075468,25.0897288963443,-5324.88658614772
4945,3,2024,1.495974,35.472715,1,32128.8058074029,1042.12807716569,1119.52357777627,61.2820746075468,25.0897288963443,-5328.14714596405
5053,2,2024,1.536662,35.631419,1,29710.1449332523,827.665777334918,946.059452204092,58.280543015801,26.2888040080531,-4514.41702492564
5054,5,2024,1.728687,35.58767,1,29934.7005545895,-69.4964496841657,709.698838905759,52.1768618679469,26.9073018183474,-4945.21932729864
5064,5,2024,1.648451,35.609547,1,31902.8511916837,-64.6137983376765,838.778448351889,53.5000128355193,27.159749675297,-5937.8830769511
5076,3,2024,1.648451,35.609547,1,31911.8289215567,-65.1771940685509,838.336878933103,53.4939139271258,27.1585860466625,-5940.36774522338
5098,2,2024,1.507382,35.5001,1,31889.6423763431,1293.59683820849,1113.50813857321,61.2820746075468,25.0897288963443,-4729.70597132315
5099,2,2024,1.728687,35.58767,1,29935.0105093188,-69.270030541227,709.698838905759,52.1768618679469,26.9073018183474,-4945.19881474582
5100,2,2024,1.648451,35.609547,1,31903.0206334402,-65.2218307093189,838.858083882193,53.5011127527317,27.1599595317306,-5938.63675985761
5102,3,2024,1.728687,35.58767,1,29935.6931973189,-70.245781679688,709.698838905759,52.1768618679469,26.9073018183474,-4946.05129451301
5103,2,2024,1.535821,35.675145,1,28037.7969536476,1029.9119504105,931.556453476114,55.357259451369,26.1101815659709,-3614.65275594716
5151,2,2024,1.939699,35.137879,1,29054.5719188052,839.208817261632,1055.13272762446,59.7513279887872,23.5439013885887,-4208.09413836826
5175,10,2024,1.648451,35.609547,1,31907.9887450495,-64.4726287449603,838.456361930793,53.4955642131884,27.1589009095845,-5938.75526306171
5176,10,2024,1.536662,35.631419,1,29705.0149864894,830.121866436043,946.059452204092,58.280543015801,26.2888040080531,-4511.45510764929
5177,10,2024,1.666667,35.466667,1,29773.1666575581,1579.62046311743,1031.09131902068,53.8858515642676,25.0404642977133,-3867.32252071385
5178,10,2024,1.797533,35.368568,1,28635.0877418041,299.676120779621,1070.13352976703,53.7303413284415,24.2659408388677,-4161.48565123413
5179,10,2024,1.495974,35.472715,1,32133.2950683577,1040.81722661546,1119.48312869132,61.2820746075468,25.0897288963443,-5332.47728131832
5180,10,2024,1.507382,35.5001,1,31892.5126751793,1296.26778875366,1113.72611064515,61.2820746075468,25.0897288963443,-4730.91654567488
5181,10,2024,1.393775,35.417917,1,32187.8622907998,4227.72726124697,1523.80978957943,69.9810358476599,19.4959473226023,-2564.6386107706
5182,10,2024,1.536662,35.631419,1,29707.7012932891,828.66783923809,946.059452204092,58.280543015801,26.2888040080531,-4513.74997027703
5183,10,2024,1.507382,35.5001,1,31893.1798715047,1296.85842046927,1113.76177603996,61.2820746075468,25.0897288963443,-4731.30176664877
5184,10,2024,1.666667,35.466667,1,29773.379603836,1580.41702461249,1031.09131902068,53.8858515642675,25.0404642977133,-3866.49620835213
5185,10,2024,1.797533,35.368568,1,28635.1629013316,301.922733171319,1069.95904641137,53.7303413284415,24.2659408388677,-4160.0004742023
5186,10,2024,1.797533,35.368568,1,28632.1465202931,299.563701072094,1070.63894537805,53.7303413284415,24.2659408388677,-4160.64002230284
5187,10,2024,1.536662,35.631419,1,29706.433280459,829.48303710582,946.059452204092,58.280543015801,26.2888040080531,-4512.09203763974
5188,10,2024,1.648451,35.609547,1,31918.3399202968,-65.3993596616925,837.987864238372,53.4890933744321,27.1576663192643,-5941.94773733829
5189,12,2024,1.666667,35.466667,1,29772.1906555537,1576.93718840714,1031.09131902068,53.8858515642675,25.0404642977133,-3869.12782963555
5190,10,2024,1.797533,35.368568,1,28625.7673878682,301.095625556415,1071.60934830305,53.7303413284415,24.2659408388677,-4157.61600195767
5191,10,2024,1.58823,35.43436,1,29305.2443008011,1619.54502455543,1305.25384700891,58.0997654839822,21.3348242935153,-3775.86370970378
5192,10,2024,1.495974,35.472715,1,32129.5693547135,1042.01941401769,1119.5117142242,61.2820746075468,25.0897288963443,-5328.88636276326
5193,10,2024,1.648451,35.609547,1,31903.8451170712,-65.1218059403172,838.795377751808,53.5002466625346,27.1597942878396,-5938.68559723997
5311,5,2024,2.804115,40.923687,1,41336.2256654243,-1652.9527424902,382.914037636597,54.2529954521601,28.1940827819602,-6548.898289043
5345,10,2024,1.536662,35.631419,1,29710.1514490854,827.792186779447,946.059452204092,58.280543015801,26.2888040080531,-4513.84102352404
5349,3,2024,2.841198,35.040193,1,33036.6658675368,-2457.52565592417,418.983873816149,52.7896424717,27.5339009616762,-6017.53737904861
5351,4,2024,3.00315,34.950662,1,27998.5439751295,-724.38506618898,688.688889839937,55.5488676596607,24.1129212047378,-3449.81323951904
5353,4,2024,2.841198,35.040193,1,33031.4653658659,-2458.56263799686,418.983873816149,52.7896424717,27.5339009616762,-6019.12496015922
5354,4,2024,3.022222,34.936389,1,28546.3941380785,-721.085456911482,691.075972422957,56.2111571738049,23.8812087887624,-3777.60704940921
5355,4,2024,3.00315,34.950662,1,27997.9310613776,-721.893479682122,688.613415073418,55.5254010275365,24.121131375529,-3448.96627023714
5356,1,2024,3.00315,34.950662,1,27998.4653533877,-724.019843896121,688.677915717414,55.5455760893737,24.114072812437,-3449.69769661634
5357,4,2024,3.00315,34.950662,1,27995.3949600433,-724.236347413721,688.440899463646,55.5110209699191,24.1261624651374,-3447.83605738444
5359,5,2024,3.35468,35.346625,1,40972.0682065484,-2563.23917297825,309.606933183743,47.7129583645097,28.623622350153,-7745.7172882385
5360,5,2024,3.021741,35.346625,1,37935.8403806616,-2411.97054957419,220.7826998237,47.503981144973,29.135009977206,-8578.94719948223
5361,5,2024,3.00315,34.950662,1,28000.3546930123,-720.761479531396,688.784650860552,55.5465055421708,24.1137476287392,-3450.26644129021
5362,5,2024,2.841198,35.040193,1,33037.6528918448,-2457.31916433042,418.983873816149,52.7896424717,27.5339009616762,-6017.19867486665
5363,5,2024,3.35468,35.346625,1,40967.3287622956,-2563.11965706582,309.549800773634,47.703849119621,28.6319190795514,-7747.15184370535
5366,5,2024,3.022222,34.936389,1,28542.6095958288,-720.195662331772,691.075972422957,56.2111571738049,23.8812087887624,-3775.44065457801
5367,1,2024,3.022222,34.936389,1,28542.3841326015,-717.03347551653,691.075972422957,56.2111571738049,23.8812087887624,-3773.95682577587
5368,5,2024,2.757745,34.87759,1,31349.3609807952,-2013.36311410177,545.336794779432,55.3998244106782,26.5183673476478,-6214.35815333859
5369,5,2024,2.841198,35.040193,1,33036.2689725926,-2458.62685990704,418.983873816149,52.7896424717,27.5339009616762,-6021.63338471688
5371,5,2024,3.021741,35.346625,1,37936.0019479472,-2412.86743161597,220.749940979615,47.502246274394,29.1371708029672,-8580.09832609151
5373,6,2024,3.021741,35.346625,1,37935.2662994026,-2411.77053206348,220.799801542923,47.5048868322876,29.1338819204478,-8578.43101154015
5378,2,2024,3.022222,34.936389,1,28544.9767736421,-718.051073708958,691.075972422958,56.2111571738049,23.8812087887624,-3775.62047634289
5379,6,2024,2.563048,35.258796,1,37874.8988942715,-2324.75904207457,285.515509803779,48.9730580850501,29.0236583952913,-8151.99569166082
5380,7,2024,2.572518,34.990619,1,33598.5565243513,-1086.87327577612,569.393743894994,52.6573726223626,27.5538575677924,-6949.35937625918
5381,7,2024,2.757745,34.87759,1,31351.658194763,-2013.39363769867,545.336794779432,55.3998244106781,26.5183673476478,-6213.98163203317
5382,7,2024,2.876673,35.256246,1,35871.6163474611,-2328.07446570063,287.901184479519,47.29732034445,29.0815297291796,-7525.05012399726
5384,8,2024,2.866041,35.176928,1,33241.2286815524,-2261.40605418384,315.391555847338,47.6718223755945,29.0268015390754,-5465.23058706889
5385,8,2024,2.572518,34.990619,1,33601.8585502738,-1088.63048628838,569.393743894994,52.6573726223626,27.5538575677924,-6952.48967810943
5386,8,2024,3.00315,34.950662,1,27997.8519769324,-722.151241178775,688.609828248197,55.5261654464254,24.1208639315429,-3448.96620959393
5387,8,2024,3.022222,34.936389,1,28544.1570360824,-717.763556448897,691.075972422957,56.2111571738049,23.8812087887624,-3775.10954014833
5390,9,2024,3.00315,34.950662,1,27998.0392026792,-721.55274314705,688.618485457606,55.5244316708017,24.1214705202476,-3448.96847840976
5391,9,2024,3.022222,34.936389,1,28541.2764281178,-716.369447295882,691.075972422957,56.2111571738049,23.8812087887624,-3773.14599028265
5392,9,2024,2.841198,35.040193,1,33026.7742516591,-2459.64960664413,418.983873816149,52.7896424717,27.5339009616762,-6021.14948951979
5393,2,2024,2.841198,35.040193,1,33027.5920152861,-2459.6613782477,418.983873816149,52.7896424717,27.5339009616762,-6021.58077694355
5394,9,2024,2.981014,34.641403,1,28243.3344788007,437.71046980693,809.820430255451,57.7404991379735,24.7619014010403,-2683.01651300697
5395,9,2024,2.841198,35.040193,1,33025.862259819,-2459.68655275282,418.983873816149,52.7896424717,27.5339009616762,-6020.86354849004
5396,10,2024,3.021741,35.346625,1,37938.0208643057,-2412.04717059111,220.740479827996,47.5017452227225,29.1377948756633,-8580.08966825519
5397,10,2024,3.022222,34.936389,1,28542.7373351462,-718.735744124158,691.075972422958,56.2111571738049,23.8812087887624,-3774.86313949927
5398,10,2024,2.841198,35.040193,1,33024.4933878494,-2460.39395455473,418.983873816149,52.7896424717,27.5339009616762,-6022.97721459763
5399,7,2024,3.00315,34.950662,1,27997.3256169538,-724.835065741685,688.598223437803,55.5375498717185,24.1168809110771,-3449.14419607315
5400,2,2024,2.757745,34.87759,1,31350.8620839561,-2011.64584283059,545.336794779432,55.3998244106782,26.5183673476478,-6212.51222292566
5401,10,2024,2.857829,36.219685,1,36354.9055839731,-2677.27403887939,197.326358055157,49.2606350400713,30.6308221215976,-5786.69899152623
5402,11,2024,3.022222,34.936389,1,28547.0510342046,-721.698441854307,691.075972422958,56.2111571738049,23.8812087887624,-3778.18300900355
5404,11,2024,3.00315,34.950662,1,27995.8780397046,-724.071950774758,688.476736972418,55.5156058867867,24.12455835977,-3448.10452822182
5406,12,2024,2.966667,34.7,1,27693.7328326385,-464.022790468806,714.435901029436,56.7846538088647,25.7278195476706,-3736.31197179954
5407,2,2024,2.563048,35.258796,1,37872.7509738246,-2324.01504506684,285.515509803779,48.9730580850501,29.0236583952912,-8153.89254858162
5408,2,2024,2.573833,34.990967,1,33692.0946124039,-1124.21911081563,569.393743894994,52.6573726223626,27.5538575677924,-6993.3428030932
5472,1,2024,2.721926,34.92861,1,33678.2833279904,-1882.10227759537,531.932020132313,54.3936953991503,26.774329003784,-6852.67315044393
5607,10,2024,1.488327,35.022295,1,34513.1030466308,-847.384786848125,1109.51617380583,57.1237549204365,22.9188780418077,-7606.31009016949
5613,10,2024,1.728687,35.58767,1,29935.4061951485,-71.6149974114179,709.698838905759,52.1768618679469,26.9073018183474,-4946.77645904917
5615,12,2024,1.966667,35.2,1,27853.0763767241,387.761414244198,1091.8933572789,57.577310242126,21.3632515565077,-3548.46394744205
5617,10,2024,1.495974,35.472715,1,32131.4040143165,1043.79331055605,1119.3965182429,61.2820746075468,25.0897288963443,-5330.67669439004
5618,10,2024,1.648451,35.609547,1,31905.9227863832,-65.6614098566357,838.753867854809,53.4996733323889,27.1596849004982,-5939.74521572059
5620,10,2024,1.790621991,35.30270424,1,27900.5509880039,-66.7821221472946,1082.82212678967,55.2864044233387,23.1162065919414,-4255.20343377124
5621,10,2024,2.009217,35.204115,1,29720.6926802792,1092.06008607746,1182.19927243097,57.577310242126,21.3632515565077,-4165.53151923406
5624,12,2024,1.666667,35.466667,1,29773.5224602431,1580.62274927508,1031.09131902068,53.8858515642676,25.0404642977133,-3866.61250642586
5625,12,2024,1.495974,35.472715,1,32126.8437647189,1045.30384303697,1119.42903026777,61.2820746075468,25.0897288963443,-5326.2953981203
5626,12,2024,1.966667,35.2,1,27844.3486092125,388.258349023793,1091.91736748538,57.577310242126,21.3632515565077,-3543.57062910495
5627,10,2024,1.635839,35.049829,1,33519.6411550373,-782.100138861171,1113.16053582979,58.6256862260192,23.2436753191916,-7116.56801416621
5629,10,2024,1.705073,35.192863,1,25954.0463787491,409.721890012226,1144.24131572913,56.8365068379151,23.0816351232199,-3184.18372820449
5630,10,2024,2.01,35.21,1,29686.3251858033,994.366354559704,1182.19927243097,57.577310242126,21.3632515565077,-4232.90827228374
5631,10,2024,1.705073,35.192863,1,25952.4539606343,409.447513239851,1144.3537390758,56.8365068379151,23.0816351232199,-3182.87656470751
5632,10,2024,1.966667,35.2,1,27849.9161299659,387.852241306711,1091.89965209042,57.577310242126,21.3632515565077,-3546.82012182705
5633,10,2024,1.966667,35.2,1,27863.5753364181,388.112739891431,1091.89095630304,57.577310242126,21.3632515565077,-3552.90704265017
5634,10,2024,2.273011,35.003197,1,31217.2427450519,-681.019445912083,1027.60352066637,59.3071387930053,21.405559481428,-6542.71869113129
5635,7,2024,1.488327,35.022295,1,34510.2734400628,-846.435935828132,1109.51617380583,57.1237549204364,22.9188780418077,-7605.39914435125
5636,10,2024,1.60508,34.983731,1,32734.7636046072,-364.823252626776,1324.95473708678,58.4667313355256,23.2128753842769,-6901.25856618829
5637,10,2024,1.554851,34.948367,1,32769.9045248909,-58.9787851017446,1401.6953884554,55.5885500610991,23.6247090533825,-6780.27028946553
5638,7,2024,1.648451,35.609547,1,31913.6733094025,-65.388769328181,838.260590934469,53.4928602456537,27.1583850116816,-5940.99191536528
5639,11,2024,1.391984,35.291743,1,29665.1136176782,739.119659921125,1018.02513469978,70.3437321727407,21.0797693818862,-4791.39154021593
5640,11,2024,2.295554,35.181869,1,28340.5037673633,113.943411425409,905.360697842313,53.9504157023084,25.6659178923171,-4322.07174795038
5641,11,2024,1.400206,35.044323,1,33837.2763692239,-347.946861714708,1141.5331215334,60.3674840525949,21.1245244941642,-6954.69867389853
5642,11,2024,1.966667,35.2,1,27845.2379695521,387.857093262506,1091.90535145822,57.577310242126,21.3632515565077,-3544.58406421061
5643,11,2024,1.495974,35.472715,1,32125.5432415769,1045.77255143845,1119.43678137961,61.2820746075468,25.0897288963443,-5325.04457764067
5645,12,2024,1.495974,35.472715,1,32133.3258246018,1040.45224711361,1119.49806891065,61.2820746075468,25.0897288963443,-5332.50360009829
5647,7,2024,1.59,35.04,1,33284.8039960893,-224.427302889956,1175.02218123465,58.4667313355256,23.2128753842769,-6828.79742096643
5648,11,2024,1.966667,35.2,1,27836.3277244384,388.014410714719,1091.92036625233,57.577310242126,21.3632515565077,-3540.09758997728
5649,11,2024,2.295554,35.181869,1,28333.0131530682,113.471360865994,906.024817544819,53.9504157023084,25.6659178923171,-4322.66099959634
5650,6,2024,2.010564,35.029643,1,30273.5983460405,-248.951154040699,1016.29903174103,63.2200175103751,24.0419155780952,-5186.98891351675
5651,11,2024,1.966667,35.2,1,27849.981414612,388.370943566636,1091.913755738,57.577310242126,21.3632515565077,-3546.08752436891
5652,11,2024,1.615541,35.048429,1,32880.9467410025,-383.504353202109,1113.91536586909,58.5184523945091,23.2228971284678,-6875.90398110797
5653,11,2024,1.734344,35.324677,1,27791.8663384261,1667.69361126982,1168.992646053,56.198217388752,20.6335163401342,-2758.88563344079
5654,11,2024,2.009217,35.204115,1,29713.1605083212,1092.66245268533,1182.19927243097,57.577310242126,21.3632515565077,-4161.09305485615
5655,11,2024,1.728687,35.58767,1,29935.3470347656,-71.9298203317637,709.698838905759,52.1768618679469,26.9073018183474,-4946.94574218906
5656,11,2024,1.728687,35.58767,1,29935.6292273377,-70.7332091781741,709.698838905759,52.1768618679469,26.9073018183474,-4946.32397205667
5657,11,2024,1.589614,34.985221,1,33830.2372723916,-530.857299606362,1380.11109427516,58.4667313355256,23.2128753842769,-7348.43682353617
5658,12,2024,1.495974,35.472715,1,32129.6263371022,1043.24562792214,1119.45776045369,61.2820746075468,25.0897288963443,-5328.95830418799
5659,12,2024,1.966667,35.2,1,27831.553649891,387.980147880105,1091.92521870591,57.577310242126,21.3632515565077,-3537.86410452015
5660,2,2024,1.536662,35.631419,1,29710.14375438,827.809887448458,946.059452204092,58.280543015801,26.2888040080531,-4513.77367382431
5661,2,2024,2.009217,35.204115,1,29725.2775806941,1090.31593342616,1182.19927243097,57.577310242126,21.3632515565077,-4169.7055799759
5662,11,2024,1.442384,35.137879,1,32136.2639870436,-758.816424615382,1290.3708965073,64.8156759585689,21.0112522576056,-6577.65879424637
5663,12,2024,1.734344,35.324677,1,27788.1468390223,1666.04552178126,1168.992646053,56.198217388752,20.6335163401342,-2759.94692915886
5664,11,2024,1.495974,35.472715,1,32128.7223797903,1044.83395421824,1119.40904164176,61.2820746075468,25.0897288963443,-5328.10309943479
5666,6,2024,1.554851,34.948367,1,32766.3261598513,-58.3046455485746,1401.70477208443,55.5876356848968,23.6244632020416,-6778.32218888374
5667,7,2024,1.705073,35.192863,1,25950.7760218268,409.1272349771,1144.47613239382,56.8365068379151,23.0816351232199,-3181.49954633494
5668,7,2024,1.728687,35.58767,1,29933.2399160712,-68.6657351634593,709.698838905759,52.1768618679469,26.9073018183474,-4944.16217261067
5670,11,2024,1.734344,35.324677,1,27787.4174908103,1665.68057098152,1168.992646053,56.198217388752,20.6335163401342,-2759.28244681956
5671,11,2024,1.589614,34.985221,1,33835.2714216131,-531.655090339379,1380.11109427516,58.4667313355256,23.2128753842769,-7349.65688625788
5672,11,2024,1.728687,35.58767,1,29934.9715357073,-71.6246163698694,709.698838905759,52.1768618679469,26.9073018183474,-4946.61719271526
5673,11,2024,1.417537,35.192863,1,30729.4103563326,-138.521107279744,1187.33737728507,68.6546425216549,21.2881262843509,-6143.0679274022
5674,11,2024,1.615541,35.048429,1,32876.7972092168,-380.681130154347,1113.8977706822,58.5209520291395,23.2233814708097,-6871.76880580344
5675,11,2024,1.400206,35.044323,1,33821.0950055045,-340.805554236449,1141.58222155127,60.3674840525949,21.1245244941642,-6947.41149246864
5676,11,2024,1.966667,35.2,1,27840.1486396313,388.231474052137,1091.9216358786,57.577310242126,21.3632515565077,-3541.60864918191
5677,11,2024,1.966667,35.2,1,27855.023009356,388.19334934051,1091.90307526666,57.577310242126,21.3632515565077,-3548.73609714254
5678,11,2024,1.63,35.05,1,32958.0778602677,-756.21672937329,1113.05863586465,58.6401624963368,23.2464803174034,-6863.61960479985
5679,11,2024,1.495974,35.472715,1,32132.5744469082,1041.18152768203,1119.48298557245,61.2820746075468,25.0897288963443,-5331.78463248281
5680,11,2024,2.295554,35.181869,1,28338.2791619133,115.623614834138,905.560258528276,53.9504157023084,25.6659178923171,-4320.44282500999
5681,11,2024,1.495974,35.472715,1,32129.8377977954,1041.12725111506,1119.54439460678,61.2820746075468,25.0897288963443,-5329.13235055586
5682,11,2024,1.470953,35.643873,1,31650.4410678044,-467.55616737824,904.934736193947,58.280543015801,26.2888040080531,-5543.61934329681
5683,11,2024,1.728687,35.58767,1,29933.8811205151,-71.4132934460526,709.698838905759,52.1768618679469,26.9073018183474,-4946.07440020655
5684,11,2024,1.491713,35.011236,1,34626.0099526528,-915.624432744759,1109.51617380583,57.1237549204365,22.9188780418077,-7522.16896206045
5685,11,2024,1.817617,35.249392,1,29914.3789649625,-536.257406714201,957.802126022813,56.309323814568,23.6704074657123,-5170.38343574777
5686,11,2024,2.295554,35.181869,1,28342.2254018004,119.954187507219,905.209270969436,53.9504157023084,25.6659178923171,-4316.07006355986
5688,11,2024,0.966155,36.016247,1,28817.0526561131,-1393.15601838584,741.155954122543,54.3566229170481,27.1017144666995,-3921.10396904785
5689,11,2024,1.495974,35.472715,1,32131.4830694046,1043.8498642049,1119.39244287376,61.2820746075468,25.0897288963443,-5330.75300375818
5690,11,2024,1.966667,35.2,1,27861.4956351399,387.960133645817,1091.88910331783,57.577310242126,21.3632515565077,-3552.15422357484
5691,11,2024,1.797533,35.368568,1,28630.3152133375,302.161351820462,1070.76750994988,53.7303413284415,24.2659408388677,-4158.32931404075
5692,9,2024,1.26,35.28,1,30365.9446368369,2453.23788832753,1517.27891993514,76.2543037060157,17.6385203335455,-3868.92793053186
5693,9,2024,2.276595,35.003848,1,30805.1546663291,-691.870114272657,1027.60352066637,59.3071387930053,21.405559481428,-6439.18435524171
5694,9,2024,2.009217,35.204115,1,29717.2447770023,1093.24679705902,1182.19927243097,57.577310242126,21.3632515565077,-4162.5220322061
5695,9,2024,1.4121,35.032,1,34990.5357885797,-922.165126481296,1125.68879870383,60.3674840525949,21.1245244941642,-7710.81426776808
5696,12,2024,1.648451,35.609547,1,31913.876577588,-64.5984328932491,838.128634768707,53.4910376815614,27.1580372793286,-5940.09404768096
5697,12,2024,1.391984,35.291743,1,29676.2079747334,737.599926316891,1018.02513469978,70.3437321727407,21.0797693818862,-4798.56803114764
5698,12,2024,1.554077,35.137879,1,32888.7254586552,-564.898584790147,1188.31036505062,59.2120887484547,23.2330269212073,-7084.47967710439
5699,12,2024,1.261311,35.286253,1,30168.4036400765,2516.73047968247,1517.27891993514,76.2543037060157,17.6385203335455,-3882.62744167124
5700,12,2024,1.30811,35.206604,1,30094.2263918409,1540.99640102882,1353.20500579857,74.9532103923927,18.1438678581641,-4219.44465135911
5707,10,2024,1.495974,35.472715,1,32130.5884163946,1043.05494926365,1119.44534067671,61.2820746075468,25.0897288963443,-5329.88533809628
5708,10,2024,1.966667,35.2,1,27845.7528218499,388.327282582138,1091.91755406775,57.577310242126,21.3632515565077,-3544.14050856662
5709,10,2024,1.398694,35.023495,1,32533.4473346969,-309.911920114923,1145.57596819141,60.3674840525949,21.1245244941642,-6694.68986037137
5710,10,2024,1.39074,35.132379,1,33414.6584174039,-757.037345685877,1319.28187225509,65.2084227259175,20.8627036853783,-6977.88943254831
5711,10,2024,1.742595,35.313701,1,26841.358176795,1279.98199810121,1168.992646053,56.198217388752,20.6335163401342,-2812.68740209338
5712,10,2024,1.728687,35.58767,1,29936.246720027,-70.2445092435404,709.698838905759,52.1768618679469,26.9073018183474,-4946.26020112598
5714,10,2024,1.666667,35.466667,1,29772.3602595763,1577.9061296397,1031.09131902068,53.8858515642675,25.0404642977133,-3867.78398541054
5715,10,2024,1.790621991,35.30270424,1,27888.9562489336,-63.9345927070388,1083.36869960894,55.2864044233387,23.1162065919414,-4247.20561997841
5716,9,2024,1.966667,35.2,1,27834.9676174556,388.073090978602,1091.92359485294,57.577310242126,21.3632515565077,-3539.3626665958
5717,9,2024,1.300454,35.199375,1,30016.9750381668,1709.34838273167,1647.94818937829,74.9532103923926,18.1438678581641,-3972.00537166113
5718,9,2024,1.495974,35.472715,1,32127.9935224954,1044.48978648011,1119.43936382253,61.2820746075468,25.0897288963443,-5327.39574755777
5719,9,2024,2.095474,35.094627,1,29790.7854187416,362.582571856478,1006.72320239042,59.5950936725433,22.3337621261513,-4524.24767581409
5720,9,2024,2.076213,35.45491,1,34186.7248847676,-1026.82211451254,495.165625098467,51.9428958994206,28.0835918058246,-6344.62329202662
5721,9,2024,1.966667,35.2,1,27859.8126040698,387.847731936933,1091.88789409162,57.577310242126,21.3632515565077,-3551.52977801937
5722,9,2024,1.966667,35.2,1,27863.5119177202,388.009311936956,1091.88814920157,57.577310242126,21.3632515565077,-3553.03382416429
5723,9,2024,2.1,35.09,1,29483.2027222127,368.345709215268,994.776529582918,59.5950936725433,22.3337621261513,-4447.52248504049
5724,9,2024,1.495974,35.472715,1,32132.0302589411,1041.45718134635,1119.48285386716,61.2820746075468,25.0897288963443,-5331.26157821262
5725,9,2024,1.760062,35.247811,1,28674.2838643646,-34.7353589891097,1035.19917649714,56.6515657626282,23.8558285148021,-4548.06834932252
5726,9,2024,1.27,35.06,1,30356.6784172506,1646.2986557382,1492.72161667755,71.4503274867435,17.8552433882472,-3932.53174927903
5727,9,2024,1.561638,35.029316,1,34110.9382697454,-846.181494607552,1175.02218123465,58.4667313355256,23.2128753842769,-7595.81643047056
5728,9,2024,1.290104,35.079476,1,30442.7330924821,1495.76723460124,1492.72161667755,71.4503274867435,17.8552433882472,-4086.61635093498
5731,5,2024,2.804115,40.923687,1,41327.6353806276,-1652.9281761617,382.920087031047,54.2529954521601,28.1940827819602,-6545.46998295043
5772,2,2024,2.056447,35.430011,1,33353.3148866593,-255.49606757844,542.025154748699,53.2725071204909,27.9245286298797,-6104.28110243629
5773,2,2024,2.056447,35.430011,1,33332.4353593206,-242.203769487098,542.025154748699,53.2725071204909,27.9245286298797,-6087.20469616818
5775,3,2024,2.056447,35.430011,1,33346.3391292575,-252.348321048572,542.025154748699,53.2725071204909,27.9245286298797,-6099.03425108192
5776,9,2024,2.056447,35.430011,1,33341.5395687361,-248.939130884797,542.025154748699,53.2725071204909,27.9245286298797,-6094.98370920422
5809,2,2024,3.924354,41.227552,1,39896.9567639225,-1103.27306349895,319.120715444471,49.8825074240546,28.9793659939792,-7242.72416582873
5811,5,2024,3.955735,41.788467,1,38033.0904602398,-1075.53583518648,257.674681342464,47.8221126714264,29.9244537442544,-8850.61242309014
5813,6,2024,3.874555,41.721711,1,37480.1601774572,-944.985108257055,251.339526697211,48.5836832406843,29.59350418202,-8316.46056544116
5816,6,2024,3.874555,41.721711,1,37480.3064142751,-945.3200281631,251.339526697211,48.5836832406843,29.59350418202,-8316.56431203305
5818,6,2024,3.960339,41.787351,1,37707.2778297471,-927.002896159461,258.637322733056,47.7504639744222,29.9496742248535,-8405.42758923409
5819,6,2024,3.955735,41.788467,1,38034.077445278,-1074.87476895517,257.691609607738,47.8208527129816,29.9248972520758,-8852.93201084486
5820,6,2024,3.955735,41.788467,1,38036.0903492328,-1076.92866845645,257.690010969422,47.8209716984662,29.9248553689539,-8846.49020624811
5823,7,2024,3.573967,40.959739,1,31556.7353483926,22.0157540096341,357.883594513056,52.8161668927313,27.2003528379569,-6433.25818663072
5824,7,2024,3.955735,41.788467,1,38036.7678457026,-1076.35392046311,257.702915715023,47.8200112076578,29.9251934635853,-8848.47969735695
5825,7,2024,3.729854,41.283651,1,35478.1342338978,223.335658899802,329.874528512876,50.7193549415689,27.7642987819318,-7328.81691309056
5826,7,2024,3.729854,41.283651,1,35482.871374648,224.391999825836,329.874528512876,50.7193549415689,27.7642987819318,-7327.77072702001
5830,7,2024,3.955735,41.788467,1,38034.626097111,-1076.53728221132,257.679435779924,47.821758802112,29.9245783069408,-8847.55708899661
5831,8,2024,3.955735,41.788467,1,38033.5075218502,-1075.66628128768,257.677482372681,47.8219041927891,29.9245271291399,-8850.24693737353
5832,8,2024,3.955735,41.788467,1,38033.8349500202,-1075.9804382656,257.677420492895,47.8219087984565,29.924525507936,-8849.26552195087
5833,8,2024,3.576755,41.482465,1,34852.3147833919,-292.166194597697,324.484381138987,52.1493761553992,28.3500679627577,-8535.4871810285
5834,8,2024,3.576755,41.482465,1,34851.9861461958,-292.106871139888,324.484381138987,52.1493761553992,28.3500679627577,-8534.82211400864
5835,8,2024,3.934295,41.855676,1,33944.1629136716,-1079.80547672892,265.103382991992,47.8124600836313,30.0906740355761,-5654.89468748923
5837,8,2024,3.955735,41.788467,1,38037.3053607616,-1077.17232502668,257.699649057096,47.8202543426261,29.9251078796039,-8845.87116104588
5838,8,2024,3.576755,41.482465,1,34853.7308458994,-292.367948486145,324.484381138987,52.1493761553992,28.3500679627577,-8538.82181728619
5840,8,2024,3.874555,41.721711,1,37486.9857162663,-947.530014795094,251.339526697211,48.5836832406843,29.59350418202,-8316.9874989604
5841,8,2024,3.916276,41.839761,1,34771.0338511646,184.290995633311,258.873690793946,48.2206507679889,29.7841675596811,-7006.94774301462
5843,8,2024,3.955735,41.788467,1,38036.7891508763,-1075.69797860464,257.710038589651,47.8194810572913,29.9253800775447,-8850.64093959708
5844,8,2024,3.955735,41.788467,1,38034.2975719589,-1076.60372015608,257.675410751854,47.8220583820173,29.9244728542319,-8847.29092639916
5846,8,2024,3.934295,41.855676,1,33940.175945294,-1080.81500027675,265.084454867604,47.8137003189113,30.0897427547814,-5650.37159630144
5847,9,2024,3.955735,41.788467,1,38030.6188413751,-1074.64074507802,257.659407065135,47.8232495247542,29.9240535696735,-8853.17704613473
5848,9,2024,3.955735,41.788467,1,38033.1744325306,-1075.89171578572,257.671717614629,47.8223332595289,29.9243760968136,-8849.45834771816
5849,9,2024,3.955735,41.788467,1,38037.8587470763,-1075.73951692171,257.720277279233,47.8187189990889,29.925648323513,-8850.66977840561
5850,9,2024,3.955735,41.788467,1,38036.8566014039,-1075.35748105773,257.714282471372,47.8191651882682,29.9254912640547,-8851.77272033188
5852,10,2024,3.955735,41.788467,1,38036.0928350918,-1076.52467401385,257.694332370901,47.8206500597041,29.9249685864233,-8847.81680565903
5853,10,2024,3.955735,41.788467,1,38036.2791803408,-1077.12986965368,257.689769020039,47.8209897065824,29.924849030062,-8845.85800884774
5854,11,2024,3.955735,41.788467,1,38032.5357580415,-1074.68200182974,257.678217723557,47.8218494611595,29.9245463947799,-8853.33005484581
5855,12,2024,3.952617,40.339625,1,32588.6501986082,-1155.43146255105,489.119589098457,55.4167807101492,24.8196020355594,-6543.21502443987
6011,4,2024,1.728687,35.58767,1,29933.9310237389,-71.4762366954475,709.698838905759,52.1768618679469,26.9073018183474,-4946.13162612619
6012,2,2024,1.507382,35.5001,1,31889.7666717247,1293.27863173204,1113.3110359221,61.2820746075468,25.0897288963443,-4731.24950225137
6013,4,2024,1.545043,35.192863,1,36034.0096018433,-1342.40376154165,1282.42433505595,61.9766706317111,22.29771091621,-7907.35031895869
6014,4,2024,1.728687,35.58767,1,29933.8782665984,-71.0024872423625,709.698838905759,52.1768618679469,26.9073018183474,-4945.82356811246
6016,9,2024,1.966667,35.2,1,27847.2903045411,388.110244410471,1091.90988350359,57.577310242126,21.3632515565077,-3545.18461678064
6017,5,2024,1.734344,35.324677,1,27784.9894662225,1664.72677939425,1168.992646053,56.198217388752,20.6335163401342,-2762.57002107459
6018,5,2024,1.335825,35.088362,1,28918.3851034494,1118.1407800077,1388.39984164435,71.4503274867435,17.8552433882472,-3870.51879558532
6020,2,2024,1.60508,34.983731,1,32738.5504464693,-365.539119875314,1324.95473708678,58.4667313355256,23.2128753842769,-6903.38511653894
6021,4,2024,1.400963,35.573993,1,31950.5642722252,1001.47690519647,1187.83284186209,63.9340302913113,23.3387767923768,-4951.48245166915
6023,4,2024,2.009217,35.204115,1,29720.2911510927,1093.72712802498,1182.19927243097,57.577310242126,21.3632515565077,-4163.54253369883
6024,2,2024,1.790621991,35.30270424,1,27895.4746331218,-66.2410636181854,1083.06409678324,55.2864044233387,23.1162065919414,-4252.16963573562
6026,3,2024,1.797533,35.368568,1,28630.6132057218,300.882780432444,1070.80614814919,53.7303413284415,24.2659408388677,-4159.27755696041
6026,9,2024,2.076213,35.45491,1,34180.53862774,-1025.47712886083,495.165625098467,51.9428958994206,28.0835918058246,-6342.55140819859
6027,3,2024,1.489864,35.010159,1,34631.8170858131,-852.860727207774,1109.51617380583,57.1237549204365,22.9188780418077,-7487.27331538503
6029,3,2024,1.507382,35.5001,1,31890.9753970673,1294.88386807308,1113.63218735071,61.2820746075468,25.0897288963443,-4730.10812370079
6030,3,2024,1.734344,35.324677,1,27785.3215385275,1664.76535830615,1168.992646053,56.198217388752,20.6335163401342,-2760.17961806232
6031,3,2024,2.009651,35.0264,1,30539.2399216226,-385.045850078831,1016.29903174103,63.2200175103751,24.0419155780952,-5454.33752687039
6032,7,2024,2.160457,35.06084,1,26920.7395023051,729.995888459203,940.791211553151,57.768471190773,22.8496434960426,-3267.84879550168
6033,7,2024,1.966667,35.2,1,27853.3291398922,387.679968712354,1091.89074418195,57.577310242126,21.3632515565077,-3548.71165423616
6034,4,2024,1.231195,35.971367,1,28737.4685494137,-7.16093018376798,944.570007705596,53.1671504239277,25.1784422174395,-4486.57347050998
6036,7,2024,1.391984,35.291743,1,29647.3935257156,742.568871725831,1018.02513469978,70.3437321727407,21.0797693818862,-4779.22266907394
6046,7,2024,1.60508,34.983731,1,32731.9616912153,-363.944410455429,1324.95473708678,58.4667313355256,23.2128753842769,-6899.35374767352
6081,4,2024,1.734344,35.324677,1,27783.8543216965,1664.10056974623,1168.992646053,56.198217388752,20.6335163401342,-2760.30382400857
6082,5,2024,1.760062,35.247811,1,28677.6958190807,-35.1081762837321,1035.37329472547,56.6388629170222,23.8489463223297,-4549.03109261495
6083,4,2024,2.014061,35.028626,1,29974.2400627241,-334.537244129969,1016.29903174103,63.2200175103751,24.0419155780952,-5051.59689112327
6084,5,2024,1.554851,34.948367,1,32768.9347228605,-57.840655560975,1401.65400042105,55.5925830672577,23.6257934210307,-6778.93734105003
6085,5,2024,1.300454,35.199376,1,30023.1943276358,1706.29193194901,1645.52828702182,74.9532103923926,18.1438678581641,-3975.86426638524
6087,4,2024,1.734344,35.324677,1,27789.0853795011,1666.55372814515,1168.992646053,56.198217388752,20.6335163401342,-2761.59186259997
6088,2,2024,1.648451,35.609547,1,31916.9469231412,-65.4265434575734,838.074018765177,53.4902833313094,27.1578933546298,-5941.69862029775
6089,4,2024,2.124498,35.192863,1,30022.6100735949,52.8802843229812,1048.76772133009,56.6086237207655,22.6746667094135,-5259.20942762751
6090,9,2024,1.648451,35.609547,1,31903.4119223633,-63.7188753670875,838.612494128019,53.4977206939763,27.1593123508839,-5936.93632271237
6091,9,2024,1.966667,35.2,1,27836.542341242,387.930482749134,1091.91781981145,57.577310242126,21.3632515565077,-3540.32311045844
6092,9,2024,2.095168,35.092684,1,29977.1830088443,273.221344853091,1014.06285719531,59.5950936725433,22.3337621261513,-4616.20048526984
6094,6,2024,1.966667,35.2,1,27862.9281240999,388.061348149506,1091.89027454548,57.577310242126,21.3632515565077,-3552.6783728618
6095,7,2024,1.40075,35.472715,1,30039.7615108775,2792.05167494381,1386.4766779568,68.2348020093473,19.8175679093936,-3189.54564999931
6096,9,2024,1.27973,35.121377,1,30085.6017614316,1886.46500386868,1649.92028218082,71.4503274867436,17.8552433882472,-4172.19050890845
6097,7,2024,1.290104,35.079476,1,30440.6573311088,1496.81054085785,1492.72161667755,71.4503274867435,17.8552433882472,-4086.18383159332
6098,4,2024,1.491713,35.011236,1,34636.4054919888,-913.136661391572,1109.51617380583,57.1237549204364,22.9188780418077,-7526.14731669331
6099,7,2024,1.966667,35.2,1,27853.234571207,387.616058956078,1091.88902778052,57.577310242126,21.3632515565077,-3548.76771499727
6100,9,2024,1.290104,35.079476,1,30440.8234110956,1498.33618594602,1492.72161667755,71.4503274867435,17.8552433882472,-4088.56178813534
6101,9,2024,1.300454,35.199375,1,30025.1363374648,1706.13948288427,1645.21069780357,74.9532103923926,18.1438678581641,-3975.88361866047
6102,6,2024,1.648451,35.609547,1,31904.546671186,-65.1808095504334,838.76318949683,53.4998020818864,27.1597094649928,-5938.89759955187
6104,9,2024,1.966667,35.2,1,27851.402533909,388.027829471704,1091.90277377893,57.577310242126,21.3632515565077,-3547.26206983628
6105,9,2024,1.734344,35.324677,1,27786.6405999378,1665.38339066905,1168.992646053,56.198217388752,20.6335163401342,-2760.49808116456
6106,7,2024,1.966667,35.2,1,27840.212506834,387.85147762396,1091.91122003243,57.577310242126,21.3632515565077,-3542.19432288438
6107,7,2024,1.495974,35.472715,1,32131.5697575737,1042.60106685979,1119.44379814423,61.2820746075468,25.0897288963443,-5330.82784752329
6113,7,2024,1.589614,34.985221,1,33830.3094461177,-531.242965858792,1380.11109427516,58.4667313355256,23.2128753842769,-7348.82703096576
6116,7,2024,1.966667,35.2,1,27843.0486007571,388.388810260864,1091.92238262971,57.577310242126,21.3632515565077,-3542.7676367918
6117,7,2024,1.495974,35.472715,1,32130.6923689557,1044.48368753041,1119.38220131919,61.2820746075468,25.0897288963443,-5329.99651245913
6118,5,2024,1.400206,35.044323,1,33834.8271529739,-347.043029755843,1141.48550070068,60.3674840525949,21.1245244941642,-6953.80425385639
6119,3,2024,1.787769,35.082859,1,28408.7214940578,412.516137979897,1045.46059180595,59.9336688620283,25.0853259157831,-3946.07119332324
6120,2,2024,1.446419064,34.98481544,1,32738.9121878115,524.443470752566,1376.62216524275,58.6847150009177,22.0553921759957,-6083.45128852307
6361,5,2024,2.870214,34.950663,1,28615.9426977376,-1164.87451346449,510.473866498197,55.5397963267675,25.7060405211433,-3884.58296759991
6386,12,2024,3.189715,35.718846,1,41594.4859389957,-3381.57571152462,263.229648734853,46.6736544794952,30.204681331169,-8749.8498968173
6396,9,2024,2.870214,34.950663,1,28615.1805973437,-1164.94135313949,510.618524406705,55.5458704133674,25.7031337807642,-3884.01331539504
6486,8,2024,2.274269,35.43162,1,35895.6273949883,-1249.03194532306,462.704611019581,50.3662172034771,28.6899624086251,-6801.36237926049
6501,12,2024,3.121573,35.554842,1,38077.6802588073,-3149.4652308773,237.021325860871,46.6638416907353,30.1925496766693,-7497.69207039799
6539,10,2024,2.383763,35.647819,1,39207.8086204663,-3057.65694380406,265.809042123612,46.913087524441,28.2600721251552,-6980.7921761863
6713,1,2024,2.998898,36.062158,1,38192.9653474146,-3320.75001978891,229.041991338406,48.3984931129893,30.7865636064707,-6369.42306588938
6791,1,2024,2.133727,35.495993,1,36791.9103831444,-1641.01061625048,424.206855492128,51.9428958994206,28.0835918058246,-7267.16209053995
6792,9,2024,2.133727,35.495993,1,36783.4728878417,-1637.76766140792,424.206855492128,51.9428958994206,28.0835918058246,-7261.06219602753
6793,4,2024,1.858742,35.5001,1,30777.7771336581,-188.300223591867,693.749814213037,51.8205383931002,28.4125214915458,-5121.45145731619
6794,6,2024,4.2758,35.746148,1,27010.1935616229,-2151.99297695997,702.336392595687,48.959445360565,28.8794711211992,-2442.32852905038
6798,1,2024,2.274269,35.43162,1,35930.7106449129,-1263.80926170636,462.704611019581,50.3662172034771,28.6899624086251,-6820.89448646913
6799,1,2024,2.133727,35.495993,1,36801.5560391192,-1646.20961034292,424.206855492128,51.9428958994206,28.0835918058246,-7274.23095456831
6800,5,2024,1.776522,35.502838,1,32649.9732832074,342.795985996125,901.049173232227,52.5503789693064,26.71327583716,-4906.39270162553
6801,1,2024,2.841198,35.040193,1,33038.175638004,-2456.66048260618,418.983873816149,52.7896424717,27.5339009616762,-6014.88578155996
6802,1,2024,2.145024052,36.13412848,1,31439.1129209238,-2353.04993748959,253.087042044389,45.6694217374264,30.5455453704245,-3943.7898677671
6803,1,2024,3.982908,35.479562,1,29493.4909459802,-2426.80934319033,446.776806923219,47.9657309361955,28.8487098471497,-3837.73170327382
6804,2,2024,2.841198,35.040193,1,33022.5223480276,-2460.78589513265,418.983873816149,52.7896424717,27.5339009616762,-6023.57716599225
6805,1,2024,2.91825,35.404212,1,34023.5591293079,-1938.55742240888,274.822744486085,47.1202763540973,29.521037997053,-5873.63057838182
6806,3,2024,1.776522,35.502838,1,32646.6301688355,343.740566988941,901.069694291301,52.5503789693064,26.71327583716,-4907.4297422101
6806,2,2024,1.776522,35.502838,1,32666.9412994795,333.597127858843,900.355807787337,52.5503789693064,26.71327583716,-4917.84438240581
6808,1,2024,3.709066,34.862484,1,31432.5981504687,-1504.73314692376,327.857654156019,48.8817497915638,28.7357245453937,-4222.08324425667
6810,1,2024,2.714609,35.148879,1,37397.5174874961,-2350.77874065659,325.968577855712,49.6274920688633,27.7516860502969,-8376.10909308546
6811,5,2024,4.20468,34.35986,1,31868.9927980497,-238.751536137837,662.324556557135,48.325352588806,28.7006112090008,-4311.35760635342
6812,4,2024,2.274269,35.43162,1,35923.7874614033,-1258.32126359007,462.704611019581,50.3662172034771,28.6899624086251,-6815.83588800475
6813,7,2024,2.91825,35.404212,1,34028.8569498382,-1941.02601179694,274.817055220025,47.1202763540973,29.521037997053,-5876.06362055941
6814,5,2024,4.616667,35.8,1,34346.549808388,-2428.68508573968,551.018281844844,46.4781123228672,30.4565735321879,-5796.53911647561
6815,5,2024,2.274269,35.43162,1,35907.9086078512,-1249.26026067614,462.704611019581,50.3662172034771,28.6899624086251,-6805.88684239305
6816,4,2024,4.616667,35.8,1,34335.8551024255,-2429.51003729277,551.345779248572,46.4781123228672,30.4565735321879,-5789.24027480466
6817,8,2024,4.475022,35.302723,1,29357.8188693555,-2107.21918049699,529.820986051036,47.5479626132045,29.5603464164803,-3807.60978129542
6819,7,2024,2.735073,35.36719,1,34898.4579998582,-1580.51688558933,265.843309195712,48.888493803631,28.8913041592513,-6813.83640078852
6820,9,2024,2.3729,35.6422,1,38560.050167693,-3558.70357429319,265.809042123612,46.913087524441,28.2600721251552,-7062.39995005192
6821,10,2024,4.406781,34.283832,1,30983.6697000366,11.302076523902,663.187256856227,49.0111218363199,28.3143558370177,-4883.16098769272
6822,9,2024,2.91825,35.404212,1,34025.556233226,-1939.52173905792,274.815340225739,47.1202763540973,29.521037997053,-5874.53883703118
6823,10,2024,2.056447,35.430011,1,33334.6320250475,-243.57904236305,542.025154748699,53.2725071204909,27.9245286298797,-6088.99302065223
6824,2,2024,1.776522,35.502838,1,32643.813420452,346.834458005734,901.394201097902,52.5503789693064,26.71327583716,-4899.58449981037
6825,6,2024,2.145024052,36.13412848,1,31435.0134380792,-2352.04489437455,253.071560009526,45.6675375641296,30.545941607542,-3943.41711002856
6826,10,2024,4.690067,35.52045,1,29813.5457877043,-1252.70088184823,721.108266161289,47.4802582184493,28.7508632652964,-4198.65876337203
6828,6,2024,4.690067,35.52045,1,29812.3541006695,-1257.10458894448,721.108266161289,47.4802582184493,28.7508632652964,-4196.67154310997
6829,7,2024,2.383763,35.647819,1,39201.1084528958,-3060.52587608242,265.809042123612,46.913087524441,28.2600721251552,-6983.42317549555
6830,1,2024,2.735073,35.36719,1,34938.1064021271,-1595.91233090453,265.843309195712,48.888493803631,28.8913041592513,-6841.00347879061
6831,10,2024,2.890109,35.267034,1,34969.2436976944,-2534.73348282077,287.901184479519,47.29732034445,29.0815297291796,-6468.07515602427
6832,6,2024,2.274269,35.43162,1,35938.9951947423,-1262.0600727032,462.704611019581,50.3662172034771,28.6899624086251,-6823.05074101147
6833,5,2024,2.998898,36.062158,1,38191.7652756005,-3318.50969108476,229.051810583103,48.3984931129893,30.7865636064707,-6368.89699730153
6834,8,2024,4.274124,35.896138,1,30718.4820833907,-2847.6225446594,669.616286230194,56.4346987802765,29.7648348684954,-3209.52137707148
6835,9,2024,2.094923,36.159971,1,35563.7301034999,-2003.85517317354,219.997845042071,44.0655190665052,30.3416940282603,-6180.71813335385
6836,9,2024,2.094923,36.159971,1,35564.0324061017,-2004.55059023621,219.997845042071,44.0655190665052,30.3416940282603,-6181.91414303587
6837,3,2024,3.122434,35.601158,1,33165.2846698192,-2510.09359478088,261.642011849047,46.6638416907354,30.1925496766693,-5047.05161890769
6839,2,2024,3.982908,35.479562,1,29502.1307706147,-2425.00380301967,446.776806923219,47.9657309361955,28.8487098471497,-3834.98234263378
6840,3,2024,2.383763,35.647819,1,39194.6813887338,-3056.91479705638,265.809042123612,46.913087524441,28.2600721251552,-6981.88834312434
6841,10,2024,2.97263,35.554842,1,40890.1139679755,-3708.01952362709,221.367798883275,47.0121271060412,29.999047330429,-8021.77875010602
6844,7,2024,2.841198,35.040193,1,33025.5653256096,-2459.70097584404,418.983873816149,52.7896424717,27.5339009616762,-6020.77974887205
6852,11,2024,2.383763,35.647819,1,39202.7212870246,-3057.15622327213,265.809042123612,46.913087524441,28.2600721251552,-6981.09561444633
6853,4,2024,2.383763,35.647819,1,39198.1759041701,-3057.95384841418,265.809042123612,46.913087524441,28.2600721251552,-6982.13748208673
6856,6,2024,4.0338522,35.751607,1,27855.8504827881,-2986.62469198972,448.830830416178,49.8216018418773,29.5808261178995,-2869.72470869741
6856,10,2024,2.274269,35.43162,1,35939.9608540904,-1265.87466698627,462.704611019581,50.3662172034771,28.6899624086251,-6825.18627738217
6864,10,2024,4.0338522,35.751607,1,27850.0391529351,-2986.0493374708,449.19771985705,49.8140661461666,29.5771536060776,-2866.37888889432
6868,7,2024,2.367952,35.426139,1,35234.0037241653,-1482.11948665824,402.068802158348,48.4954263665502,28.891508276823,-6824.97043302942
6869,12,2024,2.383763,35.647819,1,39203.8631764862,-3060.47630642214,265.809042123612,46.913087524441,28.2600721251552,-6983.06370874162
6870,8,2024,4.0338522,35.751607,1,27858.5172773878,-2985.46023744119,448.499356002422,49.8284101335305,29.5841441302693,-2870.01551648843
6871,9,2024,3.115517,35.604079,1,33345.0360282813,-2164.58572589367,274.537519576488,46.6638416907354,30.1925496766693,-4779.33964547325
6873,11,2024,4.0338522,35.751607,1,27859.8855473745,-2985.08584504113,448.354723291696,49.8313808052818,29.5855918834091,-2870.35900161696
6874,1,2024,3.122434,35.601158,1,33165.8267396272,-2510.8789813995,261.567543748723,46.6638416907354,30.1925496766693,-5046.59983944868
6875,1,2024,3.121573,35.554842,1,38080.4289303839,-3149.76046457607,237.021325860871,46.6638416907353,30.1925496766693,-7501.14821320097
6876,1,2024,3.709066,34.862484,1,31422.9485948242,-1512.40637572664,327.857654156019,48.8817497915638,28.7357245453937,-4219.27029731533
6877,1,2024,2.998898,36.062158,1,38189.4495658852,-3317.43708631196,229.037867008471,48.3984931129893,30.7865636064707,-6365.60778103528
6878,2,2024,1.954198,36.029526,1,33858.1109459741,-2971.8181001425,268.125471995467,47.9522456816197,29.7865696099287,-4870.53015555836
6879,2,2024,2.742378,35.784354,1,42058.0348543711,-3505.18574703501,197.661301286396,46.6070902612427,29.7972488722949,-8878.55189573691
6880,12,2024,3.055,34.641389,1,28005.2023579417,450.457838516825,894.542450073729,56.7417049030146,25.3596134276787,-3345.08243433185
6882,2,2024,2.890109,35.267034,1,34971.1950703832,-2534.70976319341,287.901184479519,47.29732034445,29.0815297291796,-6471.76891806796
6883,1,2024,2.962668696,35.42179137,1,33702.4234158613,-1208.6649411868,274.05359985757,47.111804440054,29.6234761125186,-5372.74302283311
6884,12,2024,4.2758,35.746148,1,27014.3636347177,-2149.64898339998,702.336392595687,48.959445360565,28.8794711211992,-2442.18607561091
6885,10,2024,4.690067,35.52045,1,29813.1418087831,-1251.34026080343,721.108266161289,47.4802582184493,28.7508632652964,-4199.33912910909
6886,8,2024,2.383763,35.647819,1,39198.6988551456,-3053.69317079179,265.809042123612,46.913087524441,28.2600721251552,-6979.40509005461
6889,4,2024,2.133727,35.495993,1,36790.0400770698,-1640.25248107243,424.206855492128,51.9428958994206,28.0835918058246,-7265.80754709008
6890,9,2024,2.841198,35.040193,1,33025.786805041,-2460.0310019379,418.983873816149,52.7896424717,27.5339009616762,-6022.17117268402
6891,6,2024,2.998898,36.062158,1,38191.2265206101,-3320.06131388386,229.030332005554,48.3984931129893,30.7865636064707,-6366.87024508973
6892,10,2024,2.27427,35.431647,1,35940.5250228697,-1267.78818948241,462.704611019581,50.3662172034771,28.6899624086251,-6826.28593085896
6893,1,2024,3.057316,35.718846,1,34020.3225328876,-2513.93548392479,253.974494110852,46.4212463832003,30.3380110655977,-3446.67115643825
6894,10,2024,3.47,35.38,1,38218.6681649295,-2833.743776872,353.86277360958,47.121898708274,29.2895446568891,-6806.34062070466
6895,11,2024,2.3729,35.6422,1,38562.9636097878,-3561.76755286231,265.809042123612,46.913087524441,28.2600721251552,-7061.83776121601
6896,3,2024,3.343606,35.874507,1,37692.6493429059,-3117.62235938866,208.924965901054,48.4281801426583,30.384585178007,-7063.43018335328
6897,4,2024,4.0338522,35.751607,1,27856.3547013011,-2986.94390284111,448.82974664831,49.8216241018389,29.5808369662638,-2870.24963003731
6898,9,2024,2.735073,35.36719,1,34933.2178788747,-1594.46475944759,265.843309195712,48.888493803631,28.8913041592513,-6837.17801806026
6899,4,2024,3.085175,36.090699,1,37371.4753110454,-2639.15439795909,193.935570705682,49.2457539858867,30.4963041948274,-7716.10786287255
6899,12,2024,3.747678,35.833449,1,31279.5673965849,-3627.25190890873,500.295801695701,49.2131587034683,30.3786532566847,-3474.28293855369
6901,2,2024,2.47408,35.656625,1,40288.4230639763,-3520.00541876993,242.077143255486,46.7619877808253,28.6944918714642,-7158.43256711825
6902,2,2024,4.632103,35.726678,1,33925.8045951878,-2976.59480687836,516.085562640801,46.7769257780651,30.2576180449383,-5145.51216643855
6904,12,2024,2.825622,36.203595,1,37302.6614257808,-3598.97598160894,172.915759091372,45.9949643706927,30.8012883101222,-6236.39723328061
6905,11,2024,3.684722,35.339167,1,30020.5558860174,-2147.91939518765,371.468352844182,47.9461883958153,29.5432127697221,-4555.83320203024
6906,11,2024,3.614181,35.824626,1,32069.2427783456,-3544.04601866105,547.529362763511,48.9223682655704,30.3503174397898,-3760.43022156073
6907,1,2024,3.085175,36.090699,1,37329.8196588234,-2626.09154804722,193.935570705682,49.2457539858867,30.4963041948274,-7695.24087326331
6908,4,2024,3.196633,35.9588777,1,40114.0424863122,-3382.90872545652,228.130285940354,47.9793295035184,30.5571078844192,-8367.31537797355
6909,8,2024,3.982908,35.479562,1,29496.7576592378,-2425.91391668148,446.776806923219,47.9657309361955,28.8487098471497,-3836.4824756805
6911,10,2024,4.406781,34.283832,1,30984.1944825058,7.63034674068494,663.187256856227,49.0111218363199,28.3143558370177,-4886.69537256221
6912,6,2024,3.121573,35.554842,1,38081.0965753773,-3149.57586324724,237.021325860871,46.6638416907354,30.1925496766693,-7502.17105293042
6913,9,2024,3.115517,35.604079,1,33347.2619122314,-2162.55540761858,274.471121789383,46.6638416907354,30.1925496766693,-4778.28359666268
6914,3,2024,3.526905,35.857986,1,34865.2405819411,-3127.10605210908,357.292825195938,50.3200849319948,30.6362630333406,-5203.35139314008
6916,7,2024,3.41045,35.609547,1,38655.3852118587,-2885.24993809127,328.560556555807,47.2542187320225,30.0382470205616,-6239.74687767487
6918,5,2024,2.870214,34.950663,1,28617.4883719356,-1164.37103015641,510.207297282901,55.5286032678101,25.7113969341449,-3885.01630143305
6920,10,2024,2.97263,35.554842,1,40892.5889662697,-3708.93041390835,221.367798883275,47.0121271060412,29.999047330429,-8022.77836087879
6921,11,2024,2.857829,36.219685,1,36349.4891900746,-2673.69144478366,197.326358055157,49.2606350400713,30.6308221215976,-5783.35354735227
6922,7,2024,2.383763,35.647819,1,39202.9830001486,-3059.48035869443,265.809042123612,46.913087524441,28.2600721251552,-6982.53536593268
6923,7,2024,2.998898,36.062158,1,38194.2873599703,-3321.29003687728,229.050591756134,48.3984931129893,30.7865636064707,-6371.33676747042
6924,9,2024,2.998898,36.062158,1,38191.8555844199,-3318.87969361718,229.049034828164,48.3984931129893,30.7865636064707,-6368.79587419977
6925,8,2024,2.383763,35.647819,1,39204.6597692075,-3059.61482119189,265.809042123612,46.913087524441,28.2600721251552,-6982.4192505302
6926,4,2024,2.198943,35.814437,1,37762.1597987663,-2857.47488048494,233.278304295942,48.8935546768409,28.4022451279159,-7810.887727073
6927,3,2024,2.841198,35.040193,1,33042.741711788,-2457.38717004666,418.983873816149,52.7896424717,27.5339009616762,-6019.85053713358
6928,3,2024,3.334722,35.221944,1,34552.869359612,-1690.84781562895,306.62431401189,49.1217419227271,29.2697574816984,-5728.17371209185
6929,5,2024,3.916191,35.836858,1,31036.97599058,-2931.26320109033,535.735197392525,50.1166415323012,30.3887744799338,-3535.93473634497
6930,9,2024,3.101128,35.601344,1,36988.7171100818,-2887.21579181374,258.266021865075,46.6638416907353,30.1925496766693,-6928.2673994305
6931,4,2024,3.115517,35.604079,1,33342.5614946607,-2169.1430608271,274.797711998338,46.6638416907354,30.1925496766693,-4780.99182928986
6932,12,2024,2.998898,36.062158,1,38194.3049632258,-3321.96079447463,229.044054174929,48.3984931129893,30.7865636064707,-6370.9080166146
6933,6,2024,2.383763,35.647819,1,39201.895482027,-3055.99014749214,265.809042123612,46.913087524441,28.2600721251552,-6980.4607931019
6934,9,2024,2.274269,35.43162,1,35935.8769645318,-1263.79140922766,462.704611019581,50.3662172034771,28.6899624086251,-6822.74268596732
6935,9,2024,2.984102,35.016787,1,27426.6095647714,-682.956626398226,572.97345717522,52.629128982437,25.1344377597608,-3616.29804830424
6936,2,2024,4.0338522,35.751607,1,27849.7290855849,-2985.62048084754,449.171868117776,49.8145971258544,29.5774123783603,-2865.85354876338
6937,12,2024,3.343606,35.874507,1,37690.1356182592,-3117.12816920823,208.924965901054,48.4281801426583,30.384585178007,-7060.86497157153
6938,1,2024,3.343606,35.874507,1,37696.961653887,-3118.54316408371,208.924965901054,48.4281801426583,30.384585178007,-7067.66726954944
6939,10,2024,3.41045,35.609547,1,38656.5338159628,-2888.92158309073,328.560556555807,47.2542187320225,30.0382470205616,-6235.70073042155
6941,3,2024,2.5398,36.2221,1,38513.3604009753,-3538.32607960907,217.023100617876,45.5363220566908,31.1952948134237,-6778.51262340206
6942,9,2024,1.954198,36.029526,1,33874.6055053227,-2966.18334822459,268.125471995467,47.9522456816197,29.7865696099287,-4876.0170991519
6943,12,2024,3.982908,35.479562,1,29498.2043155343,-2426.44636316316,446.776806923219,47.9657309361955,28.8487098471497,-3836.86610868477
6944,12,2024,1.954198,36.029526,1,33860.2837879943,-2967.99081369469,268.125471995467,47.9522456816197,29.7865696099287,-4871.77730631375
6945,3,2024,1.954198,36.029526,1,33859.1655266351,-2968.89831616033,268.125471995467,47.9522456816197,29.7865696099287,-4871.31577161092
6946,2,2024,3.121573,35.554842,1,38074.3056371074,-3148.94166144783,237.021325860871,46.6638416907353,30.1925496766693,-7493.56954813491
6947,9,2024,3.101128,35.601344,1,36987.3537044515,-2886.5203055134,258.207859880797,46.6638416907354,30.1925496766693,-6927.28639571118
6949,9,2024,2.383763,35.647819,1,39204.7101346145,-3059.50628386017,265.809042123612,46.913087524441,28.2600721251552,-6982.34414191531
6950,9,2024,2.998898,36.062158,1,38196.5439097419,-3325.34257421134,229.033935955672,48.3984931129893,30.7865636064707,-6372.468069138
6951,12,2024,1.402116,36.067595,1,28047.308897176,-1697.24131400249,563.39819995564,49.044667524305,28.5805318210512,-3841.64216001325
6952,10,2024,2.133727,35.495993,1,36783.21595574,-1639.44838794391,424.206855492128,51.9428958994206,28.0835918058246,-7260.98707710338
6953,12,2024,3.526905,35.857986,1,34882.6776823551,-3132.01923949329,357.292825195938,50.3200849319948,30.6362630333406,-5210.96689574263
6954,7,2024,3.121573,35.554842,1,38076.4273387165,-3149.2320753816,237.021325860871,46.6638416907354,30.1925496766693,-7496.18962078443
6955,12,2024,4.406781,34.283832,1,30983.5771074426,10.3561840294374,663.187256856227,49.0111218363199,28.3143558370177,-4884.00798531402
6956,7,2024,3.189715,35.718846,1,41589.9214157172,-3382.46458782685,263.229648734853,46.6736544794952,30.204681331169,-8748.87550037212
6957,10,2024,2.91825,35.404212,1,34021.0878787042,-1938.20731391096,274.699517680575,47.1202763540973,29.521037997053,-5872.28379038709
6958,9,2024,3.526905,35.857986,1,34878.5720776584,-3132.25660222845,357.292825195938,50.3200849319948,30.6362630333406,-5209.29151720394
6959,12,2024,3.495904,36.040405,1,25957.310357552,-2990.40163030782,822.951327272924,57.3990050569341,30.3010077040487,-1586.37643601077
6960,10,2024,3.004907,35.434061,1,37898.8347594971,-2418.20749487431,219.029452977673,47.111804440054,29.6234761125186,-7817.29691035285
6961,1,2024,2.735073,35.36719,1,34933.8422463965,-1595.45228849334,265.843309195712,48.888493803631,28.8913041592513,-6836.81894797704
6962,12,2024,2.998898,36.062158,1,38196.4595003351,-3326.09484255206,229.025541853841,48.3984931129893,30.7865636064707,-6371.8140503024
6963,12,2024,3.085175,36.090699,1,37320.5355627569,-2622.45144920252,193.935570705682,49.2457539858867,30.4963041948274,-7689.64172162824
6964,12,2024,1.954198,36.029526,1,33860.6541072321,-2968.53126646113,268.125471995467,47.9522456816197,29.7865696099287,-4871.78702899045
6966,11,2024,2.998898,36.062158,1,38188.0314016176,-3316.16935630256,229.035471894775,48.3984931129893,30.7865636064707,-6364.01484676551
6969,8,2024,2.998898,36.062158,1,38192.4476922765,-3320.98849051648,229.034057493231,48.3984931129893,30.7865636064707,-6368.35679656947
6971,8,2024,1.954198,36.029526,1,33855.7168993452,-2969.69755424145,268.125471995467,47.9522456816197,29.7865696099287,-4870.23270420054
6972,5,2024,3.021741,35.346625,1,37935.8593032961,-2411.49234993767,220.798206949719,47.5048023844716,29.1339871023665,-8578.38540387216
6973,1,2024,3.021741,35.346625,1,37937.4721396119,-2412.22309611817,220.744607675506,47.5019638287631,29.1375225962381,-8580.03594899483
6975,1,2024,2.144745,36.134171,1,31483.7799127845,-2354.35994164722,253.234690839879,45.6873906879059,30.5417665433102,-3946.50796147971
6976,9,2024,4.517828,35.420658,1,29685.4140444234,-2808.84384654159,502.66635584482,47.9701195652224,29.7300492764388,-3300.04963166758
6979,11,2024,3.355235,35.439726,1,41428.3129169525,-3147.1805344172,314.855176076526,46.9608883252021,29.2796407300049,-7058.41095482601
6981,9,2024,2.841197,35.040193,1,33035.4387833629,-2457.82820279434,418.983873816149,52.7896424717,27.5339009616762,-6018.13679845082
6982,10,2024,3.41045,35.609547,1,38680.7930265613,-2895.65731489074,328.560556555807,47.2542187320225,30.0382470205616,-6245.36126932682
6985,12,2024,2.890109,35.267034,1,34969.6007103932,-2534.6021869877,287.901184479519,47.29732034445,29.0815297291796,-6470.35765500031
6988,12,2024,1.776522,35.502838,1,32638.4042845861,349.798633226007,901.619601485111,52.5503789693064,26.71327583716,-4895.81232453221
6989,12,2024,3.526905,35.857986,1,34861.0826723486,-3126.02375022162,357.292825195938,50.3200849319948,30.6362630333406,-5201.54307319043
6990,12,2024,3.526905,35.857986,1,34872.8253126791,-3129.48508363598,357.292825195938,50.3200849319948,30.6362630333406,-5206.68433684061
6991,10,2024,4.517828,35.420658,1,29687.1531952368,-2809.19635411562,502.66635584482,47.9701195652224,29.7300492764388,-3302.419141708
6992,12,2024,3.41045,35.609547,1,38662.5816292194,-2887.29720684517,328.560556555807,47.2542187320225,30.0382470205616,-6242.52869054832
6993,10,2024,4.517828,35.420658,1,29688.8255389898,-2809.45162330128,502.66635584482,47.9701195652224,29.7300492764388,-3304.60145076154
6997,12,2024,3.146859,35.597256,1,31701.9398637793,-3380.16216472876,243.968504320716,46.6638416907354,30.1925496766693,-4580.6164677449
6998,12,2024,4.406781,34.283832,1,30981.9061379935,9.55292158418489,663.187256856227,49.0111218363199,28.3143558370177,-4884.28153747987
7005,11,2024,3.997683,35.853351,1,30162.8723426065,-3089.94313663575,668.514177088769,54.8220929983411,30.2476711980494,-3283.68092560865
7011,8,2024,1.18393,36.102928,1,30403.092039463,-2089.12823738575,570.308396022577,53.591573995334,26.5751187030952,-4536.75289748484
7012,11,2024,2.274269,35.43162,1,35885.7981999266,-1243.21270259778,462.704611019581,50.3662172034771,28.6899624086251,-6795.10621401574
7013,12,2024,2.91825,35.404212,1,34036.6634834842,-1945.51160720569,274.677983956024,47.1202763540973,29.521037997053,-5879.42468921035
7014,9,2024,2.757745,34.87759,1,31351.8122362955,-2011.83139236916,545.336794779432,55.3998244106781,26.5183673476478,-6212.51468466082
7016,6,2024,4.0338522,35.751607,1,27855.344896443,-2985.40911799293,448.729658706618,49.8236798499442,29.581838832516,-2868.41814151744
7017,12,2024,4.112694,35.720212,1,28099.6297118367,-2948.49856190177,521.210443314769,49.6050235144875,28.744440232296,-2694.72416892702
7018,12,2024,3.916191,35.836858,1,31027.9694402247,-2933.57748931926,535.735197392525,50.1166415323012,30.3887744799338,-3531.2809238536
7019,11,2024,3.121573,35.554842,1,38075.499682241,-3149.05491728335,237.021325860871,46.6638416907353,30.1925496766693,-7495.0802932056
7020,12,2024,2.966667,34.7,1,27701.527172828,-462.337533314046,713.822942257493,56.7846538088647,25.7278195476706,-3739.67151802737
7022,12,2024,2.91825,35.404212,1,34012.3102457014,-1933.30219099157,274.837232355368,47.1202763540973,29.521037997053,-5868.4681108185
7023,12,2024,3.189715,35.718846,1,41592.4085036642,-3381.98326182654,263.229648734853,46.6736544794952,30.204681331169,-8749.40656619984
7027,12,2024,2.841198,35.040193,1,33027.4601932933,-2459.47838430234,418.983873816149,52.7896424717,27.5339009616762,-6020.80537747302
7028,10,2024,2.966667,34.7,1,27691.8862739061,-463.895839074668,714.526306441624,56.7846538088647,25.7278195476706,-3735.69202284119
7030,12,2024,3.121573,35.554842,1,38074.9434173955,-3149.2866415488,237.021325860871,46.6638416907354,30.1925496766693,-7494.1657094151
7031,11,2024,4.406781,34.283832,1,30982.0234379876,9.44002348118917,663.187256856227,49.0111218363199,28.3143558370177,-4884.41783267003
7034,12,2024,2.97263,35.554842,1,40891.195042162,-3708.67164099051,221.367798883275,47.0121271060412,29.999047330429,-8022.04359746528
7035,10,2024,2.998898,36.062158,1,38196.3635076234,-3324.50037832745,229.04042455026,48.3984931129893,30.7865636064707,-6372.72628665424
7036,9,2024,3.085175,36.090699,1,37321.2286883365,-2623.79970832804,193.935570705682,49.2457539858867,30.4963041948274,-7691.46033993767
7037,10,2024,4.517828,35.420658,1,29684.1823764013,-2808.82816936144,502.66635584482,47.9701195652224,29.7300492764388,-3298.62901421011
7038,8,2024,2.274269,35.43162,1,35900.0237419375,-1247.46892298989,462.704611019581,50.3662172034771,28.6899624086251,-6802.21378096741
7040,12,2024,2.870214,34.950663,1,28617.3551477323,-1164.04522902004,510.259875292532,55.5308109824594,25.710340437302,-3884.24310625458
7041,12,2024,2.198943,35.814437,1,37760.742785695,-2858.36393273902,233.001693755568,48.8935546768409,28.4022451279159,-7810.389954434
7042,10,2024,2.998898,36.062158,1,38193.5920058558,-3321.83907200534,229.03770304892,48.3984931129893,30.7865636064707,-6369.75773976979
7043,10,2024,3.526905,35.857986,1,34873.505532842,-3130.17087853194,357.292825195938,50.3200849319948,30.6362630333406,-5207.02315221877
7044,9,2024,3.526905,35.857986,1,34878.7521314366,-3132.58412833487,357.292825195938,50.3200849319948,30.6362630333406,-5209.39351823287
7045,12,2024,3.709066,34.862484,1,31423.1705637839,-1508.52908296155,327.857654156019,48.8817497915638,28.7357245453937,-4218.01315568578
7046,11,2024,4.0338522,35.751607,1,27861.3982470019,-2986.03099027529,448.350161203225,49.8314745079254,29.5856375492745,-2871.92315771872
7053,12,2024,2.056447,35.430011,1,33328.6831989322,-242.037656442536,542.025154748699,53.2725071204909,27.9245286298797,-6084.92494318046
7067,10,2024,2.094923,36.159971,1,35566.8438060613,-2006.29854729651,219.997845042071,44.0655190665052,30.3416940282603,-6179.75983927371
7068,11,2024,2.094923,36.159971,1,35565.4036860226,-2005.56183913539,219.997845042071,44.0655190665052,30.3416940282603,-6181.32710391521
7077,10,2024,2.076213,35.45491,1,34180.3034851751,-1024.62307371805,495.165625098467,51.9428958994206,28.0835918058246,-6342.03889110936
7078,11,2024,2.076213,35.45491,1,34183.9528307781,-1026.37589415851,495.165625098467,51.9428958994206,28.0835918058246,-6343.77997603999
7101,1,2024,2.383763,35.647819,1,39194.8925772602,-3056.82601692828,265.809042123612,46.913087524441,28.2600721251552,-6981.80834816846
7102,3,2024,2.383763,35.647819,1,39203.7594135984,-3061.29234298171,265.809042123612,46.913087524441,28.2600721251552,-6983.59700220033
7103,2,2024,2.383763,35.647819,1,39204.9671432059,-3059.48212797114,265.809042123612,46.913087524441,28.2600721251552,-6982.29770094979
7104,6,2024,2.383763,35.647819,1,39197.7639380874,-3055.63983966549,265.809042123612,46.913087524441,28.2600721251552,-6980.73117214043
7105,8,2024,2.383763,35.647819,1,39195.7246259499,-3058.50242247161,265.809042123612,46.913087524441,28.2600721251552,-6982.76785401312
7106,9,2024,2.383763,35.647819,1,39204.1623140787,-3056.43076040678,265.809042123612,46.913087524441,28.2600721251552,-6980.46436647232
7107,11,2024,2.383763,35.647819,1,39205.5422545595,-3056.08364407609,265.809042123612,46.913087524441,28.2600721251552,-6980.07760788358
7108,12,2024,2.383763,35.647819,1,39198.5131700017,-3055.22977773469,265.809042123612,46.913087524441,28.2600721251552,-6980.38635856564
7117,3,2024,2.383763,35.647819,1,39198.4588233785,-3059.59159093273,265.809042123612,46.913087524441,28.2600721251552,-6983.14033077616
7118,1,2024,2.757745,34.87759,1,31348.2148132393,-2009.53015794873,545.336794779432,55.3998244106782,26.5183673476478,-6211.03301842544
7125,6,2024,1.269852,35.860309,1,27797.6167529834,-624.99707182223,1157.14176429092,53.4324630342497,23.2920216391864,-3599.81791500684
7127,2,2024,1.026105,36.227414,1,28607.9480208845,-885.267738222464,636.934183567762,55.2374174678892,25.5295395606203,-3343.6932810725
7129,1,2024,1.042762,36.319125,1,27534.6193553858,-1374.99216902261,758.025625329465,55.7134630993738,25.1942980170467,-3203.25717396039
7130,1,2024,1.229458,35.971317,1,28725.4836869918,13.684156092146,944.570007705595,53.1671504239277,25.1784422174395,-4512.5677752704
7131,1,2024,1.025218,35.725577,1,28770.5540816101,-288.921810166643,1119.96422678232,59.7407216531187,24.9922438560722,-4262.02443199852
7140,1,2024,1.025218,35.725577,1,28766.7173266291,-290.870945165621,1119.96422678232,59.7407216531187,24.9922438560722,-4261.51321165039
7145,7,2024,1.072425,36.133141,1,27501.9622070286,-678.456439990977,595.305309824646,54.1512258861954,26.7065206128174,-3723.67626330318
7147,7,2024,0.754069,36.186938,1,29899.0303818729,-146.720011200228,978.828146874905,59.4917224135627,24.1373038550761,-5139.25254933167
7148,6,2024,0.9698,36.020233,1,28855.4636781812,-1431.16117716027,741.155954122543,54.3566229170481,27.1017144666995,-4163.30409753517
7151,5,2024,1.025645,36.043495,1,29730.7954729424,-543.196354831186,670.679419256747,54.3566229170481,27.1017144666995,-3890.8823827621
7152,4,2024,1.026105,36.227414,1,28602.2582544231,-886.636384588937,636.934183567762,55.2374174678892,25.5295395606203,-3341.88084388006
7153,4,2024,1.210252,35.74825,1,29268.7993190573,-398.875465213482,997.359727103263,61.6482286084636,25.1401746197477,-4304.26865892898
7154,6,2024,0.984618,36.1666,1,28238.8907949115,-1465.99522907635,686.635769831017,55.2374174678892,25.5295395606203,-4198.3899801412
7156,7,2024,1.072232,36.133016,1,27509.3360329944,-680.35973757604,595.305309824646,54.1512258861954,26.7065206128174,-3721.54144597871
7158,5,2024,1.025645,36.043495,1,29731.5978555751,-540.622264368819,670.679419256747,54.3566229170481,27.1017144666995,-3888.36364891261
7159,5,2024,0.885272,36.182066,1,28547.1858433286,-390.714683315372,909.018392205238,57.1843881628704,24.7293261932762,-3933.27374361377
7160,6,2024,0.984618,36.1666,1,28234.9817828226,-1469.29492301084,686.635769831017,55.2374174678892,25.5295395606203,-4197.72418881895
7161,2,2024,0.984618,36.1666,1,28237.0781194336,-1467.86374448002,686.635769831017,55.2374174678892,25.5295395606203,-4198.1186784425
7178,2,2024,0.754069,36.186938,1,29898.621484923,-150.454297102331,978.828146874905,59.4917224135627,24.1373038550761,-5141.04074695042
7249,12,2024,2.184596,39.041427,1,35817.3837243283,-1578.77849234302,205.314466803932,51.8211367101464,28.5421563834658,-6233.90740949165
7250,12,2024,2.612062,39.584162,1,33893.1519400882,41.6434725729827,269.606884630557,53.3509979325778,27.6833334792507,-6836.26994227644
7251,12,2024,2.612062,39.584162,1,33894.5680770954,42.5908096154409,269.606884630557,53.3509979325778,27.6833334792507,-6837.14914954964
7252,12,2024,2.612062,39.584162,1,33890.4478210373,42.0468515971754,269.606884630557,53.3509979325778,27.6833334792507,-6836.84611309152
7254,12,2024,2.184596,39.041427,1,35819.0829159701,-1578.33858584548,205.314466803932,51.8211367101464,28.5421563834658,-6234.6133572796
7255,12,2024,2.612062,39.584162,1,33894.7564999085,41.8594501821999,269.606884630557,53.3509979325778,27.6833334792507,-6836.38760460267
7256,12,2024,1.769305,40.09415,1,37609.622469675,-859.852144282007,276.517810275778,53.8892727173159,28.8238346301359,-9694.64826807829
7257,12,2024,2.612062,39.584162,1,33886.7255892063,42.7112551959412,269.606884630557,53.3509979325778,27.6833334792507,-6837.7451041034
7258,12,2024,2.612062,39.584162,1,33893.7088031228,42.1630462460161,269.606884630557,53.3509979325778,27.6833334792507,-6836.76226138675
7259,12,2024,2.612062,39.584162,1,33897.6456166721,42.4407836706752,269.606884630557,53.3509979325778,27.6833334792507,-6836.8062526229
7260,12,2024,2.184596,39.041427,1,35813.395636507,-1578.66706589514,205.314466803932,51.8211367101464,28.5421563834658,-6232.26122787144
7262,12,2024,2.612062,39.584162,1,33897.1102611084,41.8556382771165,269.606884630557,53.3509979325778,27.6833334792507,-6836.23592911092
7263,12,2024,2.612062,39.584162,1,33891.2308889771,41.9527294901379,269.606884630557,53.3509979325778,27.6833334792507,-6836.70245333201
7264,12,2024,2.184596,39.041427,1,35820.0278274803,-1579.09170033084,205.314466803932,51.8211367101464,28.5421563834658,-6234.99342929645
7265,12,2024,2.480498,39.611643,1,34035.5686813963,158.900000397365,274.829371567816,53.3087892337267,27.8348056160904,-7456.33580216913
7266,12,2024,2.612062,39.584162,1,33888.3364772738,42.1763788673093,269.606884630557,53.3509979325778,27.6833334792507,-6837.10702563619
7267,12,2024,2.612062,39.584162,1,33892.4902643498,41.9973678393777,269.606884630557,53.3509979325778,27.6833334792507,-6836.66923251605
7269,12,2024,2.491563,39.566979,1,33808.5952984433,99.9724238398795,230.756109889713,53.3087892337267,27.8348056160904,-5595.11604290063
7270,12,2024,2.612062,39.584162,1,33888.9419024853,42.4010385540132,269.606884630557,53.3509979325778,27.6833334792507,-6837.2968105367
7271,12,2024,2.612062,39.584162,1,33895.8400463978,42.6805075740924,269.606884630557,53.3509979325778,27.6833334792507,-6837.16519366341
7274,12,2024,2.47243404,39.70930956,1,33877.1337654842,85.5795845885308,267.73240977223,53.4689632665619,27.7382302108793,-6892.19338109658
7275,12,2024,2.612062,39.584162,1,33892.0446003279,41.974283364847,269.606884630557,53.3509979325778,27.6833334792507,-6836.67357943169
7276,12,2024,2.612062,39.584162,1,33890.3553678885,41.8703573433603,269.606884630557,53.3509979325778,27.6833334792507,-6836.67406555987
7277,12,2024,2.612062,39.584162,1,33897.6939233823,41.8697934129399,269.606884630557,53.3509979325778,27.6833334792507,-6836.21374851033
7278,12,2024,2.294576,39.560464,1,35024.1839587639,-444.17039135202,232.75297075247,53.1595924105253,28.1970996307762,-6964.77739617712
7366,10,2024,2.184596,39.041427,1,35817.8362965463,-1579.17931408325,205.314466803932,51.8211367101464,28.5421563834658,-6234.08969820769
7367,10,2024,1.744256,40.033865,1,36886.1483509463,-1007.1405828202,279.271939842296,53.5395893954435,29.0044771246572,-8853.20125042033
7368,10,2024,2.990158,39.317057,1,36748.8496176259,-332.207253523881,518.491396531928,52.21444344898,27.3272861737806,-6723.39294167804
7369,10,2024,2.612062,39.584162,1,33897.0883270787,42.2027439730251,269.606884630557,53.3509979325778,27.6833334792507,-6836.59404262166
7372,10,2024,1.756988431,40.05932098,1,35505.2532932328,-1172.83568725391,276.517810275778,53.8892727173159,28.8238346301359,-7069.88650539674
7374,11,2024,2.612062,39.584162,1,33898.2130752754,42.0517304194415,269.606884630557,53.3509979325778,27.6833334792507,-6836.36838870555
7375,12,2024,2.480498,39.611643,1,34036.1851477349,158.05292057927,274.829371567816,53.3087892337266,27.8348056160904,-7457.08238731428
7376,12,2024,2.480498,39.611643,1,34036.4466061752,159.707362138203,274.829371567816,53.3087892337267,27.8348056160904,-7455.47065896509
7377,12,2024,2.612062,39.584162,1,33895.265909515,42.5150074642942,269.606884630557,53.3509979325778,27.6833334792507,-6837.02840291148
7378,12,2024,2.612062,39.584162,1,33891.4253827747,42.3972706732709,269.606884630557,53.3509979325778,27.6833334792507,-6837.14155624605
7380,12,2024,2.612062,39.584162,1,33895.0459019276,42.0706696137258,269.606884630557,53.3509979325778,27.6833334792507,-6836.5849886661
7382,12,2024,2.294576,39.560464,1,35024.3996627101,-444.259874069261,232.75297075247,53.1595924105253,28.1970996307762,-6964.92276937078
7386,12,2024,2.612062,39.584162,1,33889.3702113825,42.0727467211671,269.606884630557,53.3509979325778,27.6833334792507,-6836.93893495567
7388,12,2024,2.612062,39.584162,1,33887.924520614,42.4841495680929,269.606884630557,53.3509979325778,27.6833334792507,-6837.44279512259
7389,12,2024,2.612062,39.584162,1,33897.9599269085,42.3322499254088,269.606884630557,53.3509979325778,27.6833334792507,-6836.67426832896
7392,12,2024,2.184596,39.041427,1,35817.3670721654,-1578.86510491561,205.314466803932,51.8211367101464,28.5421563834658,-6233.89960227663
7396,11,2024,2.612062,39.584162,1,33890.4640940548,42.3827123816397,269.606884630557,53.3509979325778,27.6833334792507,-6837.18539795672
7397,11,2024,2.612062,39.584162,1,33887.5803185596,42.5779068095086,269.606884630557,53.3509979325778,27.6833334792507,-6837.558554993
7399,11,2024,2.612062,39.584162,1,33895.2064699363,42.2909349181791,269.606884630557,53.3509979325778,27.6833334792507,-6836.80097575842
7400,11,2024,2.184596,39.041427,1,35816.0005715882,-1578.48230703411,205.314466803932,51.8211367101464,28.5421563834658,-6233.33962553521
7436,12,2024,2.527235,40.714721,1,34205.343236853,-132.896391837387,363.632901807216,55.2230005203418,28.1497848218908,-7504.58321223522
7438,11,2024,2.491563,39.566979,1,33799.7691477039,105.952505648323,230.756109889713,53.3087892337267,27.8348056160904,-5582.74954338226
7631,4,2024,1.438433,35.582199,1,31338.6212657016,943.436656401103,1069.64916799663,63.9340302913113,23.3387767923768,-4846.53791331842
7971,12,2024,2.139834,39.296159,1,35549.9960822816,-839.978129129736,230.790027917672,52.4055861637229,28.5932037867701,-6731.75592446102
7980,12,2024,2.139834,39.296159,1,35545.684321963,-838.538622879067,230.790027917672,52.4055861637229,28.5932037867701,-6730.98642682791
7981,10,2024,1.756988431,40.05932098,1,35503.8555659692,-1173.03707411255,276.517810275778,53.8892727173159,28.8238346301359,-7068.42433690613
7988,10,2024,2.048805,39.610968,1,36571.0502926075,-357.040806127124,203.358101348615,53.1508084353056,28.5159457899152,-6997.75754079292
7990,11,2024,2.048805,39.610968,1,36571.0951918468,-355.597104036961,203.369351265875,53.1506113701809,28.5157223108232,-6996.98565085619
7991,12,2024,2.139834,39.296159,1,35534.0452412146,-836.824935863262,230.790027917672,52.4055861637229,28.5932037867701,-6729.29730494908
7996,12,2024,2.139834,39.296159,1,35546.2342404033,-840.940397139553,230.790027917672,52.4055861637229,28.5932037867701,-6731.50788604277
8028,11,2024,2.294576,39.560464,1,35023.231031724,-443.237439902039,232.75297075247,53.1595924105253,28.1970996307762,-6963.86938409383
8048,11,2024,2.048805,39.610968,1,36571.534992082,-357.716191679276,203.348949436912,53.1509687496065,28.5161275922227,-6998.26647709745
8050,12,2024,2.79094,39.502341,1,34640.1017997346,-605.213017980884,345.861686878837,52.690973322548,27.7869411572733,-6024.65060324226
8065,9,2024,2.048805,39.610968,1,36571.4863875585,-357.051072951402,203.354668889963,53.1508685617827,28.5160139755493,-6997.8907874571
8083,10,2024,1.756988431,40.05932098,1,35512.0579545392,-1171.75575075728,276.517810275778,53.8892727173159,28.8238346301359,-7076.86048537695
8100,12,2024,2.065769,39.011855,1,34028.8598350111,-1021.34694841896,170.904932847247,51.8556758140417,28.6405575069574,-5750.85314383891
8105,7,2024,1.748559978,40.05864372,1,35527.8099818823,-1566.8970392383,297.983799889282,53.7198889545747,28.989030525861,-6476.02881579835
8119,10,2024,1.756988431,40.05932098,1,35500.3886903603,-1173.28909342695,276.517810275778,53.8892727173159,28.8238346301359,-7064.4538726728
8120,12,2024,2.139834,39.296159,1,35544.3886421496,-840.620623502087,230.790027917672,52.4055861637229,28.5932037867701,-6731.23391046916
8121,12,2024,2.048805,39.610968,1,36571.9866789154,-354.159775287699,203.374083237605,53.1505284800958,28.5156283104212,-6996.46681797515
8122,12,2024,1.748559978,40.05864372,1,35523.6177734405,-1568.52364650754,298.078659256284,53.7191404385825,28.9897605354428,-6472.26494220242
8123,12,2024,2.139834,39.296159,1,35535.2969037238,-837.010036055029,230.790027917672,52.4055861637229,28.5932037867701,-6729.48049418381
8128,11,2024,1.756988431,40.05932098,1,35502.4681553537,-1173.09532535759,276.517810275778,53.8892727173159,28.8238346301359,-7066.77550146597
8139,11,2024,2.139834,39.296159,1,35542.5955574959,-841.413820917979,230.790027917672,52.4055861637229,28.5932037867701,-6731.18300404061
8140,9,2024,1.756988431,40.05932098,1,35502.3944027134,-1173.29599476405,276.517810275778,53.8892727173159,28.8238346301359,-7066.96305759531
8141,12,2024,1.756988431,40.05932098,1,35501.0268918073,-1173.29734202167,276.517810275778,53.8892727173159,28.8238346301359,-7065.26017055504
26412,5,2024,3.739169,34.812856,1,32514.4279426602,-2556.14917293528,315.060195199405,48.8432620033447,28.891756864454,-4644.59111075339
26413,9,2024,3.739169,34.812856,1,32511.365168081,-2558.39644446328,315.060195199405,48.8432620033447,28.891756864454,-4643.25840163236
26467,11,2024,4.269531,34.641403,1,31051.5377594063,-1746.94188310098,409.139217909193,47.1196870994625,30.4552981308901,-5148.74757772308
26510,2,2024,4.269531,34.641403,1,31057.4726894863,-1751.89796553764,409.139217909193,47.1196870994625,30.4552981308901,-5151.76142092975
26511,2,2024,4.063473,34.641403,1,31970.5144823811,-1497.59346617561,379.790486553044,46.330017882075,29.8001254180742,-4980.84828118581
26512,2,2024,4.063473,34.641403,1,31973.4262069723,-1497.5100294772,379.790486553044,46.330017882075,29.8001254180742,-4981.24021748241
26513,4,2024,4.269531,34.641403,1,31053.6375430077,-1747.88968292412,409.139217909193,47.1196870994625,30.4552981308901,-5149.59937271665
26514,5,2024,4.269531,34.641403,1,31051.4041452604,-1747.48407690813,409.139217909193,47.1196870994625,30.4552981308901,-5148.85381544139
26515,1,2024,4.269531,34.641403,1,31053.6164385015,-1750.04079509897,409.139217909193,47.1196870994625,30.4552981308901,-5150.16616576021
26516,4,2024,4.269531,34.641403,1,31057.4946351745,-1751.84143842772,409.139217909193,47.1196870994625,30.4552981308901,-5151.7526323296
26517,3,2024,4.063473,34.641403,1,31974.0360703072,-1498.69912472961,379.790486553044,46.330017882075,29.8001254180742,-4981.52428058862
26519,7,2024,4.269531,34.641403,1,31054.1333587845,-1752.61211942855,409.139217909193,47.1196870994625,30.4552981308901,-5150.99847869432
26520,2,2024,3.411912,34.774079,1,29872.1605866799,-1716.37217966419,457.402173405557,51.8261130220367,27.5135888174366,-3823.05725154757
26521,5,2024,4.269531,34.641403,1,31058.4616454147,-1755.84473816115,409.139217909193,47.1196870994625,30.4552981308901,-5153.0947106189
26522,8,2024,4.269531,34.641403,1,31054.2156080432,-1749.72521186567,409.139217909193,47.1196870994625,30.4552981308901,-5150.25315668581
26523,8,2024,4.269531,34.641403,1,31056.5220815327,-1750.03423928166,409.139217909193,47.1196870994625,30.4552981308901,-5150.99381016057
26524,6,2024,4.269531,34.641403,1,31051.6154555167,-1745.69294324328,409.139217909193,47.1196870994625,30.4552981308901,-5148.43719052788
26525,11,2024,4.269531,34.641403,1,31052.100011426,-1747.99121830902,409.139217909193,47.1196870994625,30.4552981308901,-5149.18750673808
26526,9,2024,4.269531,34.641403,1,31054.1182148766,-1750.00626859742,409.139217909193,47.1196870994625,30.4552981308901,-5150.30019993187
26527,4,2024,4.269531,34.641403,1,31055.1525970406,-1752.41763474356,409.139217909193,47.1196870994625,30.4552981308901,-5151.23759882963
26528,9,2024,4.269531,34.641403,1,31054.6490360491,-1745.54369875579,409.139217909193,47.1196870994625,30.4552981308901,-5149.26346909755
26530,12,2024,4.269531,34.641403,1,31057.106108105,-1753.51792350712,409.139217909193,47.1196870994625,30.4552981308901,-5152.08818059326
26531,12,2024,4.269531,34.641403,1,31054.2450181761,-1745.85548829335,409.139217909193,47.1196870994625,30.4552981308901,-5149.23114709524
26608,7,2024,2.998898,36.062158,1,38190.1479146379,-3317.92476236826,229.040427191495,48.3984931129893,30.7865636064707,-6366.48752539468
26609,10,2024,2.998898,36.062158,1,38188.2105284936,-3315.88034124539,229.040374975985,48.3984931129893,30.7865636064707,-6364.5391971439
26610,5,2024,2.998898,36.062158,1,38190.4364504551,-3317.31239585551,229.049745387133,48.3984931129893,30.7865636064707,-6367.42440056098
26611,3,2024,2.998898,36.062158,1,38188.7680225997,-3315.24349158984,229.052897870584,48.3984931129893,30.7865636064707,-6365.97469480576
26612,1,2024,3.115511,35.604176,1,33342.8524186177,-2173.69144297505,275.176641444834,46.6638416907354,30.1925496766693,-4781.87216240032
26613,3,2024,3.115511,35.604176,1,33341.7985562251,-2171.77972194551,274.979383583041,46.6638416907354,30.1925496766693,-4781.7451578563
26614,4,2024,3.115511,35.604176,1,33351.0304459928,-2170.5295416948,275.241789755475,46.6638416907354,30.1925496766693,-4779.17005219644
26615,11,2024,3.115511,35.604176,1,33345.8425511019,-2168.90814180875,274.91211568715,46.6638416907354,30.1925496766693,-4780.08978355481
26616,12,2024,3.115511,35.604176,1,33347.2341288028,-2172.08068878539,275.218782859305,46.6638416907354,30.1925496766693,-4780.43822864059
26648,1,2024,2.998898,36.062158,1,38194.3290260459,-3322.39370513066,229.039967473419,48.3984931129893,30.7865636064707,-6370.65292364745
26649,4,2024,2.998898,36.062158,1,38189.1960978285,-3317.6891289946,229.032553698624,48.3984931129893,30.7865636064707,-6364.98148880179
26669,2,2024,1.984274,36.105646,1,34192.7722565584,-1573.82728960563,328.511661153847,46.3592283866686,30.1792222222778,-4787.68839432975
26689,8,2024,0.885272,36.182066,1,28546.6650148068,-393.20295649092,909.018392205238,57.1843881628704,24.7293261932762,-3933.00624626541
26690,4,2024,1.495974,35.472715,1,32126.4331429766,1045.4126859546,1119.43315785585,61.2820746075468,25.0897288963443,-5325.89998310927
26691,4,2024,1.072425,36.133141,1,27500.4228961287,-677.649884295206,595.305309824646,54.1512258861954,26.7065206128174,-3723.23671505304
26695,4,2024,1.208269,35.7829,1,29714.8477602825,-926.394605508783,1022.10296183079,57.3484530534508,25.134537817394,-4606.11639601133
26696,3,2024,0.885913,36.133189,1,28242.5420052233,-665.252426955157,839.792959302664,57.1417207140363,26.079510788492,-4077.45259533337
26697,3,2024,1.104671,36.076829,1,30002.209868309,-1715.23693969444,626.006157908589,54.1512258861954,26.7065206128174,-4154.05611307516
26698,2,2024,1.026105,36.227414,1,28613.7605928798,-883.774640516166,636.934183567762,55.2374174678892,25.5295395606203,-3345.38504030351
26699,4,2024,1.229458,35.971317,1,28724.6940376542,14.325964663701,944.570007705596,53.1671504239277,25.1784422174395,-4512.53113720969
26700,2,2024,1.026105,36.227414,1,28604.8461847532,-885.869453202186,636.934183567762,55.2374174678892,25.5295395606203,-3342.44722792892
26701,2,2024,1.072425,36.133141,1,27503.5647873896,-678.729110580622,595.305309824646,54.1512258861954,26.7065206128174,-3722.90969973616
26702,2,2024,1.072545,36.133532,1,27474.6650883454,-666.914462611023,595.305309824646,54.1512258861954,26.7065206128174,-3721.81082242103
26705,5,2024,1.072334,36.132728,1,27537.0728355261,-693.613188344935,595.305309824646,54.1512258861954,26.7065206128174,-3726.67893935215
26707,7,2024,0.984618,36.1666,1,28237.9652894079,-1466.14662975501,686.635769831017,55.2374174678892,25.5295395606203,-4198.15819213407
26708,4,2024,1.026105,36.227414,1,28610.998627379,-884.307438049664,636.934183567762,55.2374174678892,25.5295395606203,-3344.27746698687
26710,6,2024,0.984618,36.1666,1,28238.3300169706,-1465.58786555095,686.635769831017,55.2374174678892,25.5295395606203,-4198.19121266484
26711,5,2024,1.025645,36.043495,1,29730.0794506013,-537.068109875353,670.679419256747,54.3566229170481,27.1017144666995,-3884.14263972733
26712,4,2024,1.025218,35.725577,1,28767.9899958843,-290.763573234878,1119.96422678232,59.7407216531187,24.9922438560722,-4262.10777840332
26714,3,2024,1.025645,36.043495,1,29731.2591806075,-541.46678521057,670.679419256747,54.3566229170481,27.1017144666995,-3889.16928283422
26715,2,2024,0.632326,36.249745,1,29598.8576074898,293.729731951076,1029.63769808432,64.6899088942576,21.8179429516854,-4830.12008974821
26716,2,2024,1.063091,35.734658,1,29055.9449742634,-345.411241161466,1066.36147726327,61.3478337215602,24.8871148573245,-4516.21648563475
26717,2,2024,0.984618,36.1666,1,28235.5272040892,-1468.56749933904,686.635769831017,55.2374174678892,25.5295395606203,-4197.78469977843
26718,10,2024,1.072425,36.133141,1,27503.3810652199,-678.982989582841,595.305309824646,54.1512258861954,26.7065206128174,-3723.61335955232
26719,6,2024,1.026105,36.227414,1,28611.1813464165,-884.277898673132,636.934183567762,55.2374174678892,25.5295395606203,-3344.36090792712
26720,3,2024,0.712126,36.031,1,29047.5643370226,-1072.05727469844,914.41184457019,62.0605562560943,25.7156965648325,-3255.7082819564
55,1,2025,3.938169,41.860224,1,0.531677654221162,-0.033817292631516,196.640197753906,46.4641151428223,29.8155689239502,-0.100429152475816
71,2,2025,3.70696,34.881951,1,0.401173304657307,-0.0238733313392666,272.338897705078,48.519645690918,28.2954216003418,-0.0503918108680343
72,2,2025,3.768127,34.622171,1,0.392036137636494,-0.000727965688048733,323.322387695313,47.233829498291,28.3740310668945,-0.0495439470521256
73,2,2025,3.668307,34.707767,1,0.365960141201915,-0.021039827866099,324.627990722656,47.4386329650879,27.986047744751,-0.0321851325289429
74,1,2025,3.668307,34.707767,1,0.365986375692194,-0.0210542004796937,324.627990722656,47.4386329650879,27.986047744751,-0.032197988561941
75,1,2025,3.909884,34.994751,1,0.39909512582162,-0.00230303358952906,218.909539388594,47.3760490417481,28.7277641296387,-0.0487681458813103
76,1,2025,4.20468,34.35986,1,0.394446675249681,0.0388165989336379,412.031075258509,49.6669464111328,28.0374870300293,-0.0533542916666724
144,2,2025,3.121573,35.554842,1,0.631560068877091,-0.0481009880234061,164.084289550781,45.4797286987305,29.7622680664062,-0.187483267252125
145,2,2025,2.91825,35.404212,1,0.513381641849951,-0.0247814464702157,196.854728178051,45.5642204284668,29.1670207977295,-0.116699497840091
146,2,2025,2.876673,35.256246,1,0.561840746647418,-0.034916760903594,199.487289428711,45.6874237060547,28.7818088531494,-0.176106500447954
219,1,2025,3.586447,34.641403,1,0.406519566096512,-0.0228784412730813,337.289642333984,47.3912162780762,27.8456020355225,-0.0730157161567991
221,2,2025,2.3729,35.6422,1,0.611015036864108,-0.0528241603280227,251.214477539062,44.9093856811523,28.0179557800293,-0.142737646846907
223,2,2025,2.714609,35.148879,1,0.59600790585654,-0.0399689757394701,244.235500130265,47.5034165882879,27.5664456622322,-0.188319081909446
224,2,2025,2.841198,35.040193,1,0.486055250808546,-0.0359259160719526,331.785827636719,51.4159278869629,27.2964649200439,-0.115852335212908
225,2,2025,2.573833,34.990967,1,0.48670028335089,0.00692225311314207,355.358764648438,50.9212341308594,27.3544330596924,-0.138895333943808
259,2,2025,-0.153262,38.201615,1,0.43408881919769,0.00841644743214145,451.678892197827,52.2795468057741,27.4546881557384,-0.0822982247491425
311,2,2025,2.367952,35.426139,1,0.56195160232205,-0.023442213534171,282.01123046875,45.9726333618164,28.7515487670898,-0.163917157810402
389,1,2025,2.367952,35.426139,1,0.561836864772003,-0.023399743577259,282.01123046875,45.9726333618164,28.7515487670898,-0.163871481902382
417,1,2025,-1.040509,38.449367,1,0.488201313582452,0.0181959103889382,394.875445360708,55.9621280698584,26.2259765169705,-0.12204381618604
418,1,2025,-0.994936,38.473758,1,0.495929315553909,0.0124487340073356,458.084222290975,55.8947944641113,26.4830684661865,-0.151119232035702
560,1,2025,-0.013794,37.995234,1,0.419136573106076,0.0335079385484781,620.948808380064,55.6355056762695,25.5954513549805,-0.0743972463114931
729,1,2025,-0.85717,38.613665,1,0.485764508318331,-0.00224657246938264,346.892956071034,55.6641674149183,26.5233889112454,-0.128390606065464
756,3,2025,-2.093724,36.119694,1,0.406573130504791,0.0518687011657096,483.825439453125,47.2574920654297,27.2948989868164,-0.0366069381852334
757,3,2025,-1.782745,36.342784,1,0.490980798059388,-0.0178555701283639,625.951604496433,48.94491973586,27.0233096145338,-0.128637882554054
758,3,2025,-1.507843,36.306459,1,0.396174836124116,0.00308501540932519,531.552917480469,51.1465721130371,24.3975200653076,-0.0833260573893269
760,3,2025,-1.507843,36.306459,1,0.396389207396957,0.00303249569087098,531.552917480469,51.1465721130371,24.3975200653076,-0.0832606926747658
761,3,2025,-1.782745,36.342784,1,0.490810709228282,-0.0178197910544101,626.458320010328,48.9291425889173,27.0324072430644,-0.128546528951883
762,3,2025,-1.782745,36.342784,1,0.491003426333669,-0.0178764827702692,625.285469503092,48.9656605842956,27.0113497503605,-0.128680257989547
763,3,2025,-2.137031,36.817901,1,0.473555813504016,0.0205838075697883,570.527038574219,60.9467620849609,20.3133068084717,-0.106929136452541
764,3,2025,-1.782745,36.342784,1,0.490441918353322,-0.0177866597463797,625.95461122776,48.9448261179607,27.0233635977333,-0.128428720667626
765,3,2025,-1.507843,36.306459,1,0.396290017387248,0.0030583173619039,531.552917480469,51.1465721130371,24.3975200653076,-0.0832973967295921
782,3,2025,-1.903692,36.287051,1,0.428227648652566,-0.0366755968078473,404.625845291435,48.5717086791992,26.9740505218506,-0.0273647257359974
783,3,2025,-1.903692,36.287051,1,0.42823304127052,-0.0367906643604784,404.52273259053,48.5717086791992,26.9740505218506,-0.027231990805466
784,3,2025,-1.507843,36.306459,1,0.396236168205396,0.00306739663482866,531.552917480469,51.1465721130371,24.3975200653076,-0.0832941501756596
785,3,2025,-1.782745,36.342784,1,0.490512978280008,-0.0178019457050723,625.722688220936,48.9520472968229,27.0191996254334,-0.128468012835466
786,3,2025,-1.903692,36.287051,1,0.42811821886962,-0.0368070331761075,404.5813203391,48.5717086791992,26.9740505218506,-0.0271864641216798
787,3,2025,-1.903692,36.287051,1,0.427817181008221,-0.0370509768947524,404.561438221247,48.5717086791992,26.9740505218506,-0.02683321787145
788,3,2025,-1.903692,36.287051,1,0.42773941740904,-0.0370799833005811,404.5850244479,48.5717086791992,26.9740505218506,-0.0267813706644826
789,3,2025,-1.795485,36.17603,1,0.407787968609828,-0.0161880185468308,420.64627007441,48.6054382324219,27.9345417022705,-0.0833002809062282
790,3,2025,-1.903692,36.287051,1,0.42774633253628,-0.0370612479718065,404.596544110312,48.5717086791992,26.9740505218506,-0.0268046923613555
791,3,2025,-2.091583,36.117728,1,0.403956525881626,0.0725308377325345,483.825439453125,47.2574920654297,27.2948989868164,-0.0215458788385409
792,3,2025,-1.890641,36.84749,1,0.485372855030331,0.0092696030173191,510.469578743523,63.7439516769959,19.5114291513218,-0.120005635760451
793,3,2025,-1.742422,36.094382,1,0.475547593325554,-0.00126510280134878,591.17529296875,51.2415771484375,25.0965118408203,-0.0952422572483776
805,3,2025,-1.74233,36.094695,1,0.47436101329481,-0.00212664373111735,591.17529296875,51.2415771484375,25.0965118408203,-0.0952533665503933
806,3,2025,-1.742422,36.094382,1,0.475259369137476,-0.00142852540625748,591.17529296875,51.2415771484375,25.0965118408203,-0.0951618326336854
807,3,2025,-1.742422,36.094382,1,0.475541869502877,-0.00127317954791923,591.17529296875,51.2415771484375,25.0965118408203,-0.0952474940303504
808,3,2025,-1.903692,36.287051,1,0.42825935350108,-0.036774468933624,404.519982443423,48.5717086791992,26.9740505218506,-0.0272568851710313
809,3,2025,-1.903692,36.287051,1,0.428278199454507,-0.0365792055808722,404.677806001022,48.5717086791992,26.9740505218506,-0.0274887375756259
810,3,2025,-2.005302,36.067652,1,0.532338528410214,-0.00924765493659969,507.085881473119,46.134407043457,28.4103469848633,-0.140996638113765
811,3,2025,-1.903692,36.287051,1,0.428104544949347,-0.0368925482779061,404.51650171874,48.5717086791992,26.9740505218506,-0.0270839023559381
812,3,2025,-1.903692,36.287051,1,0.427669033992076,-0.0370121477847446,404.68539122829,48.5717086791992,26.9740505218506,-0.0268433398108415
813,3,2025,-1.903692,36.287051,1,0.428350666684682,-0.0366958073384329,404.529911326982,48.5717086791992,26.9740505218506,-0.0273694301183268
814,3,2025,-1.903692,36.287051,1,0.427939617448703,-0.0370095096804487,404.520361527837,48.5717086791992,26.9740505218506,-0.0269098779143281
815,3,2025,-1.74199,36.05738,1,0.369441977021947,0.0452087209358085,591.17529296875,51.2415771484375,25.0965118408203,-0.0490326855611631
816,3,2025,-2.091583,36.117728,1,0.403876890246095,0.0727335763714688,483.825439453125,47.2574920654297,27.2948989868164,-0.0213958459667716
817,3,2025,-1.903692,36.287051,1,0.428336681363544,-0.0367588624789887,404.48407895681,48.5717086791992,26.9740505218506,-0.0272927716988198
844,1,2025,4.2758,35.746148,1,0.353336799907058,-0.00762890875456301,336.037719726562,47.8110504150391,28.4987869262695,-0.0180355475496271
851,2,2025,3.121573,35.554842,1,0.631515350884359,-0.048067159513054,164.084289550781,45.4797286987305,29.7622680664062,-0.187483953839544
858,2,2025,2.91825,35.404212,1,0.513613761495201,-0.0248465756195473,196.907803494813,45.5642204284668,29.1670207977295,-0.116749381428326
882,2,2025,3.121573,35.554842,1,0.631497142757723,-0.0480884664783277,164.084289550781,45.4797286987305,29.7622680664062,-0.18750162324581
898,3,2025,2.441251,40.647029,1,0.550936892252856,-0.0182883047933802,255.399722127224,53.0126868838346,27.9451080376929,-0.184848324830205
899,1,2025,3.096662827,37.34659908,1,0.520689043386312,-0.05375484159045,113.033730572141,42.132640838623,29.8872776031494,-0.0578892839089929
901,3,2025,3.096662827,37.34659908,1,0.520643750600509,-0.0537539207672084,113.037683183497,42.132640838623,29.8872776031494,-0.0578706895556608
902,2,2025,3.096662827,37.34659908,1,0.519848008498676,-0.0536107416069924,113.051879373362,42.1326408386231,29.8872776031494,-0.0576485912512346
903,2,2025,2.369678,38.045792,1,0.4366017768702,0.0124595432136904,391.368865966797,51.5569305419922,24.4909114837646,-0.085446420908068
904,2,2025,3.096662827,37.34659908,1,0.519940240354195,-0.0536114256662591,113.043323151893,42.1326408386231,29.8872776031494,-0.0576874481178913
909,3,2025,2.70154,38.09525,1,0.498432530898852,-0.0455133457481336,163.564766198266,46.9566650390625,28.0040435791016,-0.0839384276903178
911,3,2025,2.70154,38.09525,1,0.496964676187267,-0.0454462294844125,163.837177108002,46.9566650390625,28.0040435791016,-0.0835976748134412
912,2,2025,1.990223,37.912656,1,0.40532182311437,-0.0134840186091783,185.568878173828,49.0743713378906,27.8354949951172,-0.0633596619115489
913,3,2025,1.990223,37.912656,1,0.405509657542459,-0.0134618806315665,185.568878173828,49.0743713378906,27.8354949951172,-0.0634438232194645
914,2,2025,1.990223,37.912656,1,0.405545229243495,-0.0134597310079747,185.568878173828,49.0743713378906,27.8354949951172,-0.0634594974400857
915,1,2025,3.096662827,37.34659908,1,0.521179342593623,-0.0537176438807971,112.970472258098,42.1326408386231,29.8872776031494,-0.0581294594036014
919,2,2025,3.096662827,37.34659908,1,0.520555586759849,-0.0536786724016052,113.01345243268,42.132640838623,29.8872776031494,-0.0578950157823836
939,4,2025,3.364300835,39.06241003,1,0.466946057348068,0.00721071571638206,386.1142578125,54.1479835510254,25.750862121582,-0.121050408171577
982,1,2025,2.201581,38.126834,1,0.433930526470429,-0.00181327132123514,362.197823753357,50.4550437927246,26.9713249206543,-0.0795437391560789
983,2,2025,2.33556,37.994729,1,0.423700019121839,0.00805768741687649,533.753596489246,51.5110626220703,24.2254772186279,-0.0622929113548245
1006,3,2025,2.000359,39.757585,1,0.69738830248799,-0.0256688844171439,185.627060123864,51.5773696899414,28.3406276702881,-0.185974041120059
1007,3,2025,1.905652,39.796338,1,0.496873188377541,-0.0116331734471006,176.446131249927,51.5878829956055,28.4540672302246,-0.148666271494469
1008,3,2025,2.065769,39.011855,1,0.48036377352225,-0.0277984099908608,139.619186401367,49.5680198669434,28.4711265563965,-0.120692444811127
1009,3,2025,2.294576,39.560464,1,0.575039014816378,-0.018418012790737,192.266174316406,50.8357315063477,28.0389652252197,-0.184326347926216
1010,3,2025,2.491563,39.566979,1,0.545989239583571,-0.0115911836505275,211.998992919922,51.0662727355957,27.6579742431641,-0.146088193327034
1011,3,2025,2.139834,39.296159,1,0.546217380299533,-0.0200400647491727,172.791687011719,50.2126274108887,28.4216079711914,-0.168687615944719
1012,1,2025,1.748722,40.0588,1,0.589462215650723,-0.0332886094162562,259.364946905755,52.1667034734205,28.6753942722828,-0.138058510876324
1013,3,2025,2.000359,39.757585,1,0.697567016217495,-0.0256883224362597,185.635384903313,51.5773696899414,28.3406276702881,-0.185945253195638
1014,3,2025,2.139834,39.296159,1,0.546519968078623,-0.020116728081632,172.791687011719,50.2126274108887,28.4216079711914,-0.168884461396449
1015,1,2025,2.491563,39.566979,1,0.545946473810719,-0.0115499991904373,211.998992919922,51.0662727355957,27.6579742431641,-0.145929970732097
1016,2,2025,2.139834,39.296159,1,0.546435834421895,-0.0200849388050309,172.791687011719,50.2126274108887,28.4216079711914,-0.168822830780561
1017,2,2025,2.491563,39.566979,1,0.546028628773005,-0.011583621814917,211.998992919922,51.0662727355957,27.6579742431641,-0.146043325733067
1068,4,2025,1.905652,39.796338,1,0.496812166861789,-0.0116703374287629,176.445371002895,51.5878829956055,28.4540672302246,-0.148644756118529
1069,2,2025,2.065769,39.011855,1,0.480255517333542,-0.0278143227317448,139.619186401367,49.5680198669434,28.4711265563965,-0.120553420716502
1077,1,2025,2.491563,39.566979,1,0.545893780066142,-0.0115282595522004,211.998992919922,51.0662727355957,27.6579742431641,-0.145856327508173
1078,3,2025,2.294576,39.560464,1,0.575354626563698,-0.0184861689760689,192.266174316406,50.8357315063477,28.0389652252197,-0.184556836529557
1079,3,2025,2.294576,39.560464,1,0.575320684872455,-0.0184944545339459,192.266174316406,50.8357315063477,28.0389652252197,-0.184552994743812
1080,3,2025,4.069899,41.000034,1,0.610310312554542,-0.0255740042915638,201.749440135398,47.8980941772461,28.1847248077393,-0.180317971673614
1081,2,2025,4.069899,41.000034,1,0.609931071806089,-0.0255441510137074,201.797636402078,47.8980941772461,28.1847248077393,-0.180061961158515
1084,3,2025,2.491563,39.566979,1,0.545783283218113,-0.0114971587921488,211.998992919922,51.0662727355957,27.6579742431641,-0.145761514816784
1094,1,2025,2.204175,38.042007,1,0.414265964189305,0.0173375095165657,476.436194027499,51.0844268798828,25.4516563415527,-0.0703761202195302
1095,1,2025,2.586325,37.085936,1,0.605981292017922,-0.0491739098835144,181.994522094727,44.7332382202148,28.7093105316162,-0.111176026361265
1096,3,2025,2.201581,38.126834,1,0.434004273424451,-0.00179304540240109,362.426841866038,50.4550437927246,26.9713249206543,-0.0795728420828391
1102,2,2025,2.499818,37.569655,1,0.513014511511913,-0.0491263113891893,160.642704912407,45.4833374023438,29.2099304199219,-0.0692409554713658
1103,3,2025,2.333724,37.994872,1,0.422522148432577,0.010165416177417,531.621949780938,51.5110626220703,24.2254772186279,-0.0599428131602979
1104,3,2025,2.255386,38.037754,1,0.450591000648245,0.0319832597488813,516.884399414062,51.5110626220703,24.2254772186279,-0.0751018868986761
1105,3,2025,1.595146,37.808776,1,0.515259906355748,-0.0325726746018197,194.825200349894,47.127269744873,28.1012210845947,-0.110721291156856
1106,3,2025,2.333724,37.994872,1,0.422711460848458,0.00989768438522501,532.310687503916,51.5110626220703,24.2254772186279,-0.060033774164916
1107,3,2025,2.333724,37.994872,1,0.422685494713495,0.00992925010208344,532.179641631912,51.5110626220703,24.2254772186279,-0.0600464008845481
1108,2,2025,3.096662827,37.34659908,1,0.519991248154341,-0.0536558198787219,113.057717283343,42.1326408386231,29.8872776031494,-0.0576726686576163
1109,2,2025,3.096662827,37.34659908,1,0.520652141547067,-0.0537290518764502,113.026065186703,42.132640838623,29.8872776031494,-0.0578947609382836
1110,2,2025,3.096662827,37.34659908,1,0.520242487299153,-0.0535879186040414,113.004114821358,42.132640838623,29.8872776031494,-0.0578360206462159
1113,2,2025,3.096662827,37.34659908,1,0.521179659029069,-0.0537141556133811,112.96892844568,42.132640838623,29.8872776031494,-0.058132471415167
1121,2,2025,3.096662827,37.34659908,1,0.520891517631138,-0.0537682447561696,113.020098357184,42.1326408386231,29.8872776031494,-0.0579647568831676
1122,3,2025,3.452714,38.512995,1,0.435199560688935,-0.00817123933661203,407.201414064578,50.7756853640666,26.5535864105193,-0.0985631902881309
1124,3,2025,3.096662827,37.34659908,1,0.5203213864083,-0.0535885386665738,112.996814538479,42.132640838623,29.8872776031494,-0.0578692359107963
1125,3,2025,2.104975,37.894343,1,0.389798689652277,-0.0163931716504482,350.143200670925,49.7563362121582,26.6679229736328,-0.0934240943993547
1126,3,2025,3.096662827,37.34659908,1,0.521414468023279,-0.0537091134212661,112.944197522383,42.1326408386231,29.8872776031494,-0.0582369847807794
1127,3,2025,2.936103,37.630553,1,0.37952924546236,-0.0518769106817595,110.87287902832,42.3371162414551,29.8920783996582,-0.0302885886702093
1134,1,2025,2.201581,38.126834,1,0.433967165306898,-0.00174569165572555,362.364681384699,50.4550437927246,26.9713249206543,-0.0795631289009078
1135,3,2025,2.70154,38.09525,1,0.498519786098032,-0.0455129366239395,163.561139039468,46.9566650390625,28.0040435791016,-0.0839567261483952
1136,3,2025,0.898899,38.420906,1,0.512908214592257,0.0046504419931943,322.245506169792,48.5269584655762,28.4486618041992,-0.119267874985034
1137,2,2025,2.928503,38.169301,1,0.432018805380454,-0.0366718022636783,166.862411499023,46.6179389953613,28.1559276580811,-0.0531008097534955
1142,3,2025,3.401693,39.41312,1,0.52698018889106,0.00879006110416027,318.55810546875,55.111385345459,25.5276355743408,-0.193649466685113
1143,3,2025,2.996756,39.316857,1,0.533449929598884,0.00131025520715107,349.658116978539,50.5376739501953,27.0519790649414,-0.136647573823565
1144,2,2025,2.996756,39.316857,1,0.533259017366473,0.0013030924060601,349.579489160484,50.5376739501953,27.0519790649414,-0.136615935676688
1146,2,2025,2.877231,39.273743,1,0.495842653118957,-0.0153978556529295,289.876892089844,49.9997444152832,27.3756809234619,-0.139569835708227
1147,2,2025,2.990158,39.317057,1,0.515691903819925,-0.000610798513281168,351.934051513672,50.5376739501953,27.0519790649414,-0.138645748931734
1148,1,2025,2.990158,39.317057,1,0.516101940981208,-0.000668960362998668,351.934051513672,50.5376739501953,27.0519790649414,-0.138775997096314
1149,2,2025,2.990158,39.317057,1,0.516034770008849,-0.000647164436846368,351.934051513672,50.5376739501953,27.0519790649414,-0.138734074412384
1150,2,2025,2.996756,39.316857,1,0.53352772639664,0.00130261657728197,349.770281699289,50.5376739501953,27.0519790649414,-0.136606150139114
1193,2,2025,2.996756,39.316857,1,0.533289841461667,0.00131206468791462,349.533585569247,50.5376739501953,27.0519790649414,-0.136660439766086
1194,2,2025,2.996756,39.316857,1,0.533523053813643,0.00132641466992917,349.587453889434,50.5376739501953,27.0519790649414,-0.136727536119995
1195,1,2025,3.369522,39.425231,1,0.529079095844206,0.014244276677547,290.740051269531,55.111385345459,25.5276355743408,-0.152008205444538
1196,1,2025,2.877231,39.273743,1,0.495702502061545,-0.0153562011734944,289.876892089844,49.9997444152832,27.3756809234619,-0.139546218974129
1197,1,2025,2.990158,39.317057,1,0.515982331225715,-0.000592176952028465,351.934051513672,50.5376739501953,27.0519790649414,-0.138639048103164
1200,1,2025,2.996756,39.316857,1,0.533628956054783,0.00131364072112798,349.75665110475,50.5376739501953,27.0519790649414,-0.136660649240941
1201,1,2025,2.950016,39.490078,1,0.475572539850012,-0.0168399332031908,275.703738604914,50.9547213712297,27.0813631468513,-0.139163299193704
1202,1,2025,2.950016,39.490078,1,0.475570017388621,-0.0168400330735547,275.696126848347,50.9546725203492,27.0814896085325,-0.139160900644066
1203,1,2025,2.950016,39.490078,1,0.475479676473689,-0.0167664030494964,275.838981290719,50.9555893343899,27.0791162256229,-0.139221125060965
1208,3,2025,2.527235,40.714721,1,0.514525180785639,-0.0178865904635064,271.941528320312,52.9048805236816,27.9885578155518,-0.190781020239979
1209,3,2025,2.442898,40.647455,1,0.56140399083052,-0.0182608002117025,255.443016615224,53.0149430378987,27.955121023621,-0.1934945442402
1210,3,2025,2.442898,40.647455,1,0.56162332656471,-0.018273103378343,255.436864110565,53.0146224197547,27.9536980955436,-0.19349648369359
1211,3,2025,3.939309,41.852953,1,0.530128483415552,-0.0307457953832625,196.186780276132,46.5567890258986,29.6841750603678,-0.0991026720884067
1212,2,2025,2.441251,40.647029,1,0.551166917325003,-0.0182762589201955,255.404021610557,53.0129109376863,27.9461024059854,-0.185150011728511
1213,2,2025,2.441251,40.647029,1,0.550942394076159,-0.0182789560215259,255.402752246797,53.0128447888452,27.9458088323215,-0.184948467607389
1214,2,2025,2.527235,40.714721,1,0.514836833216748,-0.0178930497458794,271.941528320312,52.9048805236816,27.9885578155518,-0.19091604841318
1215,2,2025,2.527235,40.714721,1,0.514365645875741,-0.0178561707346955,271.941528320312,52.9048805236816,27.9885578155518,-0.190787654974757
1216,2,2025,2.441251,40.647029,1,0.550686262564705,-0.0182719652078734,255.404568440297,53.012939433973,27.9462288747057,-0.184821994077057
1217,2,2025,2.441251,40.647029,1,0.551132211355468,-0.0182815069576154,255.402246553863,53.0128184362719,27.9456918775668,-0.185069016182633
1218,2,2025,2.474052,40.654004,1,0.51183093738968,-0.012909464731627,252.076477050781,52.9048805236816,27.9885578155518,-0.172793096260835
1219,3,2025,2.44146,40.658452,1,0.559541690286708,-0.0175002628066453,255.952194213867,53.0414772033691,28.0728816986084,-0.210114842151057
1220,2,2025,2.455079,40.640337,1,0.569587956696963,-0.0135178112386938,246.008593634074,52.8740189916876,27.8593584963401,-0.204473776444751
1221,2,2025,2.442898,40.647455,1,0.561023411147189,-0.0182682478888542,255.436570577519,53.0146071232168,27.9536302083275,-0.193068684046562
1222,2,2025,2.438686,40.647591,1,0.532908558490522,-0.0179870791861941,255.450475696433,53.0153317441096,27.9568461317959,-0.174259505118449
1223,2,2025,2.441251,40.647029,1,0.550840955263203,-0.0182665040581245,255.406617655454,53.0130462222806,27.9467028094598,-0.184997979143662
1224,2,2025,2.442898,40.647455,1,0.560909831983609,-0.0182606409584953,255.440343569928,53.0148037406744,27.9545028117845,-0.193083409009007
1225,2,2025,2.442898,40.647455,1,0.561070658273015,-0.0182605187636841,255.441292784929,53.0148532059847,27.9547223426507,-0.19321937438162
1226,2,2025,2.4660031,40.6509,1,0.523707848717491,-0.0158169609543397,249.860629366641,52.8882353254689,27.9524937217237,-0.170334080831137
1227,2,2025,2.441251,40.647029,1,0.551128254718964,-0.0182756400741047,255.404155720517,53.0129179263989,27.9461334224313,-0.185126460423533
1228,1,2025,2.441251,40.647029,1,0.550900886963972,-0.0182883393278845,255.399653668083,53.0126833163049,27.9450922047208,-0.184820192362936
1229,1,2025,2.438686,40.647591,1,0.532846763468332,-0.017960708907682,255.455469067972,53.0155919577306,27.9580009799362,-0.174396412144606
1230,3,2025,2.527235,40.714721,1,0.514687099337542,-0.017878841270808,271.941528320312,52.9048805236816,27.9885578155518,-0.190881984217455
1231,1,2025,2.527235,40.714721,1,0.514431401252149,-0.0178709985032892,271.941528320312,52.9048805236816,27.9885578155518,-0.190778514930408
1241,3,2025,2.439759,40.642877,1,0.542623722864432,-0.0193815868545096,255.159561157227,53.000171661377,27.8895645141602,-0.173107831862329
1244,3,2025,2.465842,40.632307,1,0.554328827762239,-0.0191005518861722,243.662384033203,52.8416748046875,27.8516139984131,-0.1899159755016
1245,3,2025,2.518937,40.654984,1,0.517748242768911,-0.00744820406660362,262.753204345703,52.9048805236816,27.9885578155518,-0.185742249950726
1246,3,2025,2.531993,40.718079,1,0.528189970597066,-0.01652991925571,271.941528320312,52.9048805236816,27.9885578155518,-0.196349564136786
1247,3,2025,2.531993,40.718079,1,0.528182537957871,-0.0165377861308275,271.941528320313,52.9048805236816,27.9885578155518,-0.196333748981116
1248,3,2025,2.44146,40.658452,1,0.559350846594266,-0.017497399937827,255.952194213867,53.0414772033691,28.0728816986084,-0.209948343063369
1298,5,2025,2.442898,40.647455,1,0.561446356963371,-0.0182720359235089,255.43656089676,53.0146066187349,27.9536279693981,-0.193364938482965
1359,7,2025,1.078052,38.835138,1,0.407230375324789,0.0626796837436473,178.382614135742,48.0293006896973,29.2353916168213,-0.0284631509180559
1360,3,2025,2.996756,39.316857,1,0.533717936691228,0.00132095535772188,349.762762016212,50.5376739501953,27.0519790649414,-0.136696260119153
1361,3,2025,2.491563,39.566979,1,0.545635457714535,-0.0114480518496607,211.998992919922,51.0662727355957,27.6579742431641,-0.145602781400641
1362,3,2025,2.065769,39.011855,1,0.480368330883983,-0.0277992231485202,139.619186401367,49.5680198669434,28.4711265563965,-0.120696852042178
1364,3,2025,1.733327,40.021314,1,0.644954999564152,-0.0188908142130028,260.491882324219,51.9331741333008,28.7022342681885,-0.250216874367833
1365,3,2025,1.349815,39.570582,1,0.672929284702896,-0.0500681542593915,183.104203226373,51.5410632816014,28.6902383262811,-0.167733112956972
1391,3,2025,2.510491,40.650584,1,0.501799914246952,-0.00845998502167335,256.81690708118,52.8863651582224,27.9484417491253,-0.185441499658207
1392,3,2025,2.518937,40.654984,1,0.517937070796032,-0.00740488712074995,262.753204345703,52.9048805236816,27.9885578155518,-0.185937732273849
1393,4,2025,2.44146,40.658452,1,0.55947895884151,-0.0175333862972079,255.952194213867,53.0414772033691,28.0728816986084,-0.209953966564874
1394,4,2025,2.44146,40.658452,1,0.559542611746911,-0.0175181530727723,255.952194213867,53.0414772033691,28.0728816986084,-0.210060006577589
1395,3,2025,2.44146,40.658452,1,0.559284595017776,-0.0175267823188765,255.952194213867,53.0414772033691,28.0728816986084,-0.209795198410581
1396,3,2025,2.442898,40.647455,1,0.560985066014558,-0.0182571033104349,255.442818135837,53.0149326947789,27.9550751200566,-0.193197446445443
1397,4,2025,2.527235,40.714721,1,0.514404440881867,-0.0178579112056395,271.941528320312,52.9048805236816,27.9885578155518,-0.190801771165059
1398,4,2025,2.531993,40.718079,1,0.528369463151092,-0.0165256411084345,271.941528320313,52.9048805236817,27.9885578155518,-0.196381492752568
1481,1,2025,-1.290206,38.008998,1,0.459472459995304,0.0383035051419833,546.30859375,64.5439453125,21.7535648345947,-0.102933248941262
1657,2,2025,1.026105,36.227414,1,0.344897126595635,0.0103254019496329,494.158782958984,51.7879028320312,25.5898628234863,-0.050262674772317
1658,1,2025,0.885272,36.182066,1,0.337470701118059,0.0136238779635939,663.485046386719,53.8312683105469,24.7500972747803,-0.0614485402254741
1659,2,2025,0.935698,36.022809,1,0.333049211843225,0.00836514764425778,645.793823242188,53.5636291503906,26.6250400543213,-0.0538332820327662
1660,2,2025,1.210252,35.74825,1,0.346610674162539,0.023002957173835,747.501586914063,59.7557029724121,24.9060077667236,-0.0625312899416569
1661,2,2025,0.942912,35.904368,1,0.308129174687271,0.0396349873610782,831.071716308594,55.1208457946777,23.3044128417969,-0.0431391022283098
1662,2,2025,0.895768,35.969841,1,0.297825827377252,0.0091386471358393,731.948597185251,53.5636291503906,26.6250400543213,-0.0320336180991281
1664,2,2025,1.025218,35.725577,1,0.348960027576378,0.0300725292893077,831.361755371094,58.0593299865723,24.750072479248,-0.0581804173313374
1665,2,2025,1.026105,36.227414,1,0.344900174553029,0.0104718083964299,494.158782958984,51.7879028320313,25.5898628234863,-0.050182272523963
1666,2,2025,1.208269,35.7829,1,0.365190264333549,0.0123346999361559,787.019226074219,55.5344543457031,24.8994770050049,-0.0657693744449209
1779,2,2025,3.096662827,37.34659908,1,0.520916230298228,-0.0536578847057671,112.96981015104,42.1326408386231,29.8872776031494,-0.0580662960080489
1808,2,2025,0.895768,35.969841,1,0.297800099207483,0.00915025342104112,732.011815604883,53.5636291503906,26.6250400543213,-0.0320202766979253
1809,2,2025,0.806292,36.281798,1,0.34949863230867,0.0309895886328479,719.5263671875,56.2848434448242,22.9141445159912,-0.0468926105755085
1811,2,2025,1.026105,36.227414,1,0.344872939931804,0.0105332279530595,494.158782958984,51.7879028320312,25.5898628234863,-0.0501406351202914
1812,2,2025,1.072425,36.133141,1,0.305483967458348,0.0172296212767596,470.771362304688,50.5070266723633,26.8242111206055,-0.0524276310023596
1814,2,2025,1.026105,36.227414,1,0.3448339986767,0.0105441864120639,494.158782958984,51.7879028320312,25.5898628234863,-0.0501236318716178
1824,3,2025,1.728687,35.58767,1,0.385868297119185,0.0102441907023709,534.883666992188,49.1674919128418,26.8582935333252,-0.0997077852777242
1825,3,2025,1.49424,35.405583,1,0.375124629801049,0.0797915211757179,860.59683431429,61.0895652770996,22.4684047698975,-0.0390415582905038
1826,2,2025,1.648451,35.609547,1,0.43553201258637,0.0184527869965157,591.725014171624,50.4707201672455,27.1206597304601,-0.114214026441066
1827,3,2025,1.536662,35.631419,1,0.36822760079621,0.046732220136615,661.865600585938,55.4495086669922,26.2145900726318,-0.0699236174503707
1828,3,2025,1.536662,35.631419,1,0.368075600968975,0.0466549191094656,661.865600585938,55.4495086669922,26.2145900726318,-0.0699109019356428
1829,3,2025,1.437513,35.356226,1,0.384850010719535,0.0714760569553372,863.384094238281,67.7513809204102,19.2447395324707,-0.0618550710545348
1830,3,2025,1.495974,35.472715,1,0.424244678584386,0.046740189046228,776.17742129518,58.6260948181152,24.9899253845215,-0.0986808345599831
1832,2,2025,1.648451,35.609547,1,0.435762527362456,0.0183910140034725,591.586911915106,50.4645003971655,27.1194075649876,-0.114321111093711
1833,3,2025,1.715365,35.497959,1,0.474975226147289,-0.00367178457485683,687.887537093558,51.1370239257813,24.9226589202881,-0.143298073510317
1834,2,2025,1.797533,35.368568,1,0.375355362956393,0.0412843692002123,752.761302275446,51.0743942260742,24.1281490325928,-0.0705198735156162
1835,3,2025,1.436433,35.355208,1,0.387240336877799,0.0744277502419051,863.384094238281,67.7513809204102,19.2447395324707,-0.0611616084989767
1836,2,2025,1.495974,35.472715,1,0.424251121627987,0.0467199911492816,776.177484396633,58.6260948181152,24.9899253845215,-0.0987217328002499
1837,2,2025,1.533855,35.448918,1,0.413493351666563,0.0375249015121905,825.033618517086,59.4651373902991,24.1311112937769,-0.0837958162170032
1838,2,2025,1.734344,35.324677,1,0.358584174309819,0.0848256146934296,832.241455078125,53.5912246704102,20.3994808197021,-0.0250231326151817
1839,2,2025,1.648451,35.609547,1,0.435485245201147,0.0184462475293428,591.76543663059,50.472540690727,27.1210262386455,-0.114192245740179
1840,2,2025,1.495974,35.472715,1,0.424264970970644,0.0467287416698903,776.177022217769,58.6260948181152,24.9899253845215,-0.0987180707586621
1841,2,2025,1.728687,35.58767,1,0.386005863943433,0.0102443758931685,534.883666992188,49.1674919128418,26.8582935333252,-0.0997704582452841
1842,2,2025,1.734344,35.324677,1,0.358550264905414,0.0848199127089119,832.241455078125,53.5912246704102,20.3994808197021,-0.0249657925008465
1843,2,2025,1.507382,35.5001,1,0.404193066974097,0.0516576854832147,764.302326879772,58.6260948181152,24.9899253845215,-0.082939161501693
1844,2,2025,1.734344,35.324677,1,0.358649131171572,0.0848232249787809,832.241455078125,53.5912246704102,20.3994808197021,-0.0250638134545955
1845,2,2025,1.533855,35.448918,1,0.413505662902911,0.0376031680624808,825.766670742283,59.4777771072626,24.1181737297115,-0.0837445358461462
1846,3,2025,1.536662,35.631419,1,0.367962090232003,0.0467377506282081,661.865600585938,55.4495086669922,26.2145900726318,-0.069810247245599
1848,3,2025,2.484485,35.148879,1,0.381489022809329,0.0228257882957781,463.998146558357,49.63926227774,26.3217792981259,-0.0785312701102026
1849,3,2025,1.966667,35.2,1,0.447553043815024,0.0417928792859704,761.969576019896,54.9473991394043,21.1946849822998,-0.0635657459034393
1850,3,2025,1.603738,35.45628,1,0.404122769883179,0.0521326006945813,719.264038085938,53.963752746582,25.3496799468994,-0.07950015507348
1851,3,2025,1.728687,35.58767,1,0.385896027036733,0.0102649978026496,534.883666992187,49.1674919128418,26.8582935333252,-0.0997086509852185
1852,2,2025,1.728687,35.58767,1,0.385730117030767,0.0102875152512123,534.883666992188,49.1674919128418,26.8582935333252,-0.0996201797584269
1853,3,2025,1.495974,35.472715,1,0.424223078841281,0.0466968529367199,776.178484758716,58.6260948181152,24.9899253845215,-0.0987390232845624
1855,3,2025,1.966667,35.2,1,0.446956368260237,0.0418235932688295,762.118328386801,54.9473991394043,21.1946849822998,-0.0633860658267544
1856,3,2025,1.495965,35.472716,1,0.424241509436945,0.0467031646886741,776.177928886494,58.6260948181152,24.9899253845215,-0.0987432231077897
1857,3,2025,1.495974,35.472715,1,0.424224533539114,0.0467411050942712,776.177938894205,58.6260948181152,24.9899253845215,-0.0986624621451072
1858,3,2025,1.728687,35.58767,1,0.385918436565938,0.0102389002192233,534.883666992188,49.1674919128418,26.8582935333252,-0.0997336628770097
1860,3,2025,1.445041,35.883134,1,0.318346441487993,0.0288102382067545,633.270756056382,47.4236588018318,24.9472643367966,-0.0362970877429495
1861,2,2025,1.648451,35.609547,1,0.435777450568219,0.0183922937421247,591.574438465415,50.4639386251051,27.1192944689136,-0.114328058308939
1862,2,2025,1.648451,35.609547,1,0.435787893407093,0.0184276591990025,591.54233885311,50.4624929412095,27.1190034235156,-0.114333014122645
1863,2,2025,1.495974,35.472715,1,0.424275606823452,0.0467101741306552,776.176957598797,58.6260948181152,24.9899253845215,-0.098759727648525
1864,2,2025,1.648451,35.609547,1,0.435495167842409,0.0184980229102348,591.724041658692,50.4706763677669,27.1206509127395,-0.114197012295188
1865,3,2025,1.728687,35.58767,1,0.386001671267329,0.0102342502193345,534.883666992188,49.1674919128418,26.8582935333252,-0.0997742805887097
1866,2,2025,1.648451,35.609547,1,0.435373186534063,0.018489814613842,591.823983485336,50.475177490332,27.1215570797185,-0.114140229681563
1867,2,2025,1.603738,35.456279,1,0.403818769446669,0.0520736480799247,719.264038085938,53.963752746582,25.3496799468994,-0.0794243437048914
1868,1,2025,1.648451,35.609547,1,0.435493864438683,0.0184467392752231,591.758462023299,50.4722265723712,27.1209630002694,-0.114196257927557
1869,2,2025,1.397999,35.586864,1,0.41265179300476,0.0399843156670863,905.022403454759,61.250560760498,23.1902561187744,-0.0957631626072923
1870,2,2025,1.648451,35.609547,1,0.435565948746593,0.0184170737116721,591.722032624679,50.4705858860473,27.1206326969399,-0.114229714625021
1871,2,2025,1.648451,35.609547,1,0.435690654662884,0.0184347846238652,591.613562980035,50.4657006925149,27.1196492087098,-0.114287791186072
1873,1,2025,1.536662,35.631419,1,0.367998244672112,0.0467411486142231,661.865600585938,55.4495086669922,26.2145900726318,-0.0698229958527521
1874,1,2025,1.728687,35.58767,1,0.386054657156345,0.0102273404954445,534.883666992188,49.1674919128418,26.8582935333252,-0.0998023751321003
1875,1,2025,1.728687,35.58767,1,0.386030216688568,0.0102284255452352,534.883666992188,49.1674919128418,26.8582935333252,-0.0997906069724256
1876,2,2025,1.208269,35.7829,1,0.365121569339619,0.0123323947317871,787.019226074219,55.5344543457031,24.8994770050049,-0.065773809935357
1877,1,2025,1.445041,35.883134,1,0.318515299329549,0.0286864092634486,632.749283449052,47.413717926755,24.9563950599161,-0.0363516587974068
1878,2,2025,1.797533,35.368568,1,0.375250070816741,0.0413259153881965,753.200094811201,51.0743942260742,24.1281490325928,-0.0704539782495245
1879,3,2025,1.495974,35.472715,1,0.424251661876671,0.046779928452918,776.176782167882,58.6260948181152,24.9899253845215,-0.0986167888135492
1880,3,2025,1.966667,35.2,1,0.447669053819383,0.0417859162950127,761.939065820046,54.9473991394043,21.1946849822998,-0.0636002371742328
1881,2,2025,1.603738,35.45628,1,0.403899123891722,0.0520967321015573,719.264038085938,53.963752746582,25.3496799468994,-0.0794341867300236
1882,2,2025,1.666667,35.466667,1,0.400069789574685,0.0495249012307926,735.212036132812,51.1370239257813,24.9226589202881,-0.0762862251035993
1883,3,2025,1.495974,35.472715,1,0.42426070226934,0.0467590785127364,776.176785559966,58.6260948181152,24.9899253845215,-0.0986611291177281
1885,2,2025,0.885272,36.182066,1,0.337405141206012,0.0136830458602506,663.485046386719,53.8312683105469,24.7500972747803,-0.0614319358687952
1886,2,2025,0.984618,36.1666,1,0.323626535623353,-0.00530271647338969,542.541381835938,51.7879028320312,25.5898628234863,-0.060122739968359
1887,2,2025,0.72399,36.026394,1,0.340539456715811,0.0322898369683331,759.099304199219,59.5918197631836,25.5822925567627,-0.0596162459885192
1889,2,2025,0.984618,36.1666,1,0.323767328177586,-0.00523944035498329,542.541381835938,51.7879028320312,25.5898628234863,-0.06016676511255
1890,3,2025,1.026105,36.227414,1,0.344901400536228,0.0103234189374501,494.158782958984,51.7879028320312,25.5898628234863,-0.0502649805357175
1893,2,2025,1.990223,37.912656,1,0.405347306796618,-0.0134846576841693,185.568878173828,49.0743713378906,27.8354949951172,-0.063370630019847
1894,2,2025,0.638723,37.667883,1,0.548464342728973,-0.0180718212096672,240.420074462891,51.4774589538574,25.3186435699463,-0.127058249640801
1896,3,2025,0.986177,37.326977,1,0.534493939486181,0.035518663517144,442.311798095703,52.7224006652832,23.1426162719727,-0.146252998792938
1896,2,2025,0.986177,37.326977,1,0.534500100309907,0.0356066552787926,442.311798095703,52.7224006652832,23.1426162719727,-0.14619833611124
1898,3,2025,1.229458,35.971317,1,0.342542771664027,0.0332174018838885,731.994445800781,49.9239959716797,25.1969566345215,-0.0595220081775199
1902,3,2025,1.072232,36.133016,1,0.305914161306264,0.0171192437587031,470.771362304688,50.5070266723633,26.8242111206055,-0.0524478479413725
1903,3,2025,0.984618,36.1666,1,0.323581373893446,-0.00535684187014808,542.541381835938,51.7879028320312,25.5898628234863,-0.0601059870861443
1904,3,2025,0.984618,36.1666,1,0.323518196535018,-0.00531178801989859,542.541381835938,51.7879028320312,25.5898628234863,-0.0600918558258089
1906,3,2025,0.885272,36.182066,1,0.337425819581064,0.0136781936822588,663.485046386719,53.8312683105469,24.7500972747803,-0.0614330364708096
1907,3,2025,1.030211,36.040237,1,0.353523261573678,0.0153274563619682,610.077514648438,50.3368759155273,27.251127243042,-0.048121208189354
1909,3,2025,0.885272,36.182066,1,0.337302285977741,0.0137141194610767,663.485046386719,53.8312683105469,24.7500972747803,-0.0614243836415223
1910,3,2025,0.984618,36.1666,1,0.323666792735291,-0.00534318446686917,542.541381835938,51.7879028320312,25.5898628234863,-0.0601308132655694
1911,3,2025,0.984618,36.1666,1,0.323588900411025,-0.00528991259813029,542.541381835938,51.7879028320312,25.5898628234863,-0.0601132707952377
1923,3,2025,1.489864,35.010159,1,0.526612034118771,0.0133836430008441,895.188598632813,55.7754936218262,22.5837593078613,-0.142383631176263
1934,3,2025,1.790621991,35.30270424,1,0.360745379891486,0.0345948764869921,780.60797792121,52.7199096679688,22.9578838348389,-0.0755520327855113
1936,3,2025,1.648451,35.609547,1,0.435391221996345,0.0184711525127422,591.82568359375,50.4752540588379,27.1215724945068,-0.114151694740538
1943,1,2025,1.728687,35.58767,1,0.386049526161214,0.0102222038427829,534.883666992188,49.1674919128418,26.8582935333252,-0.0998029434194333
1944,1,2025,1.507382,35.5001,1,0.404125882658035,0.0516903019753567,764.276380055949,58.6260948181152,24.9899253845215,-0.0829150954119239
1945,2,2025,1.648451,35.609547,1,0.435807840258629,0.0184040341325458,591.542793309458,50.4625134087534,27.119007544046,-0.11434223037295
1946,1,2025,1.603738,35.456279,1,0.403909615404411,0.0520873528269939,719.264038085938,53.963752746582,25.3496799468994,-0.0794524339898079
1948,1,2025,1.797533,35.368568,1,0.375230569616959,0.0413651901781069,753.241090092151,51.0743942260742,24.1281490325928,-0.0703814658305522
1949,1,2025,1.648451,35.609547,1,0.43557894923595,0.01842592919833,591.706209118327,50.4698732360599,27.1204892260886,-0.114235789549738
1950,1,2025,1.648451,35.609547,1,0.435371997187501,0.0184925287964465,591.823166430222,50.4751406922732,27.1215496715252,-0.114139684254243
1951,1,2025,1.648451,35.609547,1,0.435778064469224,0.018411808586509,591.560791063725,50.4633239812692,27.1191707286821,-0.114328397707752
1952,1,2025,1.58823,35.43436,1,0.382140852843224,0.0663963399634051,906.849548339844,55.7639808654785,21.0991477966309,-0.0580835490980282
1953,1,2025,1.495974,35.472715,1,0.424263337285399,0.0467492562880993,776.176829531373,58.6260948181152,24.9899253845215,-0.0986806368963112
1954,1,2025,1.536662,35.631419,1,0.368198943736427,0.0466761240224781,661.865600585938,55.4495086669922,26.2145900726318,-0.0699480155609999
1955,1,2025,1.495974,35.472715,1,0.42424588792107,0.0466872874758316,776.177996067921,58.6260948181152,24.9899253845215,-0.0987747395997087
1956,1,2025,1.790621991,35.30270424,1,0.360947410405079,0.0345842380741435,780.374483771822,52.7199096679688,22.9578838348389,-0.075667998729186
1957,1,2025,1.397999,35.586864,1,0.412225055338458,0.0401310204951306,905.960149534612,61.2505607604981,23.1902561187744,-0.0953966294489212
1958,1,2025,1.728687,35.58767,1,0.385969934377636,0.0102556148761846,534.883666992187,49.1674919128418,26.8582935333252,-0.0997476951469682
1959,1,2025,1.400963,35.573993,1,0.412208448072967,0.0514919869726401,843.794249049757,61.250560760498,23.1902561187744,-0.0798163740013111
1960,1,2025,1.728687,35.58767,1,0.385931123842265,0.0102426911981598,534.883666992188,49.1674919128418,26.8582935333252,-0.0997373045118646
1961,1,2025,1.790621991,35.30270424,1,0.360803458476366,0.0345817603402392,780.524762134495,52.7199096679688,22.9578838348389,-0.0756066995861917
1963,1,2025,1.790621991,35.30270424,1,0.360922672271106,0.0346335871409996,780.480068733432,52.7199096679687,22.9578838348389,-0.0755519256665559
1964,1,2025,1.533855,35.448918,1,0.413515233543862,0.0375839258163919,825.600304056766,59.4749085151694,24.1211099184007,-0.0837680275169015
1965,1,2025,1.728687,35.58767,1,0.385955551991699,0.0102327340579369,534.883666992188,49.1674919128418,26.8582935333252,-0.0997540935366608
1966,1,2025,1.728687,35.58767,1,0.385953129406811,0.0102474634114502,534.883666992188,49.1674919128418,26.8582935333252,-0.0997446431139285
1967,1,2025,1.495974,35.472715,1,0.424220883399635,0.0467112668298753,776.178377190922,58.6260948181152,24.9899253845215,-0.0987119030159689
1970,1,2025,1.648451,35.609547,1,0.435668049801892,0.0184192084039975,591.641547256036,50.4669610322586,27.1199029405826,-0.114277229730822
1971,1,2025,1.648451,35.609547,1,0.435706349229551,0.0183976652150279,591.626116734988,50.4662660813175,27.1197630329072,-0.114294989957848
1972,1,2025,1.966667,35.2,1,0.448205621130408,0.0418129678617473,761.891931543952,54.9473991394043,21.1946849822998,-0.0637865234727565
1973,1,2025,1.648451,35.609547,1,0.435464068199283,0.0184610866974702,591.772215916206,50.4728460122974,27.1210877060508,-0.114182434824139
1974,1,2025,1.648451,35.609547,1,0.435475323496923,0.0184691324411926,591.758301265642,50.4722193322603,27.1209615426887,-0.114187695515623
1975,1,2025,1.501555,35.806497,1,0.326529749458104,0.0145156558435252,568.549509846956,47.8000793457031,26.2269229888916,-0.0614279865906796
1976,1,2025,1.797533,35.368568,1,0.375186569955566,0.0413655645893553,753.447089111045,51.0743942260742,24.1281490325928,-0.0703864580008361
1977,1,2025,1.966667,35.2,1,0.44805024023334,0.0417791723960581,761.864359814798,54.9473991394043,21.1946849822998,-0.0637208665463011
1978,1,2025,1.728687,35.58767,1,0.385862480493811,0.010267520900199,534.883666992188,49.1674919128418,26.8582935333252,-0.0996919122099255
1979,1,2025,1.728687,35.58767,1,0.386001065111089,0.0102354848557754,534.883666992188,49.1674919128418,26.8582935333252,-0.0997733045494167
1980,1,2025,1.495974,35.472715,1,0.424278798854497,0.0467258380426789,776.176694982467,58.6260948181152,24.9899253845215,-0.0987349725461964
1981,1,2025,1.495974,35.472715,1,0.42425826995276,0.0467476044381192,776.17698079713,58.6260948181152,24.9899253845215,-0.0986792442256135
1982,1,2025,1.715365,35.497959,1,0.4751898610977,-0.00371895226697331,687.832044770403,51.1370239257812,24.9226589202881,-0.143309797789491
1983,1,2025,1.734344,35.324677,1,0.358691713905498,0.0848169106432037,832.241455078125,53.5912246704102,20.3994808197021,-0.0250658428129686
1984,1,2025,1.648451,35.609547,1,0.435573828064568,0.0184716226821334,591.680140383196,50.4686991673453,27.1202528623183,-0.114233536884892
1985,1,2025,1.495974,35.472715,1,0.424244855863196,0.0467886653249085,776.176859676885,58.6260948181152,24.9899253845215,-0.0985956703979343
1986,1,2025,1.400963,35.573993,1,0.411660881111392,0.0513857003989808,845.015751618807,61.250560760498,23.1902561187744,-0.0795059530374341
1987,1,2025,1.666667,35.466667,1,0.399919780984684,0.0495459414331336,735.212036132813,51.1370239257813,24.9226589202881,-0.0762195938038228
1988,1,2025,1.666667,35.466667,1,0.400022179699894,0.0495403920426276,735.212036132812,51.1370239257812,24.9226589202881,-0.0762472931133248
1989,1,2025,1.495974,35.472715,1,0.424244077057941,0.0466238745871396,776.178768581961,58.6260948181152,24.9899253845215,-0.0988842995420853
1990,1,2025,1.738554,35.619629,1,0.415548484214254,0.0132336432345992,489.225158691406,49.1674919128418,26.8582935333252,-0.10452435810249
1991,1,2025,1.648451,35.609547,1,0.435637566766606,0.0184172749565242,591.666487633125,50.468084282632,27.1201290735934,-0.114263040369304
1992,1,2025,1.648451,35.609547,1,0.435487287213613,0.0184831666630888,591.739892870884,50.471390265554,27.1207946347981,-0.11419330287129
1993,1,2025,1.495974,35.472715,1,0.424216779140043,0.0466978662836278,776.178638728496,58.6260948181152,24.9899253845215,-0.0987320675484971
1997,1,2025,1.648451,35.609547,1,0.435650389637245,0.0184569498724454,591.630162577865,50.4664482956644,27.1197997163393,-0.114269118419495
1999,1,2025,1.728687,35.58767,1,0.385892149665387,0.0102638092860761,534.883666992188,49.1674919128418,26.8582935333252,-0.0997075547183882
2002,1,2025,1.734344,35.324677,1,0.358467371984723,0.0848306166096732,832.241455078125,53.5912246704101,20.3994808197021,-0.0249533418848587
2023,2,2025,2.484485,35.148879,1,0.3814738653959,0.0228885111305642,463.793184136491,49.6325576146668,26.3254724501927,-0.0784543832125832
2028,1,2025,1.261311,35.286253,1,0.454362313721711,0.0880645780513764,1109.47485351562,74.1485137939453,17.3456134796143,-0.0507547380458607
2042,7,2025,1.648451,35.609547,1,0.435689995799034,0.0183844440665323,591.647546313637,50.467231214368,27.1199573337039,-0.11428734318527
2052,1,2025,1.533855,35.448918,1,0.413450755730448,0.03759108905524,825.595270515464,59.4748217238943,24.1211987548585,-0.0837066263143862
2221,4,2025,1.062953,38.666687,1,0.513880546447288,0.000613830248316417,222.267715454102,48.1434097290039,29.0278491973877,-0.0986795539003751
2321,1,2025,0.885272,36.182066,1,0.337305510205509,0.0137131366229661,663.485046386719,53.8312683105469,24.7500972747803,-0.0614246229958316
2325,2,2025,0.885272,36.182066,1,0.337310396838897,0.013665029621387,663.485046386719,53.8312683105469,24.7500972747803,-0.0614389463467407
2327,1,2025,1.026105,36.227414,1,0.344899213452496,0.0104828913600097,494.158782958984,51.7879028320312,25.5898628234863,-0.0501758598030881
2338,2,2025,1.491713,35.011236,1,0.531723076961381,0.00964327183202507,895.188598632812,55.7754936218262,22.5837593078613,-0.145773263161823
2355,2,2025,1.4121,35.032,1,0.511823763385615,0.0153447855255216,918.566223144531,58.8530006408691,20.8059825897217,-0.151635342306498
2360,2,2025,1.2652,35.574922,1,0.451456825242514,0.0750127284932196,1220.16467285156,65.5986938476562,19.2639312744141,-0.0558629864913784
2368,2,2025,1.545879,35.148879,1,0.467784603194964,0.0271195743639061,899.981929678999,58.1997410936729,22.6296386719955,-0.132740801238901
2370,1,2025,1.495974,35.472715,1,0.424256706345128,0.0466708764247113,776.177900791117,58.6260948181152,24.9899253845215,-0.0988125891845431
2372,2,2025,1.734344,35.324677,1,0.358524064154527,0.0848310000263591,832.241455078125,53.5912246704102,20.3994808197021,-0.0250019790308521
2373,2,2025,1.734344,35.324677,1,0.358607016055313,0.0848213078474486,832.241455078125,53.5912246704102,20.3994808197021,-0.0250194509363382
2374,2,2025,2.133727,35.495993,1,0.56577477923465,-0.0267702196524118,334.851470947266,49.2845611572266,27.9653129577637,-0.155865782813629
2376,1,2025,1.68497083,35.32895469,1,0.421491476084183,0.0859187912786671,917.254211425781,53.5912246704102,20.3994808197021,-0.0415099721364839
2378,2,2025,1.601116,35.58767,1,0.388849698536749,0.0279177127469518,649.273914387103,50.4752540588379,27.1215724945068,-0.0900598092699787
2379,3,2025,1.554851,34.948367,1,0.492391148137542,0.0359534507936112,1167.28441383111,54.4747505721081,23.2634063445186,-0.135421874650883
2382,3,2025,1.615541,35.048429,1,0.487894477873075,0.0219420827373759,896.783280857169,57.1353393194693,22.9017436677719,-0.136105153224383
2383,3,2025,1.734344,35.324677,1,0.358710485337344,0.0848099870689482,832.241455078125,53.5912246704102,20.3994808197021,-0.0250455898513413
2384,2,2025,2.160457,35.06084,1,0.335167893422034,0.0672796907488142,663.642272949219,55.2894134521484,22.6958446502686,-0.0385160177275618
2416,3,2025,1.648451,35.609547,1,0.435746851910465,0.0184156407495943,591.582573686755,50.4643050145296,27.1193682305126,-0.114313885698615
2418,3,2025,1.728687,35.58767,1,0.38591215172274,0.0102461522442557,534.883666992188,49.1674919128418,26.8582935333252,-0.0997266858505
2419,3,2025,1.536662,35.631419,1,0.367911296350448,0.0467022111206027,661.865600585938,55.4495086669922,26.2145900726318,-0.0698123639328542
2420,3,2025,1.536662,35.631419,1,0.368133547267887,0.0467221859714205,661.865600585938,55.4495086669922,26.2145900726318,-0.0698912226807008
2421,4,2025,1.648451,35.609547,1,0.43537337550338,0.0184962876599596,591.82568359375,50.4752540588379,27.1215724945068,-0.114145403716524
2422,4,2025,1.728687,35.58767,1,0.386128621204112,0.0102066019426227,534.883666992188,49.1674919128418,26.8582935333252,-0.0998478765273903
2423,4,2025,1.60508,34.983731,1,0.462423066936827,0.031430841654688,1092.72412109375,57.1059799194336,22.8875064849853,-0.123717459271115
2424,2,2025,1.790621991,35.30270424,1,0.360747620058122,0.0346395106012541,780.676483674849,52.7199096679688,22.9578838348389,-0.07545833909807
2428,2,2025,1.501555,35.806497,1,0.326558406654729,0.0145180982705482,568.665560784742,47.8000793457031,26.2269229888916,-0.0615313728317276
2429,2,2025,1.728687,35.58767,1,0.385926228501566,0.0102634097354631,534.883666992188,49.1674919128418,26.8582935333252,-0.099723333705877
2430,2,2025,1.797533,35.368568,1,0.375454882822743,0.0413112563326638,752.249517626567,51.0743942260742,24.1281490325928,-0.0704546619057386
2431,2,2025,1.728687,35.58767,1,0.385768678411613,0.0102852564138858,534.883666992188,49.1674919128418,26.8582935333252,-0.099639057184934
2432,2,2025,1.495974,35.472715,1,0.424233373046528,0.0466919977584905,776.178270135951,58.6260948181152,24.9899253845215,-0.0987560524250137
2433,2,2025,1.738554,35.619629,1,0.415571895775913,0.0130876206558385,489.225158691406,49.1674919128418,26.8582935333252,-0.104523328217833
2436,2,2025,1.728687,35.58767,1,0.386118825199543,0.0102081157706404,534.883666992188,49.1674919128418,26.8582935333252,-0.0998425486015919
2437,2,2025,1.797533,35.368568,1,0.375247641638765,0.0413817569475999,753.138942966345,51.0743942260742,24.1281490325928,-0.0703475313471415
2494,3,2025,1.536662,35.631419,1,0.368011025446654,0.0466561915754698,661.865600585938,55.4495086669922,26.2145900726318,-0.0698834590361482
2559,3,2025,1.648451,35.609547,1,0.435559933666702,0.0184522582748024,591.703703487031,50.4697603888772,27.1204665076691,-0.114227016817901
2576,4,2025,1.397999,35.586864,1,0.412465310437392,0.0400601233538905,905.06229942479,61.2505607604981,23.1902561187744,-0.0956609367892426
2672,4,2025,1.728687,35.58767,1,0.385899484543241,0.0102570916465633,534.883666992188,49.1674919128418,26.8582935333252,-0.0997147075398324
2687,4,2025,1.797533,35.368568,1,0.375352585846262,0.04132404937807,752.719488239861,51.0743942260742,24.1281490325928,-0.070444069654357
2688,2,2025,1.58823,35.43436,1,0.38227765904803,0.066369927132915,906.849548339844,55.7639808654785,21.0991477966309,-0.0580902137746919
2753,5,2025,1.495974,35.472715,1,0.42426877022722,0.0467284552462923,776.176926373339,58.6260948181152,24.9899253845215,-0.0987218056379833
2816,1,2025,1.072232,36.133016,1,0.305663398268466,0.0171635023359191,470.771362304688,50.5070266723633,26.8242111206055,-0.0524655592511739
2817,1,2025,1.179877,35.897036,1,0.311289823065483,0.026644820022788,804.639736091508,52.3639373779297,23.088451385498,-0.0389231203029512
2819,1,2025,0.942912,35.904368,1,0.308141378177281,0.0396033365955282,831.071716308594,55.1208457946777,23.3044128417969,-0.0431323074928488
2886,1,2025,0.469191,35.983836,1,0.346045888095403,0.0175247045882961,653.631103515625,58.0890579223633,25.2630996704102,-0.0400261204642664
2903,3,2025,0.979533,35.445391,1,0.376405400385874,0.0722259206307289,1305.32876109691,76.0234709591157,15.0999023000147,-0.0382623917169011
2959,1,2025,1.026105,36.227414,1,0.344868064356452,0.0104019816867638,494.158782958984,51.7879028320312,25.5898628234863,-0.0502119739621967
2962,2,2025,0.677744,36.100242,1,0.284814443447143,0.0366737309740267,849.034464511852,60.3342933654785,25.1658382415771,-0.0319325524086855
2963,2,2025,1.444983,35.882672,1,0.320670069224191,0.0282978240704509,633.406181897137,47.4262404357397,24.9448930984271,-0.0367855748771075
2964,1,2025,1.025218,35.725577,1,0.348981122701475,0.0300613576862948,831.361755371094,58.0593299865723,24.750072479248,-0.0581870868554688
2979,4,2025,2.188268,35.236825,1,0.367969987281738,0.0198890364263619,561.961547851562,52.8764305114746,24.9081897735596,-0.074579015679589
3069,1,2025,0.754069,36.186938,1,0.396427802041258,0.0191647789959535,709.839050292969,56.5472869873047,24.0839786529541,-0.113870643272724
3162,5,2025,1.411298,35.093866,1,0.413041509185024,0.0660952030111323,996.804887825577,63.2872581481934,20.5911083221436,-0.0671776754319893
3163,5,2025,1.545879,35.148879,1,0.467591283823697,0.0271244813645649,899.488642215311,58.1774653920266,22.6366606167564,-0.132705800407634
3164,5,2025,1.366128,34.939637,1,0.502940461146928,0.0379654300768877,1102.26831054688,56.3580703735352,21.6543254852295,-0.134762820696466
3165,7,2025,1.366128,34.939637,1,0.502974123293134,0.0380451303124143,1102.26831054688,56.3580703735352,21.6543254852295,-0.13480361509291
3323,1,2025,0.935698,36.022809,1,0.332761368284453,0.00858219328115241,645.793823242188,53.5636291503906,26.6250400543213,-0.0536716842995453
3394,3,2025,1.990223,37.912656,1,0.40542436040248,-0.0134813450467863,185.568878173828,49.0743713378906,27.8354949951172,-0.063404452698337
3395,3,2025,1.990223,37.912656,1,0.405634623317366,-0.0134415778638537,185.568878173828,49.0743713378906,27.8354949951172,-0.0635004640172337
3396,3,2025,1.990223,37.912656,1,0.405408540448914,-0.0134714988202577,185.568878173828,49.0743713378906,27.8354949951172,-0.0633988169426135
3397,3,2025,0.638723,37.667883,1,0.548567690032666,-0.0180995954081011,240.420074462891,51.4774589538574,25.3186435699463,-0.1270100933778
3398,3,2025,0.703185,37.362207,1,0.544380244500322,-0.0106373174414795,254.046493142223,50.0924224853516,24.8436813354492,-0.181515662764752
3399,3,2025,0.986177,37.326977,1,0.534453612881139,0.0356299506362792,442.311798095703,52.7224006652832,23.1426162719727,-0.146168063316474
3400,3,2025,0.986177,37.326977,1,0.534223103023892,0.0357073406488254,442.311798095703,52.7224006652832,23.1426162719727,-0.146042372341393
3401,3,2025,3.321065,37.072678,1,0.619461215825174,-0.0415152855729407,120.909324645996,39.8030090332031,30.7004661560059,-0.0986543218703055
3402,4,2025,0.986177,37.326977,1,0.534513850513958,0.0355341825116661,442.311798095703,52.7224006652832,23.1426162719727,-0.146249281944668
3416,2,2025,0.937576,38.587897,1,0.479944093716316,0.00632773913775754,284.5166015625,49.1041831970215,28.8079948425293,-0.0969736730761761
3481,2,2025,3.955735,41.788467,1,0.620407771267363,-0.0160576184143303,204.335682879726,46.32157749371,29.64088461018,-0.199865969227717
3515,3,2025,3.955735,41.788467,1,0.620403129379513,-0.0160675001995394,204.345145265829,46.3210373428109,29.6410668815599,-0.199823449797457
3516,3,2025,3.923894,41.551558,1,0.589404196421182,-0.0196870092334915,172.678192138672,47.2356910705566,29.2772274017334,-0.212897528489293
3517,3,2025,3.955735,41.788467,1,0.62043120336809,-0.0160573415977657,204.318452968736,46.3225610460416,29.6405527150726,-0.199907356207767
3518,3,2025,3.871231,41.709405,1,0.600101549061416,-0.0187889125761358,178.353225708008,47.0204811096191,29.3227233886719,-0.214430964405643
3523,2,2025,3.933462,41.860615,1,0.546790170223797,-0.0274575872628032,196.640197753906,46.4641151428223,29.8155689239502,-0.125956651241721
3524,2,2025,3.923894,41.551558,1,0.589587994818288,-0.0196892820401298,172.685723328454,47.2359319757298,29.2769280584942,-0.212974579272566
3525,2,2025,3.923894,41.551558,1,0.589413015623111,-0.0196805432200471,172.6912692389,47.2361093764533,29.2767076244266,-0.212900291538858
3526,3,2025,3.905557,41.461877,1,0.55492701131904,-0.0250147547449267,172.508941650391,47.3506774902344,29.1343479156494,-0.177713686607144
3527,4,2025,3.955735,41.788467,1,0.620423342612941,-0.0161056696886661,204.353873508324,46.3205390997693,29.6412350113303,-0.199725148134962
3528,4,2025,3.933462,41.860615,1,0.546619327015482,-0.0275160334690079,196.640197753906,46.4641151428223,29.8155689239502,-0.125708880966402
3564,1,2025,3.553486,41.024485,1,0.497568654766244,-0.000592393311598849,258.223114013672,51.6905174255371,26.8248271942139,-0.174997182047648
3565,1,2025,3.905557,41.461877,1,0.554786235996531,-0.0250034181792148,172.508941650391,47.3506774902344,29.1343479156494,-0.177653037869504
3567,1,2025,3.955735,41.788467,1,0.620590111672935,-0.0161811037763391,204.280113292037,46.3247496283525,29.6398141882677,-0.199746110561124
3569,1,2025,3.871231,41.709405,1,0.600332170611163,-0.0187902876340391,178.353225708008,47.0204811096191,29.3227233886719,-0.214487586050099
3570,1,2025,3.384413,40.225019,1,0.464637352162292,-0.00325356330995938,300.094635009766,51.9997634887695,26.5333404541016,-0.156623337285456
3571,3,2025,3.866302,40.833314,1,0.492043978841847,-0.0168578874030517,231.392868041992,50.8625411987305,26.1863689422607,-0.157991735760713
3572,3,2025,3.871231,41.709405,1,0.600055463553287,-0.0187854485240177,178.353225708008,47.0204811096191,29.3227233886719,-0.214438326089861
3572,1,2025,3.905557,41.461877,1,0.55491518830509,-0.0250031627056374,172.508941650391,47.3506774902344,29.1343479156494,-0.177719671266849
3574,4,2025,3.471535,40.884953,1,0.473002011062664,-0.00753855943608237,276.257781982422,52.3286743164062,26.5235824584961,-0.175507419239577
3578,3,2025,3.866302,40.833314,1,0.492290108593955,-0.0168532574297981,231.392868041992,50.8625411987305,26.1863689422607,-0.158086579577219
3629,3,2025,1.300454,35.199376,1,0.429283249692948,0.075550901702976,1309.31500229635,72.8338088989258,17.8740882873535,-0.0660265605999517
3646,2,2025,1.648451,35.609547,1,0.435746194658947,0.018374767330854,591.610447214661,50.4655603664642,27.1196209582386,-0.114313466073199
3651,4,2025,1.495974,35.472715,1,0.42421741153686,0.0467154177985993,776.178420830335,58.6260948181152,24.9899253845215,-0.0987017563613761
3652,4,2025,1.420601,35.016787,1,0.497695673425898,0.0207439768945008,918.566223144531,58.8530006408691,20.8059825897217,-0.149561426783618
3743,3,2025,1.648451,35.609547,1,0.435468721977831,0.0184849234766288,591.753164158093,50.4719879701621,27.1209149648205,-0.114184669478221
3744,3,2025,1.728687,35.58767,1,0.386048650812773,0.0102328305298996,534.883666992188,49.1674919128418,26.8582935333252,-0.0997965243080673
3759,5,2025,1.734344,35.324677,1,0.358518515090059,0.0848228057773836,832.241455078125,53.5912246704102,20.3994808197021,-0.0249547178709756
4440,4,2025,3.941401,41.853797,1,0.521017746833193,-0.0215155485821225,196.282197703143,46.5372866822359,29.7118256583322,-0.094947338751921
4441,4,2025,2.527235,40.714721,1,0.514737288872774,-0.0178757920677128,271.941528320312,52.9048805236816,27.9885578155518,-0.190915073560814
4442,4,2025,2.527235,40.714721,1,0.514568776715371,-0.0178259700261559,271.941528320312,52.9048805236816,27.9885578155518,-0.190970787595666
4443,4,2025,2.527235,40.714721,1,0.514487011849295,-0.0178263903707264,271.941528320312,52.9048805236816,27.9885578155518,-0.190929703798542
4444,4,2025,2.527235,40.714721,1,0.514556156132738,-0.0178230565349124,271.941528320312,52.9048805236816,27.9885578155518,-0.190972700182212
4445,5,2025,2.527235,40.714721,1,0.514350707776182,-0.0178488319469897,271.941528320312,52.9048805236816,27.9885578155518,-0.190800790220135
4446,5,2025,2.527235,40.714721,1,0.514446391985613,-0.017890904785438,271.941528320312,52.9048805236816,27.9885578155518,-0.190730370235562
4447,5,2025,2.527235,40.714721,1,0.51433815594127,-0.0178530134332214,271.941528320312,52.9048805236816,27.9885578155518,-0.190783016713808
4452,2,2025,1.739282,35.467237,1,0.393242237778103,0.0397691703728238,703.023986816406,51.1370239257812,24.9226589202881,-0.0820331293326383
4460,4,2025,1.261311,35.286253,1,0.454171052000863,0.0880331720909876,1109.47485351563,74.1485137939453,17.3456134796143,-0.0507047052235861
4599,4,2025,2.527235,40.714721,1,0.514729084505138,-0.0178899636191441,271.941528320312,52.9048805236816,27.9885578155518,-0.190871684700052
4622,3,2025,1.495974,35.472715,1,0.424247817718936,0.046779770691502,776.176884487303,58.6260948181152,24.9899253845215,-0.0986138274220097
4624,3,2025,1.554851,34.948367,1,0.492545698842327,0.0359090075453223,1167.32364429105,54.4772472197335,23.2639087226569,-0.135523745823498
4625,3,2025,1.734344,35.324677,1,0.358625466342502,0.0848242143448779,832.241455078125,53.5912246704102,20.3994808197021,-0.0250496259847372
4626,3,2025,1.420601,35.016787,1,0.497625189144302,0.0207522478003861,918.566223144531,58.8530006408691,20.8059825897217,-0.149525990305818
4641,4,2025,1.648451,35.609547,1,0.435416895079715,0.0184705771301723,591.802550197552,50.4742121902316,27.1213627452912,-0.114160511777314
4667,5,2025,1.507382,35.5001,1,0.404142204097267,0.0516703253505984,764.257804066984,58.6260948181152,24.9899253845215,-0.0829286842443002
4709,5,2025,2.009217,35.204115,1,0.437704106337557,0.0578908460863911,783.085144042969,54.9473991394043,21.1946849822998,-0.0807512688060882
4710,5,2025,1.489864,35.010159,1,0.526620609115364,0.0133396944136776,895.188598632812,55.7754936218262,22.5837593078613,-0.142390488594558
4711,4,2025,1.489864,35.010159,1,0.526556892304553,0.0134263898088689,895.188598632813,55.7754936218262,22.5837593078613,-0.142348811896462
4712,4,2025,1.489864,35.010159,1,0.526721619786446,0.013411158680544,895.188598632812,55.7754936218262,22.5837593078613,-0.142448454374391
4713,4,2025,1.491713,35.011236,1,0.531717713750947,0.00960643572779337,895.188598632813,55.7754936218262,22.5837593078613,-0.145772273554111
4714,4,2025,1.511485,35.280762,1,0.412387663461539,0.0549820954157685,851.175170898438,60.7630805969238,21.8598556518555,-0.0912852782426042
4728,1,2025,1.734344,35.324677,1,0.358645589115019,0.0848149856234405,832.241455078125,53.5912246704102,20.3994808197021,-0.0250183439893719
4773,4,2025,1.648451,35.609547,1,0.435602609113072,0.0184381884602435,591.679824050841,50.4686849205504,27.1202499941504,-0.114246833763602
4850,4,2025,1.648451,35.609547,1,0.43551663590347,0.0184708249436038,591.725159359634,50.4707267061397,27.1206610468717,-0.114206923399198
4851,4,2025,1.309221,35.207071,1,0.436674056947236,0.0653598236461133,1068.65295410156,72.8338088989258,17.8740882873535,-0.0699024787849184
4852,4,2025,1.603738,35.45628,1,0.404091843094398,0.0521309085566111,719.264038085938,53.963752746582,25.3496799468994,-0.0794866838517973
4853,4,2025,1.648451,35.609547,1,0.435533798627064,0.0184247666359051,591.741853598252,50.4714785716666,27.120812412604,-0.114214776535984
4854,4,2025,1.507382,35.5001,1,0.40420718573231,0.0516325104693296,764.269919703755,58.6260948181152,24.9899253845215,-0.0829560656049631
4855,4,2025,1.738554,35.619629,1,0.415555078283542,0.0132189606223364,489.225158691406,49.1674919128418,26.8582935333252,-0.104523320582827
4856,4,2025,1.495931,35.472693,1,0.424258527113818,0.0467930922909704,776.176451472679,58.6260948181152,24.9899253845215,-0.0985994135976912
4859,4,2025,1.648451,35.609547,1,0.435587877809243,0.0184369634166253,591.692061642547,50.4692360701744,27.1203609517132,-0.114239975715969
4947,2,2025,1.495974,35.472715,1,0.424254841955974,0.0467116070706331,776.177483210407,58.6260948181152,24.9899253845215,-0.0987395854075382
4948,4,2025,1.648451,35.609547,1,0.43578697955538,0.0184248322592852,591.544979363472,50.462611862998,27.1190273648761,-0.114332581245501
4949,4,2025,1.603738,35.456279,1,0.403798328966571,0.0520758036430035,719.264038085938,53.963752746582,25.3496799468994,-0.0794107618503687
4950,4,2025,1.495974,35.472715,1,0.424261603375253,0.0467252907008651,776.1771496987,58.6260948181152,24.9899253845215,-0.0987212741139617
4951,4,2025,1.648451,35.609547,1,0.435826548266445,0.0183641546128595,591.555190554,50.46307174873,27.1191199491722,-0.114350825475113
4952,3,2025,1.603738,35.45628,1,0.40394271233044,0.0521031564848408,719.264038085938,53.963752746582,25.3496799468994,-0.0794478771611474
4953,4,2025,1.603738,35.456279,1,0.403942743185205,0.0521040523224544,719.264038085938,53.963752746582,25.3496799468994,-0.0794466730023937
4954,4,2025,1.495974,35.472715,1,0.42422748294316,0.0466986284170673,776.17834874262,58.6260948181152,24.9899253845215,-0.098739539069324
4955,4,2025,1.536662,35.631419,1,0.368100617434667,0.0466960500454387,661.865600585938,55.4495086669922,26.2145900726318,-0.0698945419255586
4957,4,2025,1.495974,35.472715,1,0.424233830072777,0.0467448354371795,776.177652152419,58.6260948181152,24.9899253845215,-0.0986636073227287
4959,4,2025,1.739282,35.467237,1,0.393367441441633,0.0397286758187923,703.023986816406,51.1370239257812,24.9226589202881,-0.0820802135849008
4960,3,2025,1.536662,35.631419,1,0.36805278556027,0.0466759838540068,661.865600585938,55.4495086669922,26.2145900726318,-0.0698878178830235
4961,4,2025,1.648451,35.609547,1,0.435738643784226,0.0184250338218695,591.582653522994,50.4643086101483,27.1193689543834,-0.114310092556527
4962,4,2025,1.776522,35.502838,1,0.443869996456564,0.0352423514880269,619.708739121834,49.8641471862793,26.6281661987305,-0.0918699850624441
4963,4,2025,1.715365,35.497959,1,0.474816753299905,-0.00340120726896925,687.293193724517,51.1370239257812,24.9226589202881,-0.143077784141095
4964,4,2025,1.715365,35.497959,1,0.474897737212161,-0.00338532011780374,687.182760299109,51.1370239257812,24.9226589202881,-0.143052193728695
4965,4,2025,1.648451,35.609547,1,0.435354969966149,0.0185141412559008,591.82568359375,50.4752540588379,27.1215724945068,-0.114134519925162
4966,4,2025,1.60508,34.983731,1,0.462798570541215,0.0313322654612617,1092.72412109375,57.1059799194336,22.8875064849854,-0.123990347364834
4967,4,2025,1.728687,35.58767,1,0.385805393318676,0.0102684045342645,534.883666992188,49.1674919128418,26.8582935333252,-0.0996653597916689
4968,4,2025,1.648451,35.609547,1,0.435531100685293,0.0184705820083563,591.714080454031,50.4702277407547,27.1205605950513,-0.114213653174831
4969,3,2025,1.536662,35.631419,1,0.36822115885849,0.0467193646097878,661.865600585938,55.4495086669922,26.2145900726318,-0.0699292499508822
4970,3,2025,1.536662,35.631419,1,0.36804186265204,0.0466930967475852,661.865600585937,55.4495086669922,26.2145900726318,-0.0698722016573097
4971,4,2025,1.648451,35.609547,1,0.435354611604645,0.0185109286757518,591.82568359375,50.4752540588379,27.1215724945068,-0.114132367718664
4972,4,2025,1.208269,35.7829,1,0.365216838932168,0.0123876785244664,787.019226074219,55.5344543457031,24.8994770050049,-0.0657460447793097
4973,4,2025,1.728687,35.58767,1,0.385835297302727,0.0102714683197683,534.883666992188,49.1674919128418,26.8582935333252,-0.0996772706398076
4974,2,2025,1.790621991,35.30270424,1,0.360933295974777,0.0345842798410073,780.389666017005,52.7199096679687,22.9578838348389,-0.0756613834186194
4975,4,2025,1.728687,35.58767,1,0.385910979805607,0.0102635866099235,534.883666992188,49.1674919128418,26.8582935333252,-0.0997162743685917
5002,4,2025,1.495974,35.472715,1,0.424225304409533,0.0467036899646185,776.178347931176,58.6260948181152,24.9899253845215,-0.0987288535471764
5061,5,2025,1.648451,35.609547,1,0.435615398863214,0.0184492606637154,591.662564666708,50.4679076023245,27.1200935042752,-0.114252816165264
5125,2,2025,1.545043,35.192863,1,0.564018157453826,0.00464601835303755,950.419688589874,60.0778656005859,22.0375995635986,-0.163525704778129
5126,2,2025,1.589614,34.985221,1,0.485784663970502,0.0249448425448221,1160.56005859375,57.1059799194336,22.8875064849854,-0.135107414261926
5147,4,2025,1.495549,35.707923,1,0.374559419136788,0.0381873483219962,544.723876953125,52.4092636108398,26.0395088195801,-0.0747314019160287
5148,3,2025,1.734344,35.324677,1,0.358628412355179,0.0848163589324731,832.241455078125,53.5912246704102,20.3994808197021,-0.0250113871237033
5149,2,2025,1.495965,35.472716,1,0.424224728584714,0.04676139106484,776.177700722011,58.6260948181152,24.9899253845215,-0.0986269265481492
5152,2,2025,1.715365,35.497959,1,0.47520667478048,-0.00399184555146881,688.553862661513,51.1370239257812,24.9226589202881,-0.14355249940739
5312,4,2025,3.935724,41.855084,1,0.542363782766697,-0.0315028055260191,196.428633254232,46.5073567571557,29.754260574864,-0.109563236169939
5313,4,2025,2.87462,40.594599,1,0.536727390603481,-0.0103055147759901,280.242401123047,51.3286399841309,27.4205646514893,-0.190321849543587
5314,4,2025,2.87462,40.594599,1,0.536636084663528,-0.0102798943899589,280.242401123047,51.3286399841309,27.4205646514893,-0.190396440954826
5325,3,2025,1.507382,35.5001,1,0.404190639729413,0.0516234839465333,764.228254915862,58.6260948181152,24.9899253845215,-0.0829612089539561
5326,3,2025,1.495974,35.472715,1,0.424255720849003,0.0467370246046833,776.177168798703,58.6260948181152,24.9899253845215,-0.098695684998707
5327,3,2025,1.603738,35.45628,1,0.404058151498101,0.0521466741071478,719.264038085938,53.963752746582,25.3496799468994,-0.0794483417010535
5328,3,2025,1.535821,35.675145,1,0.328993478486829,0.0521238471948362,658.199035644531,52.4092636108398,26.0395088195801,-0.0406889928489733
5609,3,2025,1.435744,35.511051,1,0.38551762271136,0.046668572251291,864.461364746094,65.7401885986328,19.5913600921631,-0.0776075960853493
5610,3,2025,1.4121,35.032,1,0.511607946403177,0.0154236588798225,918.566223144531,58.8530006408691,20.8059825897217,-0.151563227328725
5611,3,2025,1.39074,35.132379,1,0.490346704516761,0.0223086819174806,1009.70074462891,63.2872581481934,20.5911083221436,-0.135766773717823
5612,3,2025,2.01,35.21,1,0.435171717826217,0.0597022327105017,783.085144042969,54.9473991394043,21.1946849822998,-0.0826682385058386
5614,3,2025,2.276595,35.003848,1,0.472706559801128,0.0226951502373891,691.105773925781,56.9862251281738,21.2180042266846,-0.113987212902346
5616,3,2025,1.491713,35.011236,1,0.531758214225285,0.00963473837600742,895.188598632812,55.7754936218262,22.5837593078613,-0.145796512394715
5619,3,2025,1.554851,34.948367,1,0.49225053626188,0.0359822482497928,1167.31563407876,54.4767374455042,23.2638061453345,-0.135319093652074
5622,3,2025,2.009217,35.204115,1,0.43772039723626,0.0578910389619106,783.085144042969,54.9473991394043,21.1946849822998,-0.080767588650732
5639,3,2025,1.648451,35.609547,1,0.435795909643226,0.0183740616561231,591.572337599107,50.4638440074954,27.1192754204757,-0.114336596755264
5646,2,2025,1.2652,35.574922,1,0.451587492823968,0.0749500836391618,1220.16467285156,65.5986938476562,19.2639312744141,-0.0560035995940276
5669,3,2025,1.491713,35.011236,1,0.531674004701217,0.00976888624952935,895.188598632813,55.7754936218262,22.5837593078613,-0.145733128119835
5702,3,2025,1.188911,35.09788,1,0.413942377063019,0.0774514635974379,1463.81008693752,72.7467880249024,16.4908084869385,-0.0404536780506017
5703,3,2025,1.391984,35.291743,1,0.405574020867877,0.0467508399133813,743.554382324219,68.2239379882812,20.8396625518799,-0.0931609687085589
5704,3,2025,1.507382,35.5001,1,0.404278291880915,0.0516903675938983,764.488500394834,58.6260948181152,24.9899253845215,-0.0829214011431736
5705,3,2025,1.668478,35.412435,1,0.434227991834829,0.0780352399588337,919.029174804688,52.7963752746582,20.8143825531006,-0.0580678337735316
5706,3,2025,1.786263,35.055296,1,0.453389211235968,0.0284831584462762,821.02839507357,58.6612669095152,24.785078165965,-0.124517512440811
5732,1,2025,3.096662827,37.34659908,1,0.520402915305416,-0.0536565382699819,113.018499706672,42.132640838623,29.8872776031494,-0.0578480119719611
5857,2,2025,3.955735,41.788467,1,0.620453370645677,-0.0160470505616417,204.295894613742,46.3238487672994,29.6401181795921,-0.199981762860618
5861,4,2025,1.797533,35.368568,1,0.375442278185851,0.041307199603137,752.31603458316,51.0743942260742,24.1281490325928,-0.0704642442429609
5862,3,2025,1.635839,35.049829,1,0.510417367409862,0.020769396478395,888.784230088467,57.1931394470053,22.9297725436965,-0.148197233329009
5875,4,2025,1.495974,35.472715,1,0.424221870359663,0.0466782165429941,776.178730018451,58.6260948181152,24.9899253845215,-0.0987707335544628
5902,4,2025,1.495974,35.472715,1,0.424250638007371,0.0467693283882398,776.17693076193,58.6260948181152,24.9899253845215,-0.0986345859809868
6086,3,2025,1.363187,35.115875,1,0.429223978976085,0.0650161208233139,1009.70074462891,63.2872581481934,20.5911083221436,-0.0832965262244616
6108,4,2025,1.420601,35.016787,1,0.49760366737335,0.0207764264329967,918.566223144531,58.8530006408691,20.8059825897217,-0.149491095578926
6109,4,2025,1.491713,35.011236,1,0.531758065247402,0.00962990417647661,895.188598632813,55.7754936218262,22.5837593078613,-0.145796743652222
6124,5,2025,1.436433,35.355208,1,0.387296915140332,0.0745611322271716,863.384094238281,67.7513809204102,19.2447395324707,-0.0611135370637917
6274,4,2025,1.648451,35.609547,1,0.43581731759262,0.0183696325459375,591.55867556273,50.4632287045508,27.1191515475524,-0.114346545583203
6375,1,2025,3.526905,35.857986,1,0.521430476122407,-0.0397589037436948,197.255722045898,50.1193161010742,30.1414260864258,-0.10049828647979
6710,1,2025,3.747678,35.833449,1,0.441795857714243,-0.0373792589856512,263.09496758647,48.8532644574757,29.8934133439282,-0.0616724800653097
7143,2,2025,2.492491,39.567556,1,0.546280371245689,-0.0110822794586841,211.998992919922,51.0662727355957,27.6579742431641,-0.144351375836047
7162,3,2025,2.491563,39.566979,1,0.545760103132681,-0.0115145133892548,211.998992919922,51.0662727355957,27.6579742431641,-0.145843196362208
7163,2,2025,2.000359,39.757585,1,0.697325271623793,-0.0256637986435791,185.616381556477,51.5773696899414,28.3406276702881,-0.186050248213831
7164,2,2025,2.480498,39.611643,1,0.557100388611347,-0.0110742274020528,240.495864868164,51.0662727355957,27.6579742431641,-0.222009069323344
7165,2,2025,2.491563,39.566979,1,0.545664681035726,-0.0114575707662286,211.998992919922,51.0662727355957,27.6579742431641,-0.145633440877272
7166,2,2025,2.065769,39.011855,1,0.480253614609498,-0.0278218749851119,139.619186401367,49.5680198669434,28.4711265563965,-0.120544049756306
7167,2,2025,2.000359,39.757585,1,0.696915491806907,-0.0256069990342682,185.648087796508,51.5773696899414,28.3406276702881,-0.185683248084799
7168,2,2025,1.748559978,40.05864372,1,0.589172601932126,-0.0334318582438779,259.566610372887,52.1620167820785,28.6791714594439,-0.137298165538383
7169,2,2025,2.491563,39.566979,1,0.545819996693321,-0.0114979873735883,211.998992919922,51.0662727355957,27.6579742431641,-0.145753622370544
7170,2,2025,2.065769,39.011855,1,0.480249639997879,-0.0278186327277623,139.619186401367,49.5680198669434,28.4711265563965,-0.120542563187636
7171,2,2025,2.065769,39.011855,1,0.480252009655727,-0.0278029579648115,139.619186401367,49.5680198669434,28.4711265563965,-0.120560505652041
7172,2,2025,2.065769,39.011855,1,0.480327495664068,-0.027808103085917,139.619186401367,49.5680198669434,28.4711265563965,-0.120641717311709
7173,2,2025,2.294576,39.560464,1,0.574951606501167,-0.0184187052340723,192.266174316406,50.8357315063477,28.0389652252197,-0.184288458552504
7175,2,2025,2.000359,39.757585,1,0.697408575090727,-0.0256686379115571,185.638360517524,51.5773696899414,28.3406276702881,-0.18588247012316
7177,2,2025,2.065769,39.011855,1,0.480160550831864,-0.0278273482299324,139.619186401367,49.5680198669434,28.4711265563965,-0.120431975142158
7179,1,2025,2.491563,39.566979,1,0.545791954496163,-0.0115035610221256,211.998992919922,51.0662727355957,27.6579742431641,-0.145785553771933
7180,1,2025,2.491563,39.566979,1,0.545852505488323,-0.0115490237445851,211.998992919922,51.0662727355957,27.6579742431641,-0.145957704198215
7182,1,2025,2.491563,39.566979,1,0.546018351211843,-0.011580290297423,211.998992919922,51.0662727355957,27.6579742431641,-0.146032786288085
7183,1,2025,2.491563,39.566979,1,0.545827127041543,-0.0115117764023923,211.998992919922,51.0662727355957,27.6579742431641,-0.145808629909386
7184,1,2025,2.491563,39.566979,1,0.5460029116356,-0.0115866765550914,211.998992919922,51.0662727355957,27.6579742431641,-0.146064441024074
7185,1,2025,2.491563,39.566979,1,0.545806573580973,-0.0115035955716825,211.998992919922,51.0662727355957,27.6579742431641,-0.145781007399138
7187,2,2025,2.181751,39.279666,1,0.556091747691359,-0.0331474799224088,176.938278198242,50.1549873352051,28.31325340271,-0.163394502693616
7188,2,2025,2.492491,39.567556,1,0.546392610361017,-0.0111170518085891,211.998992919922,51.0662727355957,27.6579742431641,-0.144472297038115
7189,2,2025,2.493004179,39.56663782,1,0.541949363010473,-0.0103201180586817,212.945086176642,51.0662727355957,27.6579742431641,-0.140498098079671
7190,2,2025,1.977994614,39.96280863,1,0.596232023224365,-0.0199573603963387,210.122253417969,52.37548828125,28.1607322692871,-0.19846446233474
7191,3,2025,2.294576,39.560464,1,0.575535768490874,-0.0184928221482423,192.266174316406,50.8357315063477,28.0389652252197,-0.184645683813836
7192,2,2025,2.491563,39.566979,1,0.545921264061849,-0.0115498494283812,211.998992919922,51.0662727355957,27.6579742431641,-0.145937330579186
7193,2,2025,2.065769,39.011855,1,0.480349510189566,-0.0278055214445024,139.619186401367,49.5680198669434,28.4711265563965,-0.120669330760214
7194,5,2025,2.065769,39.011855,1,0.480267800425702,-0.0278076532742731,139.619186401367,49.5680198669434,28.4711265563965,-0.120573928692814
7195,5,2025,2.065769,39.011855,1,0.480309490750188,-0.0277999194713196,139.619186401367,49.5680198669434,28.4711265563965,-0.120629090271563
7196,3,2025,2.065769,39.011855,1,0.480248233393089,-0.027827644241576,139.619186401367,49.5680198669434,28.4711265563965,-0.120532470727767
7197,3,2025,1.977994614,39.96280863,1,0.596271182080651,-0.0198968446034334,210.122253417969,52.37548828125,28.1607322692871,-0.198335175396919
7198,3,2025,2.065769,39.011855,1,0.480238666743174,-0.0278124199517261,139.619186401367,49.5680198669434,28.4711265563965,-0.120535969055548
7199,3,2025,2.065769,39.011855,1,0.480243072500686,-0.027814375777967,139.619186401367,49.5680198669434,28.4711265563965,-0.120539119323757
7200,2,2025,2.491563,39.566979,1,0.545768639478028,-0.0115134132924191,211.998992919922,51.0662727355957,27.6579742431641,-0.145835354010252
7201,3,2025,2.065769,39.011855,1,0.480228424986197,-0.0278298530308408,139.619186401367,49.5680198669434,28.4711265563965,-0.120507646729524
7202,3,2025,2.492491,39.567556,1,0.546220191779259,-0.0110734077261179,211.998992919922,51.0662727355957,27.6579742431641,-0.144314877151304
7203,3,2025,2.065769,39.011855,1,0.480303732297672,-0.0277978486519721,139.619186401367,49.5680198669434,28.4711265563965,-0.120624564991531
7204,3,2025,1.977994614,39.96280863,1,0.596204005849301,-0.0199509276485104,210.122253417969,52.37548828125,28.1607322692871,-0.198476514477164
7206,3,2025,2.491563,39.566979,1,0.545963037040619,-0.0115576682459847,211.998992919922,51.0662727355957,27.6579742431641,-0.145956539164722
7208,5,2025,2.491563,39.566979,1,0.54571539151036,-0.011492233452093,211.998992919922,51.0662727355957,27.6579742431641,-0.145763583454124
7209,4,2025,2.23678,40.729411,1,0.497363414760015,-0.00591051393054936,324.966033935547,53.0561180114746,28.1905155181885,-0.182688864463603
7210,4,2025,1.624521,39.717982,1,0.601801814087766,-0.0204873411209171,178.595230102539,51.5978546142578,28.6942291259766,-0.227523037000091
7211,4,2025,1.624521,39.717982,1,0.601974006252434,-0.0205033331727944,178.595230102539,51.5978546142578,28.6942291259766,-0.22756034767718
7212,3,2025,2.065769,39.011855,1,0.480334028589894,-0.0278053390569299,139.619186401367,49.5680198669434,28.4711265563965,-0.120651827895284
7213,4,2025,2.184596,39.041427,1,0.517597260167886,-0.0384112597418309,151.050247192383,49.5706787109375,28.3710041046143,-0.123870335228839
7214,4,2025,1.977994614,39.96280863,1,0.596257575923235,-0.0199485065421476,210.122253417969,52.37548828125,28.1607322692871,-0.19842952852071
7216,4,2025,1.624521,39.717982,1,0.601818780527975,-0.0204898945933673,178.595230102539,51.5978546142578,28.6942291259766,-0.227535526559094
7217,3,2025,2.491563,39.566979,1,0.545897645965103,-0.0115255333781252,211.998992919922,51.0662727355957,27.6579742431641,-0.14584393518593
7218,4,2025,1.349815,39.570582,1,0.672805112334843,-0.0500769679722599,183.10034467574,51.5411109629756,28.69033398283,-0.16763154606214
7219,4,2025,2.065769,39.011855,1,0.480264622125868,-0.0278022709421902,139.619186401367,49.5680198669434,28.4711265563965,-0.120575583191436
7221,3,2025,1.977994614,39.96280863,1,0.596196506253306,-0.0199190301774473,210.122253417969,52.37548828125,28.1607322692871,-0.198430614256762
7222,3,2025,2.491563,39.566979,1,0.545979861719639,-0.011581742350236,211.998992919922,51.0662727355957,27.6579742431641,-0.14605154710966
7223,4,2025,2.184596,39.041427,1,0.517326490025874,-0.0383680287551439,151.050247192383,49.5706787109375,28.3710041046143,-0.123876943022675
7224,3,2025,1.977994614,39.96280863,1,0.596230772053227,-0.0199093643499407,210.122253417969,52.37548828125,28.1607322692871,-0.198387590474505
7225,3,2025,2.065769,39.011855,1,0.480158869283671,-0.0278294121393686,139.619186401367,49.5680198669434,28.4711265563965,-0.120428071149806
7226,3,2025,2.184596,39.041427,1,0.517649845906602,-0.0384116052901695,151.050247192383,49.5706787109375,28.3710041046143,-0.123943179130652
7227,3,2025,2.065769,39.011855,1,0.480326113833142,-0.0278073256486231,139.619186401367,49.5680198669434,28.4711265563965,-0.120640882150356
7228,3,2025,2.065769,39.011855,1,0.480278321702432,-0.0278045096601107,139.619186401367,49.5680198669434,28.4711265563965,-0.120589020112624
7229,3,2025,1.349815,39.570582,1,0.672581121675993,-0.0500095264807867,183.138988798383,51.5406334248925,28.6893759641955,-0.167588691383531
7231,2,2025,2.181751,39.279666,1,0.556089978709316,-0.0331497709039375,176.938278198242,50.1549873352051,28.31325340271,-0.163388325598581
7232,3,2025,2.065769,39.011855,1,0.480203724307351,-0.027821422744776,139.619186401367,49.5680198669434,28.4711265563965,-0.120487235403281
7233,3,2025,2.491563,39.566979,1,0.545938923305474,-0.0115426802190685,211.998992919922,51.0662727355957,27.6579742431641,-0.14590209896566
7236,5,2025,2.643333,39.573843,1,0.56461416563523,-0.0167207957792693,228.942459106445,51.2925338745117,27.4707832336426,-0.191961170871773
7238,3,2025,2.065769,39.011855,1,0.48030287210212,-0.0278033134766589,139.619186401367,49.5680198669434,28.4711265563965,-0.120618218325413
7239,4,2025,1.742573,40.536022,1,0.644412000427591,-0.0334003603905645,288.203674316406,52.5999450683594,28.8883857727051,-0.189799249205369
7240,4,2025,2.181751,39.279666,1,0.556013865804869,-0.0331218239506427,176.938278198242,50.1549873352051,28.31325340271,-0.16339161431488
7242,3,2025,2.181751,39.279666,1,0.55609532811204,-0.0331467939101302,176.938278198242,50.1549873352051,28.31325340271,-0.163398623736993
7243,5,2025,2.181751,39.279666,1,0.555930686125507,-0.0331063667263848,176.938278198242,50.1549873352051,28.31325340271,-0.163363037792379
7244,2,2025,2.491563,39.566979,1,0.545848629011647,-0.0115297485438689,211.998992919922,51.0662727355957,27.6579742431641,-0.145876983588754
7245,3,2025,1.984047,39.258248,1,0.544070604035193,-0.0326570412899289,156.95637512207,50.2903442382812,28.5029850006104,-0.187971020833647
7246,3,2025,2.000359,39.757585,1,0.697031248027691,-0.0256267945392163,185.624742327213,51.5773696899414,28.3406276702881,-0.185909426261212
7247,3,2025,2.065769,39.011855,1,0.480280723582219,-0.0278106887227501,139.619186401367,49.5680198669434,28.4711265563965,-0.120585763886455
7248,5,2025,2.491563,39.566979,1,0.546019686615772,-0.0115746697274308,211.998992919922,51.0662727355957,27.6579742431641,-0.146009184449623
7280,3,2025,2.491563,39.566979,1,0.545858617756752,-0.0115079463348424,211.998992919922,51.0662727355957,27.6579742431641,-0.145783205403321
7281,3,2025,2.491563,39.566979,1,0.546136920092183,-0.0116310394155742,211.998992919922,51.0662727355957,27.6579742431641,-0.146204947413915
7282,2,2025,2.493004179,39.56663782,1,0.542293649360959,-0.0104574324252471,213.103165342431,51.0662727355957,27.6579742431641,-0.140857483205594
7283,4,2025,2.23678,40.729411,1,0.497195591150817,-0.00585092494823771,324.966033935547,53.0561180114746,28.1905155181885,-0.182612470948805
7284,4,2025,1.798275,39.857916,1,0.638551328776476,-0.0175569129816927,224.623885655598,51.8775444030762,28.5407581329346,-0.223565605650388
7285,3,2025,2.000359,39.757585,1,0.697096150787207,-0.0256335459287632,185.628875283598,51.5773696899414,28.3406276702881,-0.185889533849714
7286,3,2025,1.349815,39.570582,1,0.672820274710872,-0.050012727015143,183.135371792396,51.5406781214204,28.68946563266,-0.167750698038347
7288,4,2025,2.181751,39.279666,1,0.55604854349908,-0.0331359154536503,176.938278198242,50.1549873352051,28.31325340271,-0.163387209825176
7289,4,2025,2.065769,39.011855,1,0.48036334413886,-0.0278024183514938,139.619186401367,49.5680198669434,28.4711265563965,-0.120688090208241
7290,5,2025,1.016707,39.493522,1,0.685478658543795,-0.0538116354500364,139.922119140625,51.4925689697266,28.9557094573975,-0.159112450133983
7291,5,2025,2.181751,39.279666,1,0.556119561812892,-0.0331502693918065,176.938278198242,50.1549873352051,28.31325340271,-0.163409202181636
7292,3,2025,2.065769,39.011855,1,0.480260280667242,-0.0278054858112712,139.619186401367,49.5680198669434,28.4711265563965,-0.120567456976066
7293,3,2025,2.17634,40.390738,1,0.473365792624167,-0.00862828358126505,307.064605712891,53.4074096679688,27.7020587921143,-0.167942895242869
7294,2,2025,2.491563,39.566979,1,0.545914670753008,-0.0115547737521168,211.998992919922,51.0662727355957,27.6579742431641,-0.14596016324863
7295,2,2025,2.491563,39.566979,1,0.545933563664849,-0.0115299753025627,211.998992919922,51.0662727355957,27.6579742431641,-0.145851687209027
7296,2,2025,2.065769,39.011855,1,0.480256091859045,-0.0278200268661078,139.619186401367,49.5680198669434,28.4711265563965,-0.120548637114533
7297,2,2025,2.491563,39.566979,1,0.545692555102962,-0.011474977399125,211.998992919922,51.0662727355957,27.6579742431641,-0.145697865244265
7298,2,2025,2.000359,39.757585,1,0.697407518738606,-0.0256689074695574,185.636713901984,51.5773696899414,28.3406276702881,-0.185896257844042
7299,2,2025,2.491563,39.566979,1,0.545778789934375,-0.0115112184687932,211.998992919922,51.0662727355957,27.6579742431641,-0.145822373402009
7300,2,2025,2.000359,39.757585,1,0.696889132578672,-0.0256090210036303,185.628006024384,51.5773696899414,28.3406276702881,-0.185848028691717
7301,2,2025,2.492491,39.567556,1,0.546483712130243,-0.0111786833813103,211.998992919922,51.0662727355957,27.6579742431641,-0.144666865769891
7302,2,2025,2.492491,39.567556,1,0.546348164425165,-0.011095777452138,211.998992919922,51.0662727355957,27.6579742431641,-0.1444027684418
7303,2,2025,2.492491,39.567556,1,0.546554403299691,-0.0111934083849414,211.998992919922,51.0662727355957,27.6579742431641,-0.144721625540961
7304,2,2025,2.000359,39.757585,1,0.696602784277612,-0.0255771918187697,185.618627081708,51.5773696899414,28.3406276702881,-0.185860253746581
7305,2,2025,2.000359,39.757585,1,0.696868869577441,-0.0256065936129359,185.628031008387,51.5773696899414,28.3406276702881,-0.185843028069154
7306,2,2025,2.491563,39.566979,1,0.545880382680085,-0.0115597768263497,211.998992919922,51.0662727355957,27.6579742431641,-0.14599361526915
7307,2,2025,2.491563,39.566979,1,0.545763833714576,-0.0114855866559567,211.998992919922,51.0662727355957,27.6579742431641,-0.145719326098614
7308,2,2025,2.491563,39.566979,1,0.546047474023995,-0.0115863784231974,211.998992919922,51.0662727355957,27.6579742431641,-0.146048824020134
7309,2,2025,2.491563,39.566979,1,0.545808428545065,-0.0115050733436897,211.998992919922,51.0662727355957,27.6579742431641,-0.145786587965395
7310,2,2025,2.000359,39.757585,1,0.696872834463363,-0.0256091762605391,185.619449253294,51.5773696899414,28.3406276702881,-0.185917098830205
7311,2,2025,2.491563,39.566979,1,0.54585080060304,-0.0115083413898708,211.998992919922,51.0662727355957,27.6579742431641,-0.145787126402719
7312,2,2025,2.000359,39.757585,1,0.696486205945231,-0.0255627400905843,185.620818582344,51.5773696899414,28.3406276702881,-0.185814023601484
7313,2,2025,2.491563,39.566979,1,0.545975227735856,-0.0115613062094262,211.998992919922,51.0662727355957,27.6579742431641,-0.145967787962898
7314,2,2025,2.491563,39.566979,1,0.545937405407726,-0.0115711049640707,211.998992919922,51.0662727355957,27.6579742431641,-0.146021351250656
7315,2,2025,2.491563,39.566979,1,0.545713853198073,-0.0114762355572167,211.998992919922,51.0662727355957,27.6579742431641,-0.145696095352418
7316,5,2025,2.000359,39.757585,1,0.697153561769203,-0.0256407206170503,185.627573009493,51.5773696899414,28.3406276702881,-0.185914199792669
7317,2,2025,2.493004179,39.56663782,1,0.542072963446359,-0.0104101612273474,213.099656353776,51.0662727355957,27.6579742431641,-0.140671296450351
7318,2,2025,2.79094,39.502341,1,0.535392947966979,-0.0158327595978355,259.892230599319,50.7261581420899,27.5591163635254,-0.146342129376502
7319,2,2025,2.527235,40.714721,1,0.514543634564593,-0.0178708951631684,271.941528320312,52.9048805236816,27.9885578155518,-0.19083375267147
7320,2,2025,2.000359,39.757585,1,0.697589908356904,-0.0256908207360235,185.636426350647,51.5773696899414,28.3406276702881,-0.185941776645893
7321,4,2025,2.294576,39.560464,1,0.574988355491341,-0.018438136611313,192.266174316406,50.8357315063477,28.0389652252197,-0.184330553329037
7322,1,2025,2.804115,40.923687,1,0.701117225317799,-0.0384757906714156,255.234717203187,52.2063789367676,27.9846591949463,-0.14478304353033
7323,1,2025,1.977994614,39.96280863,1,0.59624529964959,-0.0199328179901432,210.122253417969,52.37548828125,28.1607322692871,-0.198413947752083
7324,1,2025,1.769305,40.09415,1,0.619800564721001,-0.0218801860405535,250.432037353516,52.3743057250977,28.5080795288086,-0.218154559529917
7325,1,2025,2.184596,39.041427,1,0.517241303955621,-0.0383662580419619,151.050247192383,49.5706787109375,28.3710041046143,-0.123770641819907
7327,5,2025,1.905652,39.796338,1,0.496992378111078,-0.0116379453305672,176.441675921623,51.5878829956055,28.4540672302246,-0.148738067579559
7328,5,2025,1.756988431,40.05932098,1,0.56788623880316,-0.0269592657419952,250.432037353516,52.3743057250977,28.5080795288086,-0.152408908070596
7329,5,2025,1.748559978,40.05864372,1,0.589372008574076,-0.0334457777615231,259.592768718265,52.1614088579336,28.6796614091989,-0.137345834562589
7331,5,2025,1.905652,39.796338,1,0.496965371280434,-0.0116274000234551,176.443416735188,51.5878829956055,28.4540672302246,-0.148718069687243
7332,5,2025,1.748559978,40.05864372,1,0.589508895653126,-0.033468312444857,259.629742144596,52.1605495895717,28.6803539270516,-0.137324300534895
7336,5,2025,2.184596,39.041427,1,0.51738488886585,-0.0383806202376102,151.050247192383,49.5706787109375,28.3710041046143,-0.123845624500029
7339,5,2025,1.749036,40.059081,1,0.589508329087817,-0.0330577397737252,259.026945882636,52.1745586714451,28.6690634621312,-0.139101640593805
7341,5,2025,2.065769,39.011855,1,0.480230866017199,-0.0278227583304355,139.619186401367,49.5680198669434,28.4711265563965,-0.120517109991722
7344,5,2025,2.491563,39.566979,1,0.545830829343872,-0.0115082901910729,211.998992919922,51.0662727355957,27.6579742431641,-0.145792962071064
7345,5,2025,1.756988431,40.05932098,1,0.567979536869482,-0.0269166237869525,250.432037353516,52.3743057250977,28.5080795288086,-0.152640874203048
7346,4,2025,1.977994614,39.96280863,1,0.596250284179366,-0.0199114466798382,210.122253417969,52.37548828125,28.1607322692871,-0.198375384784673
7348,5,2025,1.977994614,39.96280863,1,0.596245721723509,-0.01991420964747,210.122253417969,52.37548828125,28.1607322692871,-0.198383492784294
7352,5,2025,2.294576,39.560464,1,0.575180330767344,-0.018462263832289,192.266174316406,50.8357315063477,28.0389652252197,-0.18444777591844
7353,5,2025,1.756988431,40.05932098,1,0.567789264105414,-0.0269761625499729,250.432037353516,52.3743057250977,28.5080795288086,-0.152377403603224
7355,5,2025,1.905652,39.796338,1,0.49691829508524,-0.0116280893099189,176.44497558317,51.5878829956055,28.4540672302246,-0.14869076456333
7356,5,2025,1.756988431,40.05932098,1,0.567705862421491,-0.0269833438037238,250.432037353516,52.3743057250977,28.5080795288086,-0.152407766095835
7358,4,2025,2.492491,39.567556,1,0.546191858872978,-0.0110888188116099,211.998992919922,51.0662727355957,27.6579742431641,-0.144355258962453
7360,4,2025,2.329186,38.946812,1,0.494099798833232,-0.0401630100230124,180.725542373877,49.245066467608,28.4041968433436,-0.133080879670037
7361,5,2025,2.065769,39.011855,1,0.480237331233094,-0.0278192533456573,139.619186401367,49.5680198669434,28.4711265563965,-0.120527859518821
7362,5,2025,2.065769,39.011855,1,0.480223296651417,-0.0278172952715388,139.619186401367,49.5680198669434,28.4711265563965,-0.12051364851126
7363,5,2025,2.065769,39.011855,1,0.480287126079718,-0.0278011532265506,139.619186401367,49.5680198669434,28.4711265563965,-0.120602366692371
7364,5,2025,2.065769,39.011855,1,0.480252979224101,-0.0278219588138776,139.619186401367,49.5680198669434,28.4711265563965,-0.120543241716958
7365,5,2025,2.065769,39.011855,1,0.480290428664407,-0.0278164566128203,139.619186401367,49.5680198669434,28.4711265563965,-0.120591369124279
7402,4,2025,2.540323,39.9518,1,0.560928046986508,-0.00892436425375946,254.438565197632,52.3896113635443,27.5951094278448,-0.20842067164356
7403,3,2025,2.065769,39.011855,1,0.48024112508458,-0.027810660492745,139.619186401367,49.5680198669434,28.4711265563965,-0.120540494348995
7404,3,2025,2.184596,39.041427,1,0.517591395003801,-0.038411558757436,151.050247192383,49.5706787109375,28.3710041046143,-0.123859090783213
7406,4,2025,1.977994614,39.96280863,1,0.596303331488511,-0.0199147924746275,210.122253417969,52.37548828125,28.1607322692871,-0.198338399847854
7407,3,2025,1.977994614,39.96280863,1,0.596204844288207,-0.0199505626072555,210.122253417969,52.37548828125,28.1607322692871,-0.198475245795298
7408,3,2025,2.294576,39.560464,1,0.574817111767527,-0.0184142156261626,192.266174316406,50.8357315063477,28.0389652252197,-0.184222761126948
7410,3,2025,2.492491,39.567556,1,0.546487343200885,-0.0111523142045342,211.998992919922,51.0662727355957,27.6579742431641,-0.144591139589502
7411,3,2025,2.491563,39.566979,1,0.545914989734608,-0.0115278061880926,211.998992919922,51.0662727355957,27.6579742431641,-0.145848160602473
7412,3,2025,2.294576,39.560464,1,0.575169728613805,-0.0184373798098367,192.266174316406,50.8357315063477,28.0389652252197,-0.184409950698421
7413,4,2025,2.000359,39.757585,1,0.69668336053719,-0.0255876932551175,185.614968219874,51.5773696899414,28.3406276702881,-0.185910487135793
7415,3,2025,2.065769,39.011855,1,0.480297897670962,-0.0278090179906556,139.619186401367,49.5680198669434,28.4711265563965,-0.120607010560726
7416,3,2025,2.184596,39.041427,1,0.517383212930265,-0.0383853230117666,151.050247192383,49.5706787109375,28.3710041046143,-0.123800000268014
7417,3,2025,1.349815,39.570582,1,0.672618659837489,-0.0499874526935656,183.150775418241,51.5404877737697,28.6890837644847,-0.167652119521801
7418,4,2025,2.492491,39.567556,1,0.546419092583091,-0.0111032763390216,211.998992919922,51.0662727355957,27.6579742431641,-0.144437617110847
7419,4,2025,2.492491,39.567556,1,0.546376477246388,-0.0111277052813105,211.998992919922,51.0662727355957,27.6579742431641,-0.144500281147922
7420,3,2025,2.181751,39.279666,1,0.555992511357592,-0.0331253481576867,176.938278198242,50.1549873352051,28.31325340271,-0.163368393015424
7421,3,2025,2.184596,39.041427,1,0.517575513898369,-0.0383997317040117,151.050247192383,49.5706787109375,28.3710041046143,-0.123944995028669
7422,4,2025,1.905652,39.796338,1,0.496867115267696,-0.0116387629619984,176.445911099606,51.5878829956055,28.4540672302246,-0.148664844489531
7423,4,2025,1.624521,39.717982,1,0.601718029437839,-0.0204716882717839,178.595230102539,51.5978546142578,28.6942291259766,-0.227434641346985
7424,4,2025,2.491563,39.566979,1,0.545804048206537,-0.0115261084189976,211.998992919922,51.0662727355957,27.6579742431641,-0.145877025285472
7425,5,2025,2.996756,39.316857,1,0.533365013840131,0.00130489688243919,349.639608435807,50.5376739501953,27.0519790649414,-0.136622350650246
7426,3,2025,2.491563,39.566979,1,0.545663039037286,-0.0114649962277929,211.998992919922,51.0662727355957,27.6579742431641,-0.145665448024939
7427,3,2025,1.977994614,39.96280863,1,0.5962913608934,-0.0199076379067881,210.122253417969,52.37548828125,28.1607322692871,-0.198336453141698
7428,4,2025,1.349815,39.570582,1,0.672033661177852,-0.0500102004494975,183.142895769865,51.540585145166,28.6892791072552,-0.167204133893207
7429,3,2025,2.329186,38.946812,1,0.494301652047993,-0.0401973351575313,180.759705600882,49.2460257473832,28.403683140273,-0.13308662581027
7430,3,2025,2.294576,39.560464,1,0.57479957495802,-0.018414319596514,192.266174316406,50.8357315063477,28.0389652252197,-0.184215103247133
7433,3,2025,2.181751,39.279666,1,0.555982751754095,-0.0331096188258656,176.938278198242,50.1549873352051,28.31325340271,-0.163394671149002
7434,3,2025,2.181751,39.279666,1,0.556065943992712,-0.0331400078348963,176.938278198242,50.1549873352051,28.31325340271,-0.163391353604967
7435,2,2025,2.491563,39.566979,1,0.545814686133447,-0.0115057628317378,211.998992919922,51.0662727355957,27.6579742431641,-0.145787485588621
7437,3,2025,2.491563,39.566979,1,0.545998481224926,-0.0115909408372219,211.998992919922,51.0662727355957,27.6579742431641,-0.146083911776317
7439,5,2025,1.624521,39.717982,1,0.601806815535443,-0.0204883037066535,178.595230102539,51.5978546142578,28.6942291259766,-0.227528548709225
7442,4,2025,2.79094,39.502341,1,0.53560467833397,-0.0158662489442164,259.842024616335,50.7261581420898,27.5591163635254,-0.146534078553467
7443,4,2025,1.905652,39.796338,1,0.496935244063864,-0.0116662871489454,176.441436077673,51.5878829956055,28.4540672302246,-0.148715890774113
7444,4,2025,1.756988431,40.05932098,1,0.567946694813394,-0.0269445518850333,250.432037353516,52.3743057250977,28.5080795288086,-0.152460943476536
7446,4,2025,2.048805,39.610968,1,0.616558127925024,-0.00527862440879961,166.300660280294,51.0065637319174,28.3310218349792,-0.169882358002468
7448,4,2025,2.294576,39.560464,1,0.574877160820746,-0.0184333621239524,192.266174316406,50.8357315063477,28.0389652252197,-0.184274858938545
7449,4,2025,2.294576,39.560464,1,0.574925958341649,-0.0184406054231266,192.266174316406,50.8357315063477,28.0389652252197,-0.184306163302945
7452,4,2025,1.748559978,40.05864372,1,0.589048794065026,-0.0334716456806178,259.621280798175,52.1607462326205,28.6801954447567,-0.137068326926695
7453,4,2025,2.065769,39.011855,1,0.480207207323769,-0.0278293728585931,139.619186401367,49.5680198669434,28.4711265563965,-0.120483696625641
7454,4,2025,2.065769,39.011855,1,0.480188613524125,-0.0278289323699777,139.619186401367,49.5680198669434,28.4711265563965,-0.120462730985198
7458,4,2025,2.065769,39.011855,1,0.48021639858235,-0.0278158670541884,139.619186401367,49.5680198669434,28.4711265563965,-0.120507124286249
7459,4,2025,1.977994614,39.96280863,1,0.596296102388198,-0.0199284633350319,210.122253417969,52.37548828125,28.1607322692871,-0.19836620116908
7461,4,2025,2.996756,39.316857,1,0.533625683687616,0.00131581201994594,349.737911541985,50.5376739501953,27.0519790649414,-0.136671888417538
7462,4,2025,2.996756,39.316857,1,0.533540743938247,0.00131026865289245,349.721046077772,50.5376739501953,27.0519790649414,-0.136645423898995
7463,4,2025,2.996756,39.316857,1,0.533524994256112,0.00130282339786045,349.766794539366,50.5376739501953,27.0519790649414,-0.136607305077866
7464,5,2025,2.996756,39.316857,1,0.533310645994915,0.00129202861579402,349.699488965757,50.5376739501953,27.0519790649414,-0.136557526271959
7471,3,2025,2.491563,39.566979,1,0.545854558282112,-0.0115469628453613,211.998992919922,51.0662727355957,27.6579742431641,-0.14594809687606
7473,3,2025,2.491563,39.566979,1,0.545938341708893,-0.0115435299488731,211.998992919922,51.0662727355957,27.6579742431641,-0.145905771585352
7474,3,2025,2.065769,39.011855,1,0.480340456778664,-0.0278078272447903,139.619186401367,49.5680198669434,28.4711265563965,-0.120656790588399
7475,3,2025,1.905652,39.796338,1,0.496858882003672,-0.0116390455365033,176.446172000723,51.5878829956055,28.4540672302246,-0.148660117787557
7476,3,2025,1.977994614,39.96280863,1,0.596317404304487,-0.0199352946749394,210.122253417969,52.37548828125,28.1607322692871,-0.198360128002785
7477,3,2025,2.294576,39.560464,1,0.575100825904683,-0.018435997622068,192.266174316406,50.8357315063477,28.0389652252197,-0.184377580647054
7478,3,2025,2.000359,39.757585,1,0.69636904256466,-0.0255487449381981,185.620910154997,51.5773696899414,28.3406276702881,-0.185785545186212
7479,3,2025,2.491563,39.566979,1,0.545965196074203,-0.0115447778798336,211.998992919922,51.0662727355957,27.6579742431641,-0.145902951538812
7480,3,2025,2.065769,39.011855,1,0.480311393111062,-0.0278136317000525,139.619186401367,49.5680198669434,28.4711265563965,-0.120618045227464
7481,3,2025,2.065769,39.011855,1,0.480299533402597,-0.0277997497697747,139.619186401367,49.5680198669434,28.4711265563965,-0.120617901758925
7482,3,2025,2.491563,39.566979,1,0.545798367893344,-0.0115036374326396,211.998992919922,51.0662727355957,27.6579742431641,-0.145783798866131
7483,3,2025,1.977994614,39.96280863,1,0.596188162827089,-0.0199267841331684,210.122253417969,52.37548828125,28.1607322692871,-0.198449891088348
7484,3,2025,2.491563,39.566979,1,0.545843122196584,-0.0115464617757838,211.998992919922,51.0662727355957,27.6579742431641,-0.14595015873013
7485,3,2025,1.984047,39.258248,1,0.544088557507621,-0.0326562050107851,156.95637512207,50.2903442382812,28.5029850006104,-0.187956692705305
7486,3,2025,2.181751,39.279666,1,0.556024426373298,-0.0331260661810562,176.938278198242,50.1549873352051,28.31325340271,-0.163390371528842
7487,3,2025,2.491563,39.566979,1,0.54602402040149,-0.0115919101337107,211.998992919922,51.0662727355957,27.6579742431641,-0.146079281207084
7488,3,2025,2.491563,39.566979,1,0.545658721485861,-0.0114603374458267,211.998992919922,51.0662727355957,27.6579742431641,-0.145647109228442
7489,3,2025,2.491563,39.566979,1,0.545974196098344,-0.0115472639333747,211.998992919922,51.0662727355957,27.6579742431641,-0.145910494655344
7490,3,2025,2.065769,39.011855,1,0.480326985872509,-0.0278100055627711,139.619186401367,49.5680198669434,28.4711265563965,-0.120639321337967
7491,3,2025,2.491563,39.566979,1,0.545703539480365,-0.0114652595483582,211.998992919922,51.0662727355957,27.6579742431641,-0.145653315635055
7492,3,2025,2.491563,39.566979,1,0.545752425210437,-0.0115057659864152,211.998992919922,51.0662727355957,27.6579742431641,-0.145808383281464
7494,3,2025,2.065769,39.011855,1,0.480200341609149,-0.0278288150471972,139.619186401367,49.5680198669434,28.4711265563965,-0.120476326352468
7495,3,2025,1.977994614,39.96280863,1,0.596296772916706,-0.0199091571459399,210.122253417969,52.37548828125,28.1607322692871,-0.198334575932644
7496,3,2025,1.977994614,39.96280863,1,0.596317980036582,-0.0199418485075225,210.122253417969,52.37548828125,28.1607322692871,-0.198370225315634
7497,3,2025,1.977994614,39.96280863,1,0.59622779249503,-0.0198981072760673,210.122253417969,52.37548828125,28.1607322692871,-0.19837176448974
7498,3,2025,2.000359,39.757585,1,0.697458656524787,-0.0256760645168279,185.632343346908,51.5773696899414,28.3406276702881,-0.185945601520036
7499,3,2025,2.491563,39.566979,1,0.545912519101003,-0.0115450063420953,211.998992919922,51.0662727355957,27.6579742431641,-0.145919947477151
7500,1,2025,2.549953,39.600026,1,0.592404725255794,-0.0143212410468956,252.833442780622,51.1469365492373,27.591239227245,-0.226864185355209
7503,1,2025,2.612062,39.584162,1,0.554166157077584,-0.0119299378499314,228.942459106445,51.2925338745117,27.4707832336426,-0.1940178421937
7504,1,2025,2.612062,39.584162,1,0.554077894765895,-0.0118809309218224,228.942459106445,51.2925338745117,27.4707832336426,-0.193974678092439
7505,1,2025,2.294576,39.560464,1,0.575354770441081,-0.0184840964708491,192.266174316406,50.8357315063477,28.0389652252197,-0.184554118364745
7506,1,2025,2.612062,39.584162,1,0.554053338170693,-0.0118796136319358,228.942459106445,51.2925338745117,27.4707832336426,-0.1939792493998
7507,1,2025,2.612062,39.584162,1,0.554127276954769,-0.0119159393820402,228.942459106445,51.2925338745117,27.4707832336426,-0.194009040863769
7508,1,2025,2.294576,39.560464,1,0.57495006920039,-0.018407720128103,192.266174316406,50.8357315063477,28.0389652252197,-0.184273263438067
7511,1,2025,2.184596,39.041427,1,0.51747790504878,-0.0383968747956534,151.050247192383,49.5706787109375,28.3710041046143,-0.123830375014423
7512,1,2025,2.612062,39.584162,1,0.554180136133648,-0.0119195953306202,228.942459106445,51.2925338745117,27.4707832336426,-0.194000502622538
7513,1,2025,2.612062,39.584162,1,0.554324826890377,-0.0119819030738119,228.942459106445,51.2925338745117,27.4707832336426,-0.19404706809926
7514,1,2025,2.491563,39.566979,1,0.545766221928537,-0.0114857808101312,211.998992919922,51.0662727355957,27.6579742431641,-0.145719392197499
7515,1,2025,2.294576,39.560464,1,0.575020599767068,-0.0184324399018346,192.266174316406,50.8357315063477,28.0389652252197,-0.184337283606272
7516,1,2025,2.612062,39.584162,1,0.554256180222381,-0.0119477532836259,228.942459106445,51.2925338745117,27.4707832336426,-0.194018923314004
7517,1,2025,2.184596,39.041427,1,0.517430294698632,-0.0383920626738277,151.050247192383,49.5706787109375,28.3710041046143,-0.123805927961869
7518,1,2025,2.184596,39.041427,1,0.517276157816493,-0.0383688681371713,151.050247192383,49.5706787109375,28.3710041046143,-0.123796866940997
7519,1,2025,2.47243404,39.70930956,1,0.546506846625369,-0.0176388922133923,238.035079956055,51.3350372314453,27.5433464050293,-0.186619099260146
7520,1,2025,2.612062,39.584162,1,0.554310582172813,-0.0119795112655456,228.942459106445,51.2925338745117,27.4707832336426,-0.194047422312623
7521,1,2025,2.612062,39.584162,1,0.554195830659902,-0.0119195302505819,228.942459106445,51.2925338745117,27.4707832336426,-0.193996447136963
7522,1,2025,2.612062,39.584162,1,0.554140406523552,-0.0119062913149312,228.942459106445,51.2925338745117,27.4707832336426,-0.193992774812127
7524,1,2025,2.612062,39.584162,1,0.554136727066042,-0.0119057773717386,228.942459106445,51.2925338745117,27.4707832336426,-0.193993023730071
7525,1,2025,2.493004179,39.56663782,1,0.542278891513094,-0.0104766435024811,213.156959804701,51.0662727355957,27.6579742431641,-0.140869255132211
7526,1,2025,2.612062,39.584162,1,0.554345385882273,-0.0119839309595761,228.942459106445,51.2925338745117,27.4707832336426,-0.194044696961624
7527,1,2025,2.294576,39.560464,1,0.575092621691376,-0.0184584189243681,192.266174316406,50.8357315063477,28.0389652252197,-0.184403812361511
7528,1,2025,2.612062,39.584162,1,0.554337094374828,-0.0119722726192116,228.942459106445,51.2925338745117,27.4707832336426,-0.194031367478215
7529,1,2025,2.612062,39.584162,1,0.55414469061597,-0.0119024497209984,228.942459106445,51.2925338745117,27.4707832336426,-0.193986524386173
7531,1,2025,2.184596,39.041427,1,0.51743441758312,-0.0383870076569672,151.050247192383,49.5706787109375,28.3710041046143,-0.123858365142675
7532,1,2025,2.612062,39.584162,1,0.554311434711431,-0.0119682743680167,228.942459106445,51.2925338745117,27.4707832336426,-0.194032401069867
7533,1,2025,2.612062,39.584162,1,0.554217753352498,-0.0119502441693201,228.942459106445,51.2925338745117,27.4707832336426,-0.194031827010122
7534,1,2025,2.480278,39.610559,1,0.55952657999532,-0.0111996010830634,240.495864868164,51.0662727355957,27.6579742431641,-0.222170671844949
7535,1,2025,2.184596,39.041427,1,0.517372422879009,-0.0383749876459222,151.050247192383,49.5706787109375,28.3710041046143,-0.123879309434221
7536,1,2025,2.294576,39.560464,1,0.574794831436828,-0.0184188532681678,192.266174316406,50.8357315063477,28.0389652252197,-0.184219006000042
7537,1,2025,2.294576,39.560464,1,0.575427852530066,-0.0184829392140717,192.266174316406,50.8357315063477,28.0389652252197,-0.184584830221805
7538,1,2025,2.294576,39.560464,1,0.575442354362533,-0.0184842105881845,192.266174316406,50.8357315063477,28.0389652252197,-0.184592933952547
7539,1,2025,2.612062,39.584162,1,0.554284696035631,-0.0119521079257845,228.942459106445,51.2925338745117,27.4707832336426,-0.194017610559457
7540,1,2025,2.612062,39.584162,1,0.55408658000378,-0.0118766026101519,228.942459106445,51.2925338745117,27.4707832336426,-0.193966585658067
7541,1,2025,2.493004179,39.56663782,1,0.542071518549241,-0.0104013154428963,213.079099093966,51.0662727355957,27.6579742431641,-0.140660826708523
7551,4,2025,2.065769,39.011855,1,0.480256298025273,-0.027827859040833,139.619186401367,49.5680198669434,28.4711265563965,-0.120541539156049
7552,4,2025,1.905652,39.796338,1,0.496969193132712,-0.0116395844125492,176.442344439836,51.5878829956055,28.4540672302246,-0.148725108918616
7554,4,2025,2.294576,39.560464,1,0.575093620276491,-0.0184679979410988,192.266174316406,50.8357315063477,28.0389652252197,-0.184417079249446
7555,2,2025,2.491563,39.566979,1,0.545934750790137,-0.0115502100212509,211.998992919922,51.0662727355957,27.6579742431641,-0.145934508795803
7556,2,2025,1.977994614,39.96280863,1,0.596212982751135,-0.0199014845806942,210.122253417969,52.37548828125,28.1607322692871,-0.198389019691961
7557,2,2025,0.157185,40.37084,1,0.622974236227959,-0.0274802885012658,270.063656102816,56.9844075166014,28.7565488148153,-0.178238306128852
7558,2,2025,2.139834,39.296159,1,0.546295759075881,-0.0200489317605993,172.791687011719,50.2126274108887,28.4216079711914,-0.168731441010465
7559,2,2025,2.329186,38.946812,1,0.49420342373604,-0.0401704835358191,180.778228528585,49.2465458583763,28.4034046160916,-0.133108461181331
7560,2,2025,2.491563,39.566979,1,0.54602834209031,-0.0115873734977213,211.998992919922,51.0662727355957,27.6579742431641,-0.146058963666243
7561,2,2025,2.065769,39.011855,1,0.480227179757884,-0.027815759479933,139.619186401367,49.5680198669434,28.4711265563965,-0.120519580023395
7562,2,2025,2.491563,39.566979,1,0.545766391026226,-0.0115050818966321,211.998992919922,51.0662727355957,27.6579742431641,-0.145800558813155
7564,2,2025,1.905652,39.796338,1,0.496929358973726,-0.0116401341470383,176.443669178036,51.5878829956055,28.4540672302246,-0.148701931720046
7565,1,2025,2.491563,39.566979,1,0.54568766254087,-0.0114750992394122,211.998992919922,51.0662727355957,27.6579742431641,-0.145700051058073
7566,1,2025,2.184596,39.041427,1,0.517367738290248,-0.0383827453897587,151.050247192383,49.5706787109375,28.3710041046143,-0.123801383412878
7567,1,2025,1.748559978,40.05864372,1,0.589391022318717,-0.0334712325043854,259.630598981539,52.1605296765436,28.6803699757368,-0.137250214425457
7568,1,2025,2.643333,39.573843,1,0.564474820835554,-0.0167402664865815,228.942459106445,51.2925338745117,27.4707832336426,-0.191820307697093
7569,1,2025,1.748559978,40.05864372,1,0.588940816230583,-0.0334221946282917,259.54575891329,52.1625013733461,28.6787809084601,-0.137215148615537
7570,1,2025,1.769305,40.09415,1,0.619831237243157,-0.0218985808934531,250.432037353516,52.3743057250977,28.5080795288086,-0.21804103302366
7571,1,2025,2.184596,39.041427,1,0.517436822900694,-0.0383854395936614,151.050247192383,49.5706787109375,28.3710041046143,-0.123876226290266
7572,1,2025,2.480278,39.610559,1,0.559751193947395,-0.0112318279604399,240.495864868164,51.0662727355957,27.6579742431641,-0.222279779235281
7574,3,2025,2.000359,39.757585,1,0.696800253392616,-0.0255974555533679,185.631731735817,51.5773696899414,28.3406276702881,-0.185795293945426
7575,3,2025,2.491563,39.566979,1,0.545862686140019,-0.0115500059546585,211.998992919922,51.0662727355957,27.6579742431641,-0.14595817764509
7576,3,2025,2.065769,39.011855,1,0.480258488625035,-0.0278140156635492,139.619186401367,49.5680198669434,28.4711265563965,-0.120557117990406
7577,3,2025,2.491563,39.566979,1,0.545680388181577,-0.0114654401334472,211.998992919922,51.0662727355957,27.6579742431641,-0.145661521765925
7578,3,2025,2.000359,39.757585,1,0.69726376836943,-0.0256556436112722,185.620027493852,51.5773696899414,28.3406276702881,-0.18600459663231
7579,3,2025,2.491563,39.566979,1,0.545793985795966,-0.0115054976070679,211.998992919922,51.0662727355957,27.6579742431641,-0.145793026145653
7580,3,2025,2.181751,39.279666,1,0.555973105196246,-0.0331075945498728,176.938278198242,50.1549873352051,28.31325340271,-0.163391818008733
7581,3,2025,2.996756,39.316857,1,0.533453809247214,0.00131782600686785,349.603874070698,50.5376739501953,27.0519790649414,-0.136685837417137
7582,3,2025,2.181751,39.279666,1,0.555982138455421,-0.033111124685144,176.938278198242,50.1549873352051,28.31325340271,-0.1633909604572
7583,3,2025,2.000359,39.757585,1,0.696663861738465,-0.0255797834314734,185.636906386205,51.5773696899414,28.3406276702881,-0.185719024962298
7584,3,2025,2.181751,39.279666,1,0.556169339434028,-0.0331689413955797,176.938278198242,50.1549873352051,28.31325340271,-0.163406080037101
7585,3,2025,2.065769,39.011855,1,0.480282946688337,-0.0278130226972148,139.619186401367,49.5680198669434,28.4711265563965,-0.120586067473129
7586,3,2025,2.17634,40.390738,1,0.473395018791097,-0.0086277554674701,307.064605712891,53.4074096679687,27.7020587921143,-0.167957471634264
7587,3,2025,2.491563,39.566979,1,0.5458022628149,-0.0115108914588179,211.998992919922,51.0662727355957,27.6579742431641,-0.145812996073224
7588,3,2025,2.181751,39.279666,1,0.556039912318385,-0.0331304678243762,176.938278198242,50.1549873352051,28.31325340271,-0.163392448096159
7590,3,2025,2.294576,39.560464,1,0.575499553862651,-0.0184891503233938,192.266174316406,50.8357315063477,28.0389652252197,-0.184624790236414
7591,3,2025,2.181751,39.279666,1,0.555926928994605,-0.0331044658425674,176.938278198242,50.1549873352051,28.31325340271,-0.163364281377039
7592,3,2025,2.181751,39.279666,1,0.556145864668184,-0.0331597169891119,176.938278198242,50.1549873352051,28.31325340271,-0.163408447578825
7593,3,2025,2.000359,39.757585,1,0.697710953463723,-0.025703425301066,185.644544926994,51.5773696899414,28.3406276702881,-0.185901116465089
7594,3,2025,2.065769,39.011855,1,0.48031292513236,-0.0278109631779831,139.619186401367,49.5680198669434,28.4711265563965,-0.120622331424503
7595,3,2025,2.184596,39.041427,1,0.51743254395468,-0.0383891658934745,151.050247192383,49.5706787109375,28.3710041046143,-0.123835830407517
7596,3,2025,2.23678,40.729411,1,0.497227585100726,-0.00585706386822665,324.966033935547,53.0561180114746,28.1905155181885,-0.18265757219104
7597,3,2025,2.491563,39.566979,1,0.546058552426029,-0.0116092261485938,211.998992919922,51.0662727355957,27.6579742431641,-0.146140163790268
7598,3,2025,2.491563,39.566979,1,0.546078787375427,-0.0116109409540585,211.998992919922,51.0662727355957,27.6579742431641,-0.146140526917938
7599,3,2025,2.065769,39.011855,1,0.480350628985842,-0.0278050882955325,139.619186401367,49.5680198669434,28.4711265563965,-0.120671022157499
7600,3,2025,2.000359,39.757585,1,0.696639545680666,-0.0255784631970402,185.630848832319,51.5773696899414,28.3406276702881,-0.185764849667587
7601,3,2025,2.491563,39.566979,1,0.546110839093553,-0.011623606572316,211.998992919922,51.0662727355957,27.6579742431641,-0.146182661484028
7602,3,2025,1.977994614,39.96280863,1,0.596267639180125,-0.0199315171086415,210.122253417969,52.37548828125,28.1607322692871,-0.198393940155414
7603,3,2025,2.139834,39.296159,1,0.546402299086994,-0.0200721565669135,172.791687011719,50.2126274108887,28.4216079711914,-0.16879818758109
7604,3,2025,2.065769,39.011855,1,0.480337887865997,-0.0278079570575829,139.619186401367,49.5680198669434,28.4711265563965,-0.120653731685844
7605,3,2025,1.905652,39.796338,1,0.496867411464181,-0.0116603742058671,176.444235489078,51.5878829956055,28.4540672302246,-0.148673450113277
7606,3,2025,1.733327,40.021314,1,0.644899224967423,-0.0188731497277771,260.491882324219,51.9331741333008,28.7022342681885,-0.250335457375712
7607,3,2025,2.491563,39.566979,1,0.545979396931448,-0.0115586480161798,211.998992919922,51.0662727355957,27.6579742431641,-0.145955553254118
7609,3,2025,2.491563,39.566979,1,0.546007100239069,-0.0115905294583713,211.998992919922,51.0662727355957,27.6579742431641,-0.146079202103802
7610,3,2025,2.491563,39.566979,1,0.545745362669401,-0.0114942621167929,211.998992919922,51.0662727355957,27.6579742431641,-0.145761807873962
7611,3,2025,2.491563,39.566979,1,0.54601532140206,-0.0115832313434664,211.998992919922,51.0662727355957,27.6579742431641,-0.146045953792948
7612,3,2025,2.065769,39.011855,1,0.480331047238172,-0.0278043038617299,139.619186401367,49.5680198669434,28.4711265563965,-0.120649420242486
7613,3,2025,2.17634,40.390738,1,0.473383037703398,-0.0086282855971822,307.064605712891,53.4074096679688,27.7020587921143,-0.167950559340299
7614,3,2025,2.000359,39.757585,1,0.697007074799202,-0.0256213599005831,185.635064350757,51.5773696899414,28.3406276702881,-0.185815755319486
7615,3,2025,2.23678,40.729411,1,0.497300461159151,-0.00587941217336777,324.966033935547,53.0561180114746,28.1905155181885,-0.182712108036169
7616,3,2025,2.184596,39.041427,1,0.517282663347714,-0.0383611397500426,151.050247192383,49.5706787109375,28.3710041046143,-0.123876948775986
7617,3,2025,1.984047,39.258248,1,0.544065990438445,-0.032648873719322,156.95637512207,50.2903442382813,28.5029850006104,-0.187951486225791
7618,3,2025,2.491563,39.566979,1,0.545771400182672,-0.0115193123704394,211.998992919922,51.0662727355957,27.6579742431641,-0.145859724861953
7619,3,2025,2.491563,39.566979,1,0.545942292159367,-0.0115606136867446,211.998992919922,51.0662727355957,27.6579742431641,-0.145975452901839
7620,3,2025,2.065769,39.011855,1,0.480158699799886,-0.0278286248038413,139.619186401367,49.5680198669434,28.4711265563965,-0.120428626921507
7621,3,2025,2.491563,39.566979,1,0.545931862168803,-0.0115387560985654,211.998992919922,51.0662727355957,27.6579742431641,-0.145888083219726
7622,3,2025,2.491563,39.566979,1,0.546024613259968,-0.0115898716448032,211.998992919922,51.0662727355957,27.6579742431641,-0.146070573145547
7623,3,2025,2.184596,39.041427,1,0.517648004051656,-0.0384148335473965,151.050247192383,49.5706787109375,28.3710041046143,-0.123910788158959
7624,3,2025,2.491563,39.566979,1,0.545792176269553,-0.0115259028504672,211.998992919922,51.0662727355957,27.6579742431641,-0.145880464255801
7625,1,2025,2.491563,39.566979,1,0.545937563831435,-0.0115417457124533,211.998992919922,51.0662727355957,27.6579742431641,-0.145898664316113
7626,1,2025,2.493004179,39.56663782,1,0.542065688982752,-0.0104048660751689,213.090553361308,51.0662727355957,27.6579742431641,-0.140661109258984
7627,2,2025,2.181751,39.279666,1,0.556016396998956,-0.0331227020596084,176.938278198242,50.1549873352051,28.31325340271,-0.163391613686038
7628,2,2025,2.491563,39.566979,1,0.545751730417632,-0.0114873830568041,211.998992919922,51.0662727355957,27.6579742431641,-0.145730676609387
7629,2,2025,2.491563,39.566979,1,0.545969208266849,-0.0115723485941177,211.998992919922,51.0662727355957,27.6579742431641,-0.146015673001478
7630,2,2025,2.491563,39.566979,1,0.545767726304017,-0.011512285618873,211.998992919922,51.0662727355957,27.6579742431641,-0.145830846643182
7632,2,2025,1.495974,35.472715,1,0.424225391913487,0.0467159112110155,776.178205494204,58.6260948181152,24.9899253845215,-0.0987074596481342
7635,1,2025,2.491563,39.566979,1,0.545781817162639,-0.0115297990507739,211.998992919922,51.0662727355957,27.6579742431641,-0.145901215631826
7636,1,2025,2.612062,39.584162,1,0.554209529163198,-0.0119453000442965,228.942459106445,51.2925338745117,27.4707832336426,-0.1940273341514
7637,1,2025,2.612062,39.584162,1,0.554258822127886,-0.0119473505902179,228.942459106445,51.2925338745117,27.4707832336426,-0.1940177299561
7638,1,2025,2.612062,39.584162,1,0.554122944969023,-0.011899116924199,228.942459106445,51.2925338745117,27.4707832336426,-0.193987600674277
7639,1,2025,2.612062,39.584162,1,0.554149383493518,-0.0119115912375133,228.942459106445,51.2925338745117,27.4707832336426,-0.193997593379261
7641,1,2025,2.184596,39.041427,1,0.517302599322473,-0.038363626565205,151.050247192383,49.5706787109375,28.3710041046143,-0.123882858878741
7643,2,2025,2.612062,39.584162,1,0.554058505468856,-0.0118845867708934,228.942459106445,51.2925338745117,27.4707832336426,-0.193984619835869
7644,2,2025,2.491563,39.566979,1,0.546010963466025,-0.0115777649753848,211.998992919922,51.0662727355957,27.6579742431641,-0.146024667258188
7645,2,2025,2.612062,39.584162,1,0.554072594273612,-0.0118831891686629,228.942459106445,51.2925338745117,27.4707832336426,-0.193979094744327
7646,2,2025,2.491563,39.566979,1,0.545783618213029,-0.0115177779760201,211.998992919922,51.0662727355957,27.6579742431641,-0.145848681603474
7648,2,2025,2.612062,39.584162,1,0.554050982324004,-0.0118793428125861,228.942459106445,51.2925338745117,27.4707832336426,-0.193979494075746
7650,2,2025,2.184596,39.041427,1,0.517570563184954,-0.0384074012463418,151.050247192383,49.5706787109375,28.3710041046143,-0.123867299686701
7651,2,2025,2.493004179,39.56663782,1,0.542262498427051,-0.0104464083076935,213.092159456922,51.0662727355957,27.6579742431641,-0.140826490679492
7652,2,2025,2.549953,39.600026,1,0.592396594510487,-0.0143193548642302,252.839043518231,51.1469900890856,27.5911949325053,-0.226870399680071
7653,2,2025,2.612062,39.584162,1,0.55418475466311,-0.0119366115002498,228.942459106445,51.2925338745117,27.4707832336426,-0.194022025590919
7654,2,2025,2.612062,39.584162,1,0.55417481448353,-0.0119220331032569,228.942459106445,51.2925338745117,27.4707832336426,-0.194005107992698
7655,2,2025,2.491563,39.566979,1,0.545810834093234,-0.0115379039661913,211.998992919922,51.0662727355957,27.6579742431641,-0.145925319397619
7656,2,2025,2.491563,39.566979,1,0.545893104997195,-0.0115530098171405,211.998992919922,51.0662727355957,27.6579742431641,-0.145960120854851
7657,2,2025,2.47243404,39.70930956,1,0.546872032594184,-0.0176703108832117,238.035079956055,51.3350372314453,27.5433464050293,-0.186571047107878
7658,2,2025,2.612062,39.584162,1,0.554179887316708,-0.0119133685292951,228.942459106445,51.2925338745117,27.4707832336426,-0.193992229038164
7659,3,2025,2.612062,39.584162,1,0.554193386117554,-0.0119156322543884,228.942459106445,51.2925338745117,27.4707832336426,-0.193991845377394
7660,2,2025,2.612062,39.584162,1,0.554078868245468,-0.0118819183308799,228.942459106445,51.2925338745117,27.4707832336426,-0.193975760021917
7661,2,2025,2.493004179,39.56663782,1,0.541969179990326,-0.0103531880077272,213.014595076978,51.0662727355957,27.6579742431641,-0.140546069827075
7662,2,2025,2.493004179,39.56663782,1,0.542222604706303,-0.0104351484041709,213.084981548152,51.0662727355957,27.6579742431641,-0.14078989300137
7663,2,2025,2.612062,39.584162,1,0.554115718570406,-0.011886730188186,228.942459106445,51.2925338745117,27.4707832336426,-0.193972769487845
7664,2,2025,2.184596,39.041427,1,0.51720034538595,-0.0383580743239948,151.050247192383,49.5706787109375,28.3710041046143,-0.123786733053736
7665,1,2025,2.491563,39.566979,1,0.545741994003012,-0.0115080109907743,211.998992919922,51.0662727355957,27.6579742431641,-0.145821819177858
7666,1,2025,2.491563,39.566979,1,0.546050700076092,-0.0116002990822091,211.998992919922,51.0662727355957,27.6579742431641,-0.146105456423988
7667,2,2025,2.491563,39.566979,1,0.545874743082803,-0.0115451736207836,211.998992919922,51.0662727355957,27.6579742431641,-0.145933280422158
7668,2,2025,2.000359,39.757585,1,0.697592541307952,-0.0256920450886411,185.63250093309,51.5773696899414,28.3406276702881,-0.1859758810986
7669,2,2025,2.184596,39.041427,1,0.517477859508005,-0.0383928118264208,151.050247192383,49.5706787109375,28.3710041046143,-0.123867691004714
7670,2,2025,2.491563,39.566979,1,0.545877808961915,-0.0115395416777027,211.998992919922,51.0662727355957,27.6579742431641,-0.145908446311471
7671,2,2025,2.491563,39.566979,1,0.545767638572669,-0.0115195099696826,211.998992919922,51.0662727355957,27.6579742431641,-0.145861975910143
7672,2,2025,2.065769,39.011855,1,0.480232178590754,-0.0278238517777931,139.619186401367,49.5680198669434,28.4711265563965,-0.12051758256984
7673,3,2025,2.184596,39.041427,1,0.517218108170379,-0.0383586731180035,151.050247192383,49.5706787109375,28.3710041046143,-0.123806778577714
7674,5,2025,2.000359,39.757585,1,0.697534270345484,-0.0256861599109379,185.627769387722,51.5773696899414,28.3406276702881,-0.186002481499787
7675,5,2025,2.065769,39.011855,1,0.480192875222872,-0.0278274526328255,139.619186401367,49.5680198669434,28.4711265563965,-0.120469029622592
7676,5,2025,2.23678,40.729411,1,0.497339825704957,-0.00590840771853064,324.966033935547,53.0561180114746,28.1905155181885,-0.182639463341877
7677,5,2025,2.294576,39.560464,1,0.575278488713295,-0.0184944741155583,192.266174316406,50.8357315063477,28.0389652252197,-0.184534393194635
7678,5,2025,2.181751,39.279666,1,0.555959649507262,-0.0331118294123244,176.938278198242,50.1549873352051,28.31325340271,-0.163372776635328
7679,5,2025,2.181751,39.279666,1,0.555877715608111,-0.0330886768466375,176.938278198242,50.1549873352051,28.31325340271,-0.163361419516227
7680,5,2025,2.181751,39.279666,1,0.555978424426536,-0.0331200289824223,176.938278198242,50.1549873352051,28.31325340271,-0.163369263617806
7681,5,2025,2.065769,39.011855,1,0.480247275307783,-0.0278136414410432,139.619186401367,49.5680198669434,28.4711265563965,-0.120544640407738
7682,5,2025,2.480278,39.610559,1,0.56006832331444,-0.011261149572112,240.495864868164,51.0662727355957,27.6579742431641,-0.222345322242457
7683,5,2025,2.480278,39.610559,1,0.559927462404201,-0.0112372306467357,240.495864868164,51.0662727355957,27.6579742431641,-0.222255869153582
7684,5,2025,2.493004179,39.56663782,1,0.542151859630136,-0.0103323543772005,212.872503149821,51.0662727355957,27.6579742431641,-0.140635286982723
7685,5,2025,1.349815,39.570582,1,0.672206143127449,-0.0499985255319145,183.14794037833,51.5405228072866,28.6891540473862,-0.167344457154777
7686,5,2025,2.491563,39.566979,1,0.545772791821442,-0.0115205801182223,211.998992919922,51.0662727355957,27.6579742431641,-0.145864680751956
7687,5,2025,2.184596,39.041427,1,0.517583659508947,-0.0384049318905243,151.050247192383,49.5706787109375,28.3710041046143,-0.123908964078607
7688,5,2025,2.491563,39.566979,1,0.545821050419016,-0.0115028023717324,211.998992919922,51.0662727355957,27.6579742431641,-0.145773209053806
7689,5,2025,2.000359,39.757585,1,0.696374148540029,-0.0255502708839558,185.617356940607,51.5773696899414,28.3406276702881,-0.185817009021601
7690,5,2025,2.491563,39.566979,1,0.545802237725966,-0.0115211723323276,211.998992919922,51.0662727355957,27.6579742431641,-0.145856576257207
7691,3,2025,2.294576,39.560464,1,0.575327659225,-0.018480568762925,192.266174316406,50.8357315063477,28.0389652252197,-0.184537413631606
7692,3,2025,2.065769,39.011855,1,0.480224119502626,-0.0278255717799886,139.619186401367,49.5680198669434,28.4711265563965,-0.120506705688053
7696,4,2025,1.905652,39.796338,1,0.496878198888121,-0.0116692982719377,176.443170861695,51.5878829956055,28.4540672302246,-0.148683394199804
7700,4,2025,2.491563,39.566979,1,0.545834986346023,-0.0115272450580924,211.998992919922,51.0662727355957,27.6579742431641,-0.145871027596148
7703,4,2025,2.139834,39.296159,1,0.546338694600727,-0.0200896127264746,172.791687011719,50.2126274108887,28.4216079711914,-0.168779819156072
7704,4,2025,2.065769,39.011855,1,0.480327179987362,-0.0278077783106266,139.619186401367,49.5680198669434,28.4711265563965,-0.120641667054603
7705,4,2025,1.756988431,40.05932098,1,0.567993681682985,-0.0269494814752228,250.432037353516,52.3743057250977,28.5080795288086,-0.152375419109657
7707,4,2025,2.139834,39.296159,1,0.546430771017174,-0.020116528676196,172.791687011719,50.2126274108887,28.4216079711914,-0.168842301356714
7708,4,2025,2.065769,39.011855,1,0.480306965640609,-0.0278152957733785,139.619186401367,49.5680198669434,28.4711265563965,-0.120611404680483
7711,4,2025,1.977994614,39.96280863,1,0.596245948291586,-0.0199400254294758,210.122253417969,52.37548828125,28.1607322692871,-0.19842511146782
7713,4,2025,2.492491,39.567556,1,0.546325979188087,-0.0110942002428178,211.998992919922,51.0662727355957,27.6579742431641,-0.144394156486839
7714,4,2025,2.294576,39.560464,1,0.575117010775132,-0.0184609732557474,192.266174316406,50.8357315063477,28.0389652252197,-0.184418025901119
7715,4,2025,1.905652,39.796338,1,0.496912838799764,-0.011679427332031,176.441182562007,51.5878829956055,28.4540672302246,-0.148708048285574
7716,4,2025,2.139834,39.296159,1,0.546327253280156,-0.0200439687527841,172.791687011719,50.2126274108887,28.4216079711914,-0.168743315788375
7718,4,2025,2.294576,39.560464,1,0.575414207195261,-0.0184950483585084,192.266174316406,50.8357315063477,28.0389652252197,-0.184595063341584
7719,4,2025,2.480278,39.610559,1,0.560111660042847,-0.011259830535924,240.495864868164,51.0662727355957,27.6579742431641,-0.222324813892123
7720,4,2025,2.139834,39.296159,1,0.546365687360585,-0.0200937705150728,172.791687011719,50.2126274108887,28.4216079711914,-0.168795553940979
7722,4,2025,2.139834,39.296159,1,0.546393721710851,-0.0201096236427638,172.791687011719,50.2126274108887,28.4216079711914,-0.1688199415935
7727,4,2025,2.491563,39.566979,1,0.545714577967758,-0.0114685517681158,211.998992919922,51.0662727355957,27.6579742431641,-0.145663619567789
7729,5,2025,2.492491,39.567556,1,0.546454810760929,-0.0111723220183483,211.998992919922,51.0662727355957,27.6579742431641,-0.144643498568909
7730,4,2025,2.065769,39.011855,1,0.480321977374447,-0.02781155591539,139.619186401367,49.5680198669434,28.4711265563965,-0.120632121674524
7732,5,2025,1.749036,40.059081,1,0.58946172301409,-0.0330322343952567,258.988080754369,52.1754619032637,28.6683355124158,-0.139190916017082
7733,5,2025,2.139834,39.296159,1,0.546427785499384,-0.0201068394923389,172.791687011719,50.2126274108887,28.4216079711914,-0.168834099222674
7734,4,2025,1.748559978,40.05864372,1,0.589147028067717,-0.0334552036723446,259.600056564308,52.1612394872219,28.6797979116546,-0.137187927417824
7735,4,2025,1.756988431,40.05932098,1,0.568018893053532,-0.0269367352223634,250.432037353516,52.3743057250977,28.5080795288086,-0.152448264374919
7736,4,2025,2.065769,39.011855,1,0.480272016885134,-0.0278233506255348,139.619186401367,49.5680198669434,28.4711265563965,-0.120563783048688
7737,4,2025,2.065769,39.011855,1,0.48023108559356,-0.027824043644312,139.619186401367,49.5680198669434,28.4711265563965,-0.120516146570297
7738,4,2025,2.139834,39.296159,1,0.546473708394091,-0.0201308144442343,172.791687011719,50.2126274108887,28.4216079711914,-0.168872600920474
7739,4,2025,2.329186,38.946812,1,0.494138379175627,-0.0401738014896427,180.717454588105,49.2448393681798,28.404318457159,-0.133071681206531
7740,4,2025,2.329186,38.946812,1,0.494388324350541,-0.0402054160640294,180.797360391757,49.2470830678559,28.4031169355146,-0.133105308228373
7742,4,2025,2.329186,38.946812,1,0.494386294785704,-0.0402025975646172,180.80558076653,49.2473138902915,28.4029933279947,-0.133111256070362
7743,4,2025,2.329186,38.946812,1,0.494089423375583,-0.0401626840682198,180.718807678301,49.2448773620162,28.404298111113,-0.133077090502538
7744,2,2025,2.47243404,39.70930956,1,0.54710533997368,-0.0176679895952369,238.035079956055,51.3350372314453,27.5433464050293,-0.186626283651907
7745,2,2025,2.612062,39.584162,1,0.5541803146731,-0.0119258395155657,228.942459106445,51.2925338745117,27.4707832336426,-0.194008798876628
7746,2,2025,2.184596,39.041427,1,0.517402419618375,-0.0383844147295034,151.050247192383,49.5706787109375,28.3710041046143,-0.123836050299589
7747,2,2025,2.184596,39.041427,1,0.517379472477652,-0.0383835437336984,151.050247192383,49.5706787109375,28.3710041046143,-0.123810966599015
7748,2,2025,2.491563,39.566979,1,0.546017412524499,-0.0115959552158963,211.998992919922,51.0662727355957,27.6579742431641,-0.146098495268791
7749,2,2025,2.493004179,39.56663782,1,0.542067242734828,-0.0103018193843013,212.84164988247,51.0662727355957,27.6579742431641,-0.140550413775864
7751,2,2025,2.493004179,39.56663782,1,0.541960696524018,-0.0103604644837605,213.036313058405,51.0662727355957,27.6579742431641,-0.140548769573869
7752,2,2025,2.493004179,39.56663782,1,0.542043988239249,-0.0102391223323867,212.702263530028,51.0662727355957,27.6579742431641,-0.140468266735447
7753,2,2025,2.493389,39.724522,1,0.542058434890642,-0.0140912534251186,239.075196760777,51.3350372314453,27.5433464050293,-0.204600309287177
7754,2,2025,2.184596,39.041427,1,0.517434780074778,-0.0383825773211189,151.050247192383,49.5706787109375,28.3710041046143,-0.123899529591736
7755,2,2025,1.769305,40.09415,1,0.619797605541802,-0.0218661516763336,250.432037353516,52.3743057250977,28.5080795288086,-0.218100635820502
7756,2,2025,2.184596,39.041427,1,0.517156530478036,-0.0383539271157643,151.050247192383,49.5706787109375,28.3710041046143,-0.123761736135733
7757,2,2025,2.294576,39.560464,1,0.57536569021876,-0.0184713177334445,192.266174316406,50.8357315063477,28.0389652252197,-0.18454183129171
7758,2,2025,2.493004179,39.56663782,1,0.54200631003262,-0.0102241790401777,212.685410289189,51.0662727355957,27.6579742431641,-0.140429002142268
7762,3,2025,2.491563,39.566979,1,0.545716969083545,-0.0114748513376206,211.998992919922,51.0662727355957,27.6579742431641,-0.14568925745614
7764,3,2025,2.491563,39.566979,1,0.545961970916701,-0.0115745342018787,211.998992919922,51.0662727355957,27.6579742431641,-0.146027307915408
7765,3,2025,2.491563,39.566979,1,0.54582538723942,-0.0115327532590196,211.998992919922,51.0662727355957,27.6579742431641,-0.14589780134714
7766,3,2025,2.491563,39.566979,1,0.545826676098941,-0.0115151315890789,211.998992919922,51.0662727355957,27.6579742431641,-0.14582280135082
7767,3,2025,2.491563,39.566979,1,0.545978831026235,-0.0115813020513699,211.998992919922,51.0662727355957,27.6579742431641,-0.146050045703467
7768,3,2025,2.491563,39.566979,1,0.545767651081233,-0.0115211715745982,211.998992919922,51.0662727355957,27.6579742431641,-0.145869161397952
7769,3,2025,1.769305,40.09415,1,0.619784030503711,-0.021855540038025,250.432037353516,52.3743057250977,28.5080795288086,-0.218137779418051
7770,3,2025,1.769305,40.09415,1,0.619826386113237,-0.0218924837453815,250.432037353516,52.3743057250977,28.5080795288086,-0.218041572554732
7771,3,2025,2.491563,39.566979,1,0.545778181351901,-0.0115195957763566,211.998992919922,51.0662727355957,27.6579742431641,-0.145858451645915
7773,3,2025,2.491563,39.566979,1,0.546105974777731,-0.0116199694661293,211.998992919922,51.0662727355957,27.6579742431641,-0.146169132069219
7776,3,2025,2.000359,39.757585,1,0.697682071310265,-0.0256992208458707,185.647627329407,51.5773696899414,28.3406276702881,-0.18586802165239
7777,3,2025,2.491563,39.566979,1,0.5460247400433,-0.0115913470595078,211.998992919922,51.0662727355957,27.6579742431641,-0.146076689088891
7778,3,2025,2.184596,39.041427,1,0.51740073190513,-0.0383787949640958,151.050247192383,49.5706787109375,28.3710041046143,-0.12388517319096
7779,3,2025,2.491563,39.566979,1,0.546071967908344,-0.0116071333557682,211.998992919922,51.0662727355957,27.6579742431641,-0.146126918698759
7780,3,2025,2.065769,39.011855,1,0.480254856723533,-0.0278275055393973,139.619186401367,49.5680198669434,28.4711265563965,-0.120540210570772
7781,3,2025,1.7809,40.045038,1,0.612578696404411,-0.0184016844142262,241.784738479102,52.1704776704418,28.5366444668768,-0.22788429695435
7782,3,2025,2.491563,39.566979,1,0.545636467912844,-0.0114564782162828,211.998992919922,51.0662727355957,27.6579742431641,-0.145638222042117
7783,3,2025,1.624521,39.717982,1,0.602010433179449,-0.0205069435962097,178.595230102539,51.5978546142578,28.6942291259766,-0.227569814853313
7784,3,2025,2.065769,39.011855,1,0.480269620892723,-0.0278132276292807,139.619186401367,49.5680198669434,28.4711265563965,-0.120570618948602
7785,3,2025,2.491563,39.566979,1,0.545676161310337,-0.0114591814440457,211.998992919922,51.0662727355957,27.6579742431641,-0.145636515092879
7786,3,2025,2.23678,40.729411,1,0.497344038481557,-0.00590389772023627,324.966033935547,53.0561180114746,28.1905155181885,-0.182678144145769
7787,3,2025,2.79094,39.502341,1,0.535221450901576,-0.0158445248763147,259.903557962511,50.7261581420898,27.5591163635254,-0.146374085237849
7788,3,2025,2.491563,39.566979,1,0.545831492099617,-0.0115246863058288,211.998992919922,51.0662727355957,27.6579742431641,-0.145861397787404
7789,3,2025,2.000359,39.757585,1,0.697431328332006,-0.0256738014838775,185.628025244347,51.5773696899414,28.3406276702881,-0.185975975334977
7791,3,2025,2.996756,39.316857,1,0.533645378652524,0.00132588030453797,349.6756133915,50.5376739501953,27.0519790649414,-0.136722703139225
7792,3,2025,2.181751,39.279666,1,0.556054817790196,-0.0331281756113346,176.938278198242,50.1549873352051,28.31325340271,-0.163408553802968
7793,3,2025,2.491563,39.566979,1,0.545995129561348,-0.0115804467419172,211.998992919922,51.0662727355957,27.6579742431641,-0.146040951945326
7794,3,2025,1.905652,39.796338,1,0.496917602861913,-0.0116227453743753,176.445408914758,51.5878829956055,28.4540672302246,-0.148688316102669
7796,3,2025,2.294576,39.560464,1,0.575046657993489,-0.0184480460627526,192.266174316406,50.8357315063477,28.0389652252197,-0.184369601660639
7797,3,2025,2.491563,39.566979,1,0.545934697763035,-0.0115692648834418,211.998992919922,51.0662727355957,27.6579742431641,-0.146014497341903
7798,3,2025,2.065769,39.011855,1,0.480257136519054,-0.0278115036091343,139.619186401367,49.5680198669434,28.4711265563965,-0.120557993789943
7799,3,2025,2.493389,39.724522,1,0.542116292155335,-0.0141012875649277,239.042921872524,51.3350372314453,27.5433464050293,-0.204606205383583
7800,3,2025,1.951128,40.838567,1,0.505035581848155,-0.0165688972343696,365.141696993046,53.0057178437567,28.6537393480261,-0.154782730659054
7801,3,2025,2.184596,39.041427,1,0.517290119400198,-0.038362907366721,151.050247192383,49.5706787109375,28.3710041046143,-0.123871507187447
7803,3,2025,2.491563,39.566979,1,0.545862590359689,-0.0115328057620278,211.998992919922,51.0662727355957,27.6579742431641,-0.145885189225694
7804,3,2025,2.491563,39.566979,1,0.545705775260098,-0.0114859215825319,211.998992919922,51.0662727355957,27.6579742431641,-0.145739952725604
7805,3,2025,2.000359,39.757585,1,0.697513067420881,-0.0256816266196161,185.636388521522,51.5773696899414,28.3406276702881,-0.18592395491303
7806,3,2025,2.181751,39.279666,1,0.555961306888195,-0.0331113289241267,176.938278198242,50.1549873352051,28.31325340271,-0.163375057927853
7807,3,2025,2.184596,39.041427,1,0.517206991914526,-0.0383551638498631,151.050247192383,49.5706787109375,28.3710041046143,-0.123822903356993
7808,3,2025,2.996756,39.316857,1,0.533291077022466,0.00130451011604349,349.591109192474,50.5376739501953,27.0519790649414,-0.136622300887962
7809,3,2025,2.181751,39.279666,1,0.556130098807175,-0.0331509743343366,176.938278198242,50.1549873352051,28.31325340271,-0.163415574308596
7810,3,2025,2.181751,39.279666,1,0.5560016776167,-0.0331245931039316,176.938278198242,50.1549873352051,28.31325340271,-0.163376694918835
7812,3,2025,2.491563,39.566979,1,0.545774960337265,-0.0115183773899345,211.998992919922,51.0662727355957,27.6579742431641,-0.145854387292475
7814,3,2025,2.996756,39.316857,1,0.533550725145455,0.00131002276526203,349.729843531329,50.5376739501953,27.0519790649414,-0.136643910731355
7815,3,2025,1.977994614,39.96280863,1,0.596189789683593,-0.019912225708171,210.122253417969,52.37548828125,28.1607322692871,-0.198424922516783
7816,3,2025,2.065769,39.011855,1,0.480254650221535,-0.0278202169788666,139.619186401367,49.5680198669434,28.4711265563965,-0.120546803874276
7817,5,2025,1.624521,39.717982,1,0.601859910292022,-0.0204868537416274,178.595230102539,51.5978546142578,28.6942291259766,-0.227480938538869
7818,3,2025,2.181751,39.279666,1,0.556082970806686,-0.0331341175865894,176.938278198242,50.1549873352051,28.31325340271,-0.16341683097836
7822,3,2025,1.349815,39.570582,1,0.672098215870187,-0.0500133117071719,183.140687511635,51.5406124333364,28.6893338517386,-0.167244176109183
7824,4,2025,2.491563,39.566979,1,0.546034114452478,-0.0115937856224004,211.998992919922,51.0662727355957,27.6579742431641,-0.146083767560876
7825,3,2025,2.493004179,39.56663782,1,0.542015674725932,-0.0102594535107141,212.765667498814,51.0662727355957,27.6579742431641,-0.140472947543832
7826,3,2025,2.47243404,39.70930956,1,0.546855514485869,-0.0176526430259589,238.035079956055,51.3350372314453,27.5433464050293,-0.186635577597225
7828,3,2025,2.491563,39.566979,1,0.546068161006924,-0.0115985400987882,211.998992919922,51.0662727355957,27.6579742431641,-0.146092510421241
7829,3,2025,2.184596,39.041427,1,0.517636738208793,-0.0384094828220729,151.050247192383,49.5706787109375,28.3710041046143,-0.123943767494171
7830,4,2025,2.493004179,39.56663782,1,0.541990186711237,-0.0103235859958503,212.932913371407,51.0662727355957,27.6579742431641,-0.14052683510623
7831,3,2025,2.493004179,39.56663782,1,0.54185690309134,-0.0102401373329113,212.799537317994,51.0662727355957,27.6579742431641,-0.140354810256622
7832,4,2025,2.493004179,39.56663782,1,0.542134556670864,-0.0103642620312828,212.958223018125,51.0662727355957,27.6579742431641,-0.140659250037714
7833,4,2025,2.491563,39.566979,1,0.545957047684637,-0.0115627323134818,211.998992919922,51.0662727355957,27.6579742431641,-0.14597947461918
7834,4,2025,2.184596,39.041427,1,0.51761073264708,-0.0384097811455802,151.050247192383,49.5706787109375,28.3710041046143,-0.123903445120492
7835,4,2025,2.184596,39.041427,1,0.517573457165616,-0.0384088933221593,151.050247192383,49.5706787109375,28.3710041046143,-0.123857727961325
7836,4,2025,2.493004179,39.56663782,1,0.542119387438874,-0.0103785852307391,213.000380684045,51.0662727355957,27.6579742431641,-0.140665482134597
7837,4,2025,2.612062,39.584162,1,0.554187593669221,-0.0119212012942185,228.942459106445,51.2925338745117,27.4707832336426,-0.194000763774153
7838,4,2025,2.491563,39.566979,1,0.545851261683787,-0.0115107251051655,211.998992919922,51.0662727355957,27.6579742431641,-0.145796812233758
7839,4,2025,1.769305,40.09415,1,0.619809243946832,-0.0219075010716181,250.432037353516,52.3743057250976,28.5080795288086,-0.218237448101256
7841,4,2025,2.480498,39.611643,1,0.556869168685327,-0.0110447687339796,240.495864868164,51.0662727355957,27.6579742431641,-0.221905586903529
7842,4,2025,2.491563,39.566979,1,0.545909336929072,-0.0115670812373716,211.998992919922,51.0662727355957,27.6579742431641,-0.146014284284533
7843,4,2025,2.184596,39.041427,1,0.517198564876545,-0.0383597668270834,151.050247192383,49.5706787109375,28.3710041046143,-0.123768670894104
7844,4,2025,2.184596,39.041427,1,0.517374844045925,-0.0383826441262761,151.050247192383,49.5706787109375,28.3710041046143,-0.123812561033147
7845,4,2025,2.493004179,39.56663782,1,0.542098331918137,-0.0104095401941561,213.085484905485,51.0662727355957,27.6579742431641,-0.140686138355586
7848,4,2025,2.493004179,39.56663782,1,0.54208015264338,-0.0103644183531782,212.985963181988,51.0662727355957,27.6579742431641,-0.140626128644885
7849,4,2025,2.493004179,39.56663782,1,0.541974540413075,-0.0102621573016329,212.793019116201,51.0662727355957,27.6579742431641,-0.140450690487729
7850,4,2025,2.448237811,39.58220025,1,0.558769345749388,-0.0248457827319097,202.940109887716,50.8504802333978,27.8858376189978,-0.181269458832302
7851,4,2025,2.065769,39.011855,1,0.480304775173884,-0.0278024642655588,139.619186401367,49.5680198669434,28.4711265563965,-0.120621219045897
7852,3,2025,2.17634,40.390738,1,0.473367967867674,-0.00862566913403015,307.064605712891,53.4074096679688,27.7020587921143,-0.167951753168517
7853,3,2025,1.624521,39.717982,1,0.601933216088835,-0.0204942665709296,178.595230102539,51.5978546142578,28.6942291259766,-0.227500193761475
7854,3,2025,2.065769,39.011855,1,0.480200187118734,-0.0278233389291949,139.619186401367,49.5680198669434,28.4711265563965,-0.120481341465079
7855,3,2025,2.000359,39.757585,1,0.696692441483859,-0.0255818982080851,185.641822178055,51.5773696899414,28.3406276702881,-0.185683935358959
7859,5,2025,2.491563,39.566979,1,0.545910367544006,-0.011560522886388,211.998992919922,51.0662727355957,27.6579742431641,-0.145985956119258
7861,5,2025,2.065769,39.011855,1,0.480257236236633,-0.027802119115824,139.619186401367,49.5680198669433,28.4711265563965,-0.120567303472436
7862,5,2025,2.79094,39.502341,1,0.535276943635645,-0.0158510064954125,259.892122606659,50.7261581420898,27.5591163635254,-0.146412934776601
7863,5,2025,2.491563,39.566979,1,0.545792499542927,-0.011530862244163,211.998992919922,51.0662727355957,27.6579742431641,-0.145901761201341
7864,5,2025,2.996756,39.316857,1,0.533155417982462,0.00129889175707431,349.538973468787,50.5376739501953,27.0519790649414,-0.136597412888673
7867,5,2025,2.527235,40.714721,1,0.514488238847555,-0.0178447633911604,271.941528320312,52.9048805236816,27.9885578155518,-0.190879294073974
7868,5,2025,2.000359,39.757585,1,0.697691260446434,-0.0257005801328204,185.646563089319,51.5773696899414,28.3406276702881,-0.185879262469967
7869,5,2025,2.491563,39.566979,1,0.546051598504008,-0.0115976064682179,211.998992919922,51.0662727355957,27.6579742431641,-0.146093951314902
7870,5,2025,2.065769,39.011855,1,0.480355115267405,-0.0278040977274465,139.619186401367,49.5680198669434,28.4711265563965,-0.120677091106355
7871,5,2025,2.065769,39.011855,1,0.480274146029343,-0.0278072696236335,139.619186401367,49.5680198669434,28.4711265563965,-0.120581554701188
7873,5,2025,1.349815,39.570582,1,0.67221821296843,-0.0499750160905565,183.160718132265,51.5403649083954,28.6888372766708,-0.167392169856369
7874,5,2025,2.480278,39.610559,1,0.559731879280184,-0.0112253423126446,240.495864868164,51.0662727355957,27.6579742431641,-0.222249980811636
7875,5,2025,1.624521,39.717982,1,0.601954314610818,-0.0204972359096172,178.595230102539,51.5978546142578,28.6942291259766,-0.227514161075697
7877,5,2025,1.977994614,39.96280863,1,0.596204306175926,-0.0199113454822116,210.122253417969,52.37548828125,28.1607322692871,-0.198411913506288
7878,5,2025,2.491563,39.566979,1,0.546041771417283,-0.0115915804961105,211.998992919922,51.0662727355957,27.6579742431641,-0.146072105784107
7879,5,2025,2.491563,39.566979,1,0.54586621058402,-0.0115227254423683,211.998992919922,51.0662727355957,27.6579742431641,-0.145841905413801
7880,5,2025,2.480278,39.610559,1,0.55982032774099,-0.0112395588084947,240.495864868164,51.0662727355957,27.6579742431641,-0.222301378817839
7881,5,2025,2.491563,39.566979,1,0.546097011650707,-0.0116169784200111,211.998992919922,51.0662727355957,27.6579742431641,-0.146159644484386
7882,5,2025,2.181751,39.279666,1,0.556074091085381,-0.0331434197621958,176.938278198242,50.1549873352051,28.31325340271,-0.163390105638275
7883,5,2025,2.000359,39.757585,1,0.697576220484882,-0.0256893513513513,185.635698652087,51.5773696899414,28.3406276702881,-0.185944750827381
7885,5,2025,2.17634,40.390738,1,0.473261425645168,-0.00861737450990521,307.064605712891,53.4074096679688,27.7020587921143,-0.167929628553196
7888,5,2025,2.491563,39.566979,1,0.546048171798994,-0.0116049646593652,211.998992919922,51.0662727355957,27.6579742431641,-0.146125822707766
7889,5,2025,2.294576,39.560464,1,0.575069901425029,-0.0184611419586179,192.266174316406,50.8357315063477,28.0389652252197,-0.184397394286861
7890,5,2025,2.491563,39.566979,1,0.545774690255362,-0.0115128870054282,211.998992919922,51.0662727355957,27.6579742431641,-0.145830936441499
7891,5,2025,2.491563,39.566979,1,0.545797731490082,-0.0115296856151622,211.998992919922,51.0662727355957,27.6579742431641,-0.145894714177789
7892,5,2025,2.996756,39.316857,1,0.533653438328545,0.00131483672055541,349.764537071278,50.5376739501953,27.0519790649414,-0.136666237738233
7893,5,2025,2.491563,39.566979,1,0.545811439745193,-0.011509362326698,211.998992919922,51.0662727355957,27.6579742431641,-0.145803562951379
7896,5,2025,2.996756,39.316857,1,0.533631195074632,0.0013232886908744,349.685300388082,50.5376739501953,27.0519790649414,-0.136709872110439
7897,5,2025,2.065769,39.011855,1,0.480276451550341,-0.0278140419582311,139.619186401367,49.5680198669434,28.4711265563965,-0.120577658216524
7898,5,2025,1.349815,39.570582,1,0.672348990697172,-0.0500620517440528,183.112047906157,51.5409663423235,28.69004385041,-0.167338174900579
7899,5,2025,2.181751,39.279666,1,0.5558602224029,-0.0330786099096948,176.938278198242,50.1549873352051,28.31325340271,-0.163369858077163
7900,5,2025,2.065769,39.011855,1,0.48026859772785,-0.0278174867800785,139.619186401367,49.5680198669434,28.4711265563965,-0.120565381195686
7901,5,2025,2.491563,39.566979,1,0.545850380821337,-0.0115449266393584,211.998992919922,51.0662727355957,27.6579742431641,-0.14594088980538
7903,4,2025,4.069899,41.000034,1,0.609900321549571,-0.0255420546544734,201.804409360422,47.8980941772461,28.1847248077393,-0.18003162661342
7904,4,2025,1.984047,39.258248,1,0.544044935535037,-0.0326497627760689,156.95637512207,50.2903442382812,28.5029850006104,-0.187968080154152
7905,4,2025,1.984047,39.258248,1,0.544181986435358,-0.0326582061483701,156.95637512207,50.2903442382813,28.5029850006104,-0.187899931063804
7906,4,2025,1.748559978,40.05864372,1,0.589288694508007,-0.033483399135775,259.645443855062,52.1601846793004,28.6806480224573,-0.137146164984297
7908,4,2025,2.065769,39.011855,1,0.480207838781092,-0.0278180829784459,139.619186401367,49.5680198669434,28.4711265563965,-0.120495169596846
7909,4,2025,2.491563,39.566979,1,0.54591014017234,-0.0115541513061375,211.998992919922,51.0662727355957,27.6579742431641,-0.145959076538294
7910,4,2025,2.23678,40.729411,1,0.497336979615255,-0.00589900216234905,324.966033935547,53.0561180114746,28.1905155181885,-0.182689369465017
7911,4,2025,1.349815,39.570582,1,0.672796058009335,-0.050000342284234,183.142336402979,51.5405920574459,28.6892929744066,-0.167754664622834
7912,4,2025,1.624521,39.717982,1,0.601778941719507,-0.0204779052317718,178.595230102539,51.5978546142578,28.6942291259766,-0.22745187404407
7914,4,2025,1.748559978,40.05864372,1,0.588951900527866,-0.0334199406534418,259.542778496733,52.1625706387052,28.6787250848084,-0.137230378764324
7915,4,2025,2.17634,40.390738,1,0.47331931717761,-0.00862346539828562,307.064605712891,53.4074096679688,27.7020587921143,-0.167936865573071
7916,4,2025,2.480498,39.611643,1,0.55682947589904,-0.0110415154644565,240.495864868164,51.0662727355957,27.6579742431641,-0.221890019233916
7917,4,2025,1.630118,39.720015,1,0.621813919428992,-0.022964380658747,178.595230102539,51.5978546142578,28.6942291259766,-0.233275001637862
7918,4,2025,1.349815,39.570582,1,0.672680531176877,-0.05008042318123,183.099420035544,51.5411223890574,28.6903569053982,-0.167538784436789
7919,4,2025,2.491563,39.566979,1,0.546013198044515,-0.011569995585051,211.998992919922,51.0662727355957,27.6579742431641,-0.145991953055898
7920,4,2025,2.527235,40.714721,1,0.514280280328124,-0.0178352567718362,271.941528320312,52.9048805236816,27.9885578155518,-0.190804207010489
7921,4,2025,2.480498,39.611643,1,0.556747114604104,-0.0110293260748215,240.495864868164,51.0662727355957,27.6579742431641,-0.221851085002725
7922,4,2025,2.065769,39.011855,1,0.480217394922262,-0.0278143350600319,139.619186401367,49.5680198669434,28.4711265563965,-0.120509753291683
7923,4,2025,1.624521,39.717982,1,0.601880006103023,-0.0204976834398092,178.595230102539,51.5978546142578,28.6942291259766,-0.227568363005354
7924,4,2025,1.748559978,40.05864372,1,0.589274683975447,-0.0334537300106079,259.601596249062,52.1612037047011,28.6798267501824,-0.137261430121402
7925,4,2025,1.349815,39.570582,1,0.672486602209875,-0.0500364972031189,183.124964921028,51.5408067225392,28.6897236273049,-0.167477226898781
7926,4,2025,1.624521,39.717982,1,0.601856679152665,-0.0204951842179424,178.595230102539,51.5978546142578,28.6942291259766,-0.2275599270521
7927,4,2025,2.065769,39.011855,1,0.48024074809107,-0.0278132137196186,139.619186401367,49.5680198669434,28.4711265563965,-0.120537581546491
7928,4,2025,2.065769,39.011855,1,0.480258592915607,-0.027805704468122,139.619186401367,49.5680198669434,28.4711265563965,-0.120565314116758
7929,4,2025,2.181751,39.279666,1,0.55606578422832,-0.033137470501572,176.938278198242,50.1549873352051,28.31325340271,-0.163396664446472
7930,4,2025,2.491563,39.566979,1,0.546019257082193,-0.0115727714904604,211.998992919922,51.0662727355957,27.6579742431641,-0.146001516257729
7932,4,2025,1.977994614,39.96280863,1,0.596212730428319,-0.0199549698483376,210.122253417969,52.37548828125,28.1607322692871,-0.198476089607391
7933,4,2025,2.491563,39.566979,1,0.545831757290317,-0.0115373537835817,211.998992919922,51.0662727355957,27.6579742431641,-0.145915197840626
7934,4,2025,1.349815,39.570582,1,0.672956622681158,-0.0499787876597476,183.152873387021,51.5404618484822,28.6890317541647,-0.167903591520413
7937,4,2025,1.74451,40.059282,1,0.622640480477634,-0.0336508444319073,261.194366455078,52.1241874694824,28.709659576416,-0.152372528590247
7938,4,2025,2.23678,40.729411,1,0.497245233184952,-0.00587077919699436,324.966033935547,53.0561180114746,28.1905155181885,-0.182621167905727
7939,4,2025,2.065769,39.011855,1,0.480368590109704,-0.0277988381791987,139.619186401367,49.5680198669434,28.4711265563965,-0.120697519488846
7940,4,2025,2.065769,39.011855,1,0.480365512402003,-0.0277984292989265,139.619186401367,49.5680198669434,28.4711265563965,-0.12069440770821
7941,4,2025,1.748559978,40.05864372,1,0.58935448501135,-0.0334571811713474,259.608962526789,52.1610325112245,28.6799647216754,-0.137289217373826
7942,4,2025,2.065769,39.011855,1,0.480299787676116,-0.0278027367391592,139.619186401367,49.5680198669434,28.4711265563965,-0.120615260895003
7944,4,2025,2.491563,39.566979,1,0.545773228645144,-0.0115132816166042,211.998992919922,51.0662727355957,27.6579742431641,-0.145833144649314
7946,4,2025,1.349815,39.570582,1,0.673004769800796,-0.0500090497673149,183.135944748739,51.5406710412112,28.6894514286151,-0.16788602994373
7947,4,2025,1.349815,39.570582,1,0.672277424253901,-0.0500205323231098,183.135334693661,51.5406785798617,28.6894665523672,-0.167357615749393
7948,4,2025,2.065769,39.011855,1,0.480273970386452,-0.0278188217011752,139.619186401367,49.5680198669434,28.4711265563965,-0.12057027501497
7949,4,2025,2.065769,39.011855,1,0.480279817239589,-0.0278068110440068,139.619186401367,49.5680198669434,28.4711265563965,-0.120588481695598
7950,4,2025,2.184596,39.041427,1,0.517483690531789,-0.0383901676593829,151.050247192383,49.5706787109375,28.3710041046143,-0.123900382891701
7951,4,2025,1.624521,39.717982,1,0.601938020587505,-0.0204946574218006,178.595230102539,51.5978546142578,28.6942291259766,-0.227500466400768
7952,4,2025,1.977994614,39.96280863,1,0.596290491000954,-0.0199366791037885,210.122253417969,52.37548828125,28.1607322692871,-0.198383956501994
7953,4,2025,2.184596,39.041427,1,0.517337036620825,-0.0383730074866989,151.050247192383,49.5706787109375,28.3710041046143,-0.123846534340733
7954,4,2025,1.977994614,39.96280863,1,0.596234390090579,-0.0199240797655747,210.122253417969,52.37548828125,28.1607322692871,-0.198408523839524
7955,4,2025,2.065769,39.011855,1,0.480329910112896,-0.0278066437346025,139.619186401367,49.5680198669434,28.4711265563965,-0.120645872415715
7956,4,2025,1.748559978,40.05864372,1,0.589450195869778,-0.0334481584221244,259.598520664074,52.1612751817899,28.6797691440116,-0.137377203231036
7957,4,2025,2.491563,39.566979,1,0.545737878184628,-0.0115000759188748,211.998992919922,51.0662727355957,27.6579742431641,-0.145789191057878
7958,4,2025,1.748559978,40.05864372,1,0.589332481350194,-0.0334354725002773,259.576529653024,52.1617862564161,28.6793572490572,-0.137367822710882
7959,4,2025,1.349815,39.570582,1,0.672848123689557,-0.0499832645301135,183.15127273032,51.5404816283215,28.6890714357215,-0.167819985698962
7960,4,2025,1.984047,39.258248,1,0.544089552254414,-0.0326587022039275,156.95637512207,50.2903442382812,28.5029850006104,-0.187962934205786
7961,4,2025,2.065769,39.011855,1,0.48023137150988,-0.0278276539843246,139.619186401367,49.5680198669434,28.4711265563965,-0.120513083896448
7962,4,2025,2.23678,40.729411,1,0.497319430728975,-0.00590136380894213,324.966033935547,53.0561180114746,28.1905155181885,-0.182628931330466
7963,4,2025,1.349815,39.570582,1,0.672318048254694,-0.0500001934318023,183.146152224134,51.5405449040938,28.6891983771555,-0.167420088197813
7965,4,2025,1.624521,39.717982,1,0.601871206698542,-0.0204982170167675,178.595230102539,51.5978546142578,28.6942291259766,-0.227578089979428
7966,4,2025,2.065769,39.011855,1,0.48021547983084,-0.0278246450481507,139.619186401367,49.5680198669434,28.4711265563965,-0.120497658441874
7967,4,2025,2.403958,40.020009,1,0.57125897006771,-0.0058942032491798,233.334411621094,52.5185585021973,27.7222957611084,-0.21257136823073
7968,4,2025,2.491563,39.566979,1,0.545956591077976,-0.0115413955917612,211.998992919922,51.0662727355957,27.6579742431641,-0.145891637559857
7969,4,2025,1.630118,39.720015,1,0.621987045563883,-0.0229924469266741,178.595230102539,51.5978546142578,28.6942291259766,-0.233304832100582
7973,2,2025,2.065769,39.011855,1,0.480248363115669,-0.0278053460357717,139.619186401367,49.5680198669434,28.4711265563965,-0.120553980291001
7976,1,2025,2.139834,39.296159,1,0.546401801455484,-0.0201075313930883,172.791687011719,50.2126274108887,28.4216079711914,-0.168822292967212
7984,1,2025,2.139834,39.296159,1,0.5464186186769,-0.0201182559716386,172.791687011719,50.2126274108887,28.4216079711914,-0.168837789990117
7985,1,2025,2.139834,39.296159,1,0.546425728462261,-0.0200905559540007,172.791687011719,50.2126274108887,28.4216079711914,-0.168821862562014
7987,1,2025,2.139834,39.296159,1,0.546332484466767,-0.0200674073916573,172.791687011719,50.2126274108887,28.4216079711914,-0.168761570628455
7989,1,2025,1.748559978,40.05864372,1,0.589115007493442,-0.0334659444958731,259.614854073382,52.1608955907361,28.6800750712319,-0.137126704088235
7994,2,2025,2.184596,39.041427,1,0.517390905129937,-0.0383830345021602,151.050247192383,49.5706787109375,28.3710041046143,-0.123832129422358
7999,1,2025,2.491563,39.566979,1,0.545877999945479,-0.0115466684990784,211.998992919922,51.0662727355957,27.6579742431641,-0.14593848773937
8000,1,2025,2.048805,39.610968,1,0.616605234551724,-0.00528059851803907,166.283308491236,51.0068067027079,28.3312386496447,-0.169919800233216
8001,1,2025,2.065769,39.011855,1,0.480193878896394,-0.0278214587902531,139.619186401367,49.5680198669434,28.4711265563965,-0.120475903310578
8002,1,2025,1.748559978,40.05864372,1,0.589109667603912,-0.0334324668424476,259.565681610359,52.1620383666687,28.6791540635816,-0.137262269558013
8004,1,2025,1.748559978,40.05864372,1,0.589454590749094,-0.0334727653053779,259.634687832243,52.160434650997,28.6804465605273,-0.137277280970842
8008,2,2025,2.294576,39.560464,1,0.575467990929848,-0.0184862115577825,192.266174316406,50.8357315063477,28.0389652252197,-0.184606927698062
8009,1,2025,2.491563,39.566979,1,0.545950460902727,-0.0115792730128971,211.998992919922,51.0662727355957,27.6579742431641,-0.146051430619372
8015,3,2025,2.065769,39.011855,1,0.480237089756962,-0.0278125303682257,139.619186401367,49.5680198669434,28.4711265563965,-0.120534056817148
8016,2,2025,1.748559978,40.05864372,1,0.589484170163893,-0.0334728293923338,259.635639982445,52.1604125228735,28.6804643944442,-0.137292557642655
8017,2,2025,2.139834,39.296159,1,0.546396611524257,-0.0200860149327663,172.791687011719,50.2126274108887,28.4216079711914,-0.168804903741997
8018,2,2025,2.139834,39.296159,1,0.546314827859385,-0.0200544394723564,172.791687011719,50.2126274108887,28.4216079711914,-0.168744322596852
8019,1,2025,2.139834,39.296159,1,0.546441130703098,-0.0201139142570643,172.791687011719,50.2126274108887,28.4216079711914,-0.168845350818121
8020,3,2025,1.748559978,40.05864372,1,0.589085981061572,-0.0334153072324378,259.539865591913,52.1626383350807,28.6786705256617,-0.137320939393985
8021,1,2025,2.139834,39.296159,1,0.546438650089218,-0.0201079469087275,172.791687011719,50.2126274108887,28.4216079711914,-0.168840007755196
8023,2,2025,2.048805,39.610968,1,0.61665864257919,-0.00524532880196705,166.337309847983,51.0060505413522,28.3305638900531,-0.169834007638713
8024,2,2025,2.492491,39.567556,1,0.546315826027192,-0.0111134086610137,211.998992919922,51.0662727355957,27.6579742431641,-0.144448164077225
8026,1,2025,2.139834,39.296159,1,0.54625092220888,-0.0200416027109522,172.791687011719,50.2126274108887,28.4216079711914,-0.168704878345282
8027,1,2025,2.491563,39.566979,1,0.545846948680139,-0.0115252784748168,211.998992919922,51.0662727355957,27.6579742431641,-0.145858735699522
8029,2,2025,2.139834,39.296159,1,0.546504361922358,-0.0201124370054658,172.791687011719,50.2126274108887,28.4216079711914,-0.168874139999749
8030,1,2025,2.491563,39.566979,1,0.545844892727542,-0.0115505089303524,211.998992919922,51.0662727355957,27.6579742431641,-0.145966965266053
8031,2,2025,2.329186,38.946812,1,0.494466515764994,-0.0402226305894577,180.796982438026,49.2470724551767,28.4031226187011,-0.133098054672556
8032,2,2025,2.065769,39.011855,1,0.480211662016591,-0.0278133973760996,139.619186401367,49.5680198669434,28.4711265563965,-0.120504102607018
8034,5,2025,2.996756,39.316857,1,0.533282696822833,0.00129063554197612,349.690550732439,50.5376739501953,27.0519790649414,-0.136551169404479
8035,5,2025,2.996756,39.316857,1,0.533528531752904,0.00130227694457108,349.773441818682,50.5376739501953,27.0519790649414,-0.136604356351053
8036,4,2025,2.996756,39.316857,1,0.533427446233715,0.00132272361768108,349.549133965178,50.5376739501953,27.0519790649414,-0.136710853582699
8044,2,2025,2.139834,39.296159,1,0.546374756069651,-0.0201025902245592,172.791687011719,50.2126274108887,28.4216079711914,-0.168806019612167
8046,1,2025,2.492491,39.567556,1,0.54628025491461,-0.0110733492555672,211.998992919922,51.0662727355957,27.6579742431641,-0.14432548864493
8047,4,2025,2.065769,39.011855,1,0.480214366085592,-0.0278272676808581,139.619186401367,49.5680198669434,28.4711265563965,-0.120493903130243
8052,3,2025,2.492491,39.567556,1,0.546313733686992,-0.0111158449218747,211.998992919922,51.0662727355957,27.6579742431641,-0.14445491679529
8053,3,2025,2.329186,38.946812,1,0.494332917275505,-0.0401950186611673,180.791391922832,49.2469154773784,28.4032066817442,-0.1331060757214
8055,3,2025,1.756988431,40.05932098,1,0.567681462422085,-0.0269915486212578,250.432037353516,52.3743057250977,28.5080795288086,-0.152369372696443
8058,3,2025,2.065769,39.011855,1,0.480274082768922,-0.0277998343675295,139.619186401367,49.5680198669434,28.4711265563965,-0.120588791577091
8059,3,2025,1.977994614,39.96280863,1,0.596212196494285,-0.0199482475250994,210.122253417969,52.37548828125,28.1607322692871,-0.198465568042385
8061,3,2025,2.065769,39.011855,1,0.480350222622377,-0.027802250837644,139.619186401367,49.5680198669434,28.4711265563965,-0.120673282018252
8062,3,2025,2.329186,38.946812,1,0.494171214846269,-0.0401647282676935,180.773744202091,49.2464199415912,28.4034720456786,-0.133108216754221
8066,2,2025,1.748559978,40.05864372,1,0.589118937981434,-0.0334215645603893,259.549982681218,52.1624032123015,28.6788600202705,-0.137312448310844
8068,1,2025,2.491563,39.566979,1,0.546019835155237,-0.0116000254323529,211.998992919922,51.0662727355957,27.6579742431641,-0.146114824615203
8069,2,2025,2.492491,39.567556,1,0.546242537719399,-0.0111085218361295,211.998992919922,51.0662727355957,27.6579742431641,-0.144421578920961
8071,1,2025,2.492491,39.567556,1,0.546265895126425,-0.0111085621928305,211.998992919922,51.0662727355957,27.6579742431641,-0.144425542966475
8072,2,2025,1.748559978,40.05864372,1,0.58913908862967,-0.0334568068269357,259.602173868928,52.1611902807227,28.6798375690896,-0.137177111355196
8073,2,2025,1.748559978,40.05864372,1,0.589058495377302,-0.0334380149169313,259.572326055508,52.161883948697,28.6792785150416,-0.137212157843678
8074,2,2025,1.977994614,39.96280863,1,0.596275158604857,-0.0199436580458306,210.122253417969,52.37548828125,28.1607322692871,-0.198407546661766
8075,1,2025,2.294576,39.560464,1,0.575028478509837,-0.0184571921172433,192.266174316406,50.8357315063477,28.0389652252197,-0.184373762662027
8076,2,2025,2.492491,39.567556,1,0.546156141709388,-0.0110503262908004,211.998992919922,51.0662727355957,27.6579742431641,-0.144236239884754
8078,1,2025,1.748559978,40.05864372,1,0.588965693484302,-0.0334506988459769,259.588211586864,52.1615147663988,28.6795760534403,-0.137110636867011
8079,1,2025,2.294576,39.560464,1,0.575318519484739,-0.0185003165787715,192.266174316406,50.8357315063477,28.0389652252197,-0.184559941771107
8080,1,2025,2.139834,39.296159,1,0.54634540490458,-0.0200860872117343,172.791687011719,50.2126274108887,28.4216079711914,-0.168780567158101
8082,3,2025,1.984047,39.258248,1,0.544062639287027,-0.0326512759524033,156.95637512207,50.2903442382812,28.5029850006104,-0.187960397293724
8085,3,2025,1.748559978,40.05864372,1,0.589165875488658,-0.033416372785495,259.543734479686,52.1625484215079,28.6787429905133,-0.137358989650576
8086,2,2025,1.748559978,40.05864372,1,0.589332189202684,-0.0334874768561298,259.65267608364,52.1600166011475,28.6807834831896,-0.137152184119437
8087,3,2025,2.139834,39.296159,1,0.546522353297546,-0.0201294309538776,172.791687011719,50.2126274108887,28.4216079711914,-0.168894444579264
8095,3,2025,2.294576,39.560464,1,0.574801261968682,-0.0184174737870876,192.266174316406,50.8357315063477,28.0389652252197,-0.184220034205606
8098,3,2025,1.748559978,40.05864372,1,0.589252517970369,-0.0334495176791494,259.594785583662,52.1613619856581,28.679699185392,-0.137267185867116
8099,3,2025,2.139834,39.296159,1,0.546364973178164,-0.0200825826698962,172.791687011719,50.2126274108887,28.4216079711914,-0.168787475757053
8102,1,2025,2.048805,39.610968,1,0.616585023675956,-0.00525728251811735,166.335184806078,51.006080297541,28.3305904429491,-0.169826429040063
8103,2,2025,2.480498,39.611643,1,0.556705128145972,-0.0110183999762894,240.495864868164,51.0662727355957,27.6579742431641,-0.221825507532911
8104,2,2025,2.139834,39.296159,1,0.546444207705625,-0.020132525485905,172.791687011719,50.2126274108887,28.4216079711914,-0.168859973141971
8106,2,2025,1.977994614,39.96280863,1,0.596199846083182,-0.0198976295421218,210.122253417969,52.37548828125,28.1607322692871,-0.198393235600704
8108,2,2025,1.756988431,40.05932098,1,0.568040472509738,-0.0269238383706691,250.432037353516,52.3743057250977,28.5080795288086,-0.152525406427815
8109,2,2025,2.492491,39.567556,1,0.546233287723776,-0.0110877062417396,211.998992919922,51.0662727355957,27.6579742431641,-0.144358927684468
8110,2,2025,1.748559978,40.05864372,1,0.589142945353358,-0.0334169415697208,259.543905098974,52.1625444562883,28.6787461862383,-0.137344432809069
8113,2,2025,2.139834,39.296159,1,0.546420003454334,-0.020119209681676,172.791687011719,50.2126274108887,28.4216079711914,-0.168839117640414
8114,2,2025,2.065769,39.011855,1,0.480297631696267,-0.0278095682710915,139.619186401367,49.5680198669434,28.4711265563965,-0.120606177417848
8115,2,2025,2.294576,39.560464,1,0.575240680600272,-0.0184887888111109,192.266174316406,50.8357315063477,28.0389652252197,-0.184510037737093
8116,3,2025,2.065769,39.011855,1,0.480280234011326,-0.0278161776484749,139.619186401367,49.5680198669434,28.4711265563965,-0.120579955553737
8125,1,2025,2.491563,39.566979,1,0.545773830028003,-0.0115205895610211,211.998992919922,51.0662727355957,27.6579742431641,-0.145864336173714
8126,3,2025,2.065769,39.011855,1,0.480296712530213,-0.0278177396109441,139.619186401367,49.5680198669434,28.4711265563965,-0.120597358971878
8129,2,2025,2.294576,39.560464,1,0.575232475545414,-0.0184549012308699,192.266174316406,50.8357315063477,28.0389652252197,-0.184461025755846
8130,2,2025,2.184596,39.041427,1,0.517439323980811,-0.0383837846731222,151.050247192383,49.5706787109375,28.3710041046143,-0.123895006745389
8131,2,2025,2.491563,39.566979,1,0.545712076137979,-0.0114920663451586,211.998992919922,51.0662727355957,27.6579742431641,-0.145764051274472
8133,2,2025,2.065769,39.011855,1,0.480216311687941,-0.0278275995551881,139.619186401367,49.5680198669434,28.4711265563965,-0.120495827113386
8134,1,2025,2.065769,39.011855,1,0.480257393267266,-0.027817814289696,139.619186401367,49.5680198669434,28.4711265563965,-0.120552229440869
8135,2,2025,2.065769,39.011855,1,0.480223755880242,-0.0278094265221582,139.619186401367,49.5680198669434,28.4711265563965,-0.120521834400898
8138,2,2025,2.491563,39.566979,1,0.545829850035722,-0.0115077911832542,211.998992919922,51.0662727355957,27.6579742431641,-0.145791193515734
26395,6,2025,3.739169,34.812856,1,0.46794797091161,-0.0376778451191051,256.636169433594,48.4293594360352,28.4524421691895,-0.0792320574055804
26496,6,2025,3.115511,35.604176,1,0.459592141733322,-0.0109648484297729,172.658279730308,45.4797286987305,29.7622680664062,-0.0615520345310812
26686,2,2025,1.179877,35.897036,1,0.311247342055086,0.0266761016870034,804.642482518392,52.3639373779297,23.088451385498,-0.0389484180288711
